runtime,in01,in02
123,-0.5,4.15
86,-0.5,8.5
49,-0.5,3
54,-0.5,4.49
64,-0.5,2
37,-0.5,2
52,-0.5,3
66,-0.5,8
75,-0.5,4.4
60,-0.5,9
95,-0.5,4
47,-0.5,4.4
89,-0.5,9
82,-0.5,4.1
79,-0.5,4.09
117,-0.5,10
66,-0.5,4.2
72,-0.5,6
63,-0.5,4.5
48,-0.5,4.01
70,-0.5,4.05
52,-0.5,4.25
55,-0.5,4
49,-0.5,4.11503
69,-0.5,10
93,-0.5,8
94,-0.5,8.8
50,-0.5,4.1
39,-0.5,4.188
87,-0.5,8
64,-0.5,2.8
6,-0.5,1
38,-0.5,2
69,-0.5,7
56,-0.5,4.09
56,-0.5,3.9
61,-0.5,4.1173
49,-0.5,4.7
82,-0.5,8
44,-0.5,4.113
47,-0.5,4.11758
140,-0.5,8
81,-0.5,8
52,-0.5,4.13365
51,-0.5,3
49,-0.5,4.113617435
72,-0.5,4.048934
53,-0.5,2.08
61,-0.5,4.5
62,-0.5,4.11356506
61,-0.5,6
50,-0.5,2.5
70,-0.5,8.5
70,-0.5,8
54,-0.5,4
49,-0.5,4.105
71,-0.5,4.115
73,-0.5,6.5
45,-0.5,2.5
67,-0.5,4.6
45,-0.5,3.9
57,-0.5,4.18
46,-0.5,4.2
139,-0.5,8
66,-0.5,5
75,-0.5,3
82,-0.5,10
58,-0.5,4.15
59,-0.5,7
46,-0.5,4.18
54,-0.5,4.1
54,-0.5,4.13
56,-0.5,5
50,-0.5,3
74,-0.5,6.5
74,-0.5,10
51,-0.5,3.96
72,-0.5,4.2
44,-0.5,3
42,-0.5,2
63,-0.5,4.11361748
56,-0.5,4.15
43,-0.5,4.12
43,-0.5,4.111
112,-0.5,4.112
61,-0.5,5.5
47,-0.5,4.3
51,-0.5,4.1174
67,-0.5,4.2
42,-0.5,3
47,-0.5,5
42,-0.5,5
42,-0.5,4.12
66,-0.5,5.5
47,-0.5,3
80,-0.5,8
62,-0.5,4.15
107,-0.5,7
45,-0.5,4.05
97,-0.5,7
62,-0.5,3.8
126,-0.5,9.4
42,-0.5,2
55,-0.5,4.13
68,-0.5,7
59,-0.5,4.113617435
44,-0.5,2
47,-0.5,4.12
49,-0.5,4
67,-0.5,4.12
63,-0.5,6
58,-0.5,4
84,-0.5,6.5
70,-0.5,8
48,-0.5,4
53,-0.5,4.089
51,-0.5,3.921
33,-0.5,2.33
104,-0.5,10
74,-0.5,8
54,-0.5,4.11129
60,-0.5,4.11139
54,-0.5,7
56,-0.5,5.5
38,-0.5,2
52,-0.5,3
74,-0.5,9.5
60,-0.5,4.18
59,-0.5,4.8
45,-0.5,3
55,-0.5,4.11136
65,-0.5,8
50,-0.5,3
59,-0.5,4
46,-0.5,4.7
80,-0.5,9
65,-0.5,5
76,-0.5,7.5
50,-0.5,3.5
73,-0.5,9
55,-0.5,3
74,-0.5,10
67,-0.5,4.2
74,-0.5,4.2
53,-0.5,4.115
55,-0.5,4.1175
66,-0.5,4.11
64,-0.5,4
56,-0.5,4.1135656
71,-0.5,4.09
60,-0.5,4.1126
134,-0.5,9.5
48,-0.5,5
53,-0.5,4
51,-0.5,4.15
50,-0.5,4.11
77,-0.5,4.11361733
46,-0.5,3
42,-0.5,4.19
64,-0.5,4.112
79,-0.5,10
49,-0.5,4
71,-0.5,2.5
87,-0.5,10
61,-0.5,4.13
46,-0.5,3.5
63,-0.5,4.0850105
45,-0.5,6
111,-0.5,2
56,-0.5,3.5
47,-0.5,5
46,-0.5,4.114
59,-0.5,4.14813
49,-0.5,5
46,-0.5,4.13
52,-0.5,4.85
45,-0.5,4.113615
60,-0.5,4.145
48,-0.5,4.1
53,-0.5,4.11755
72,-0.5,7.5
90,-0.5,10
52,-0.5,5
88,-0.5,2.5
68,-0.5,8
74,-0.5,4.11
48,-0.5,4.7
50,-0.5,3.5
111,-0.5,8
64,-0.5,4.085
60,-0.5,3
59,-0.5,5.5
65,-0.5,4
47,-0.5,3
48,-0.5,4.5
74,-0.5,2
52,-0.5,3.5
42,-0.5,4.3
57,-0.5,3
45,-0.5,4.0850125
52,-0.5,5
78,-0.5,9.5
36,-0.5,2.58
65,-0.5,7
71,-0.5,5
59,-0.5,4.11706
81,-0.5,4.134
63,-0.5,6.5
3395,-0.5,3
41,-0.5,2
86,-0.5,9.5
6,-0.5,0.2
52,-0.5,7
44,-0.5,4.3
65,-0.5,7
134,-0.5,10
54,-0.5,4.113895
52,-0.5,4.2
62,-0.5,4.11
53,-0.5,4.113617435
108,-0.5,4.11
129,-0.5,10
60,-0.5,7
52,-0.5,4.5
56,-0.5,4.11763
63,-0.5,3.2
57,-0.5,4.6
62,-0.5,5
51,-0.5,2.5
51,-0.5,4.1
60,-0.5,4.114
26,-0.5,1.7
62,-0.5,5
53,-0.5,4.13
76,-0.5,8.5
88,-0.5,6.2
60,-0.5,4.9
55,-0.5,5
42,-0.5,3.9
44,-0.5,2.2
42,-0.5,3.85
48,-0.5,4
71,-0.5,4.147
51,-0.5,3.6
49,-0.5,2
43,-0.5,3
69,-0.5,10
65,-0.5,7
63,-0.5,5.2
53,-0.5,4.5
83,-0.5,4
48,-0.5,4
62,-0.5,4.95
65,-0.5,4.1
49,-0.5,4.15
37,-0.5,2.2
71,-0.5,5.2
77,-0.5,9
62,-0.5,9.8
48,-0.5,3
50,-0.5,4.1121
41,-0.5,3
107,-0.5,8.5
51,-0.5,4.148
52,-0.5,4.11068
72,-0.5,4.2
72,-0.5,4
48,-0.5,4.15
61,-0.5,4.7
55,-0.5,4.13363
72,-0.5,6
70,-0.5,6
44,-0.5,4.12
62,-0.5,7
96,-0.5,6.2
55,-0.5,8.5
53,-0.5,6
64,-0.5,7
71,-0.5,4.2
88,-0.5,6
69,-0.5,7.1
94,-0.5,8
56,-0.5,3.9
61,-0.5,4.1205
70,-0.5,4.3
82,-0.5,10
54,-0.5,4.123
64,-0.5,2
59,-0.5,4.11359
41,-0.5,3
59,-0.5,6.5
59,-0.5,4.14
53,-0.5,4.1
70,-0.5,8
49,-0.5,5
70,-0.5,4.1135
81,-0.5,4.104
48,-0.5,4.1
44,-0.5,2.8
46,-0.5,2
51,-0.5,4.13
63,-0.5,4.113617435
66,-0.5,9
44,-0.5,4.3
50,-0.5,4.114
55,-0.5,4.2
53,-0.5,2
78,-0.5,4.128524
55,-0.5,4.5
54,-0.5,4.125
73,-0.5,4.11
84,-0.5,4.135
56,-0.5,4
71,-0.5,4.7
53,-0.5,4
74,-0.5,9
77,-0.5,6
45,-0.5,3.8
43,-0.5,3
65,-0.5,6
52,-0.5,6
67,-0.5,8
47,-0.5,4.119
69,-0.5,4.0850115
99,-0.5,6.5
58,-0.5,3
47,-0.5,3
57,-0.5,4.114
74,-0.5,4.5
89,-0.5,4.049
47,-0.5,3.97
160,-0.5,8
39,-0.5,2.34
51,-0.5,4.048933728
86,-0.5,4.5
50,-0.5,4.1142
49,-0.5,2
74,-0.5,10
98,-0.5,3
86,-0.5,5.6
37,-0.5,2.5
67,-0.5,4
74,-0.5,4.13
54,-0.5,4.109
52,-0.5,7
52,-0.5,4.07
52,-0.5,4.1
59,-0.5,4.1127
50,-0.5,4
69,-0.5,10
69,-0.5,8
128,-0.5,6
58,-0.5,6.4
93,-0.5,10
77,-0.5,5.5
72,-0.5,9.5
89,-0.5,4.14
84,-0.5,8
63,-0.5,6
67,-0.5,8
52,-0.5,7
58,-0.5,4.1
40,-0.5,2
53,-0.5,7
58,-0.5,4.115
46,-0.5,3
81,-0.5,10
46,-0.5,4.13
48,-0.5,4.12
46,-0.5,4.05
73,-0.5,5
64,-0.5,4
66,-0.5,4.2
69,-0.5,4.75
50,-0.5,3
96,-0.5,7
59,-0.5,4.1065
38,-0.5,4.3
59,-0.5,4.5
37,-0.5,2
61,-0.5,7
49,-0.5,3
62,-0.5,4.112
55,-0.5,4.132700653
45,-0.5,3.95
60,-0.5,2.3
50,-0.5,2
63,-0.5,3
59,-0.5,4.116
49,-0.5,4.112
60,-0.5,9
65,-0.5,7
48,-0.5,4
43,-0.5,2
69,-0.5,4.6
117,-0.5,9
72,-0.5,6
92,-0.5,9
92,-0.5,8
44,-0.5,2
42,-0.5,2
61,-0.5,4.5
48,-0.5,4.048933735
68,-0.5,2
66,-0.5,9
38,-0.5,2
53,-0.5,4.114
105,-0.5,8
59,-0.5,4.11732
11,-0.5,0.2
51,-0.5,4.089631
50,-0.5,3
61,-0.5,7
57,-0.5,5
73,-0.5,9
57,-0.5,4.12
58,-0.5,7
87,-0.5,4.112
60,-0.5,4.3
69,-0.5,8
59,-0.5,4
67,-0.5,8
3082,-0.5,8
58,-0.5,7
44,-0.5,4.1
62,-0.5,6
52,-0.5,4.3
43,-0.5,4.4
55,-0.5,4.05
55,-0.5,4
50,-0.5,2.6
45,-0.5,3.2
55,-0.5,4.13
48,-0.5,4.3
46,-0.5,2
41,-0.5,4
54,-0.5,4
52,-0.5,2
68,-0.5,3
54,-0.5,4.2
108,-0.5,3.9
48,-0.5,3.9
74,-0.5,9
73,-0.5,8
59,-0.5,5.2
65,-0.5,4.14
104,-0.5,10
79,-0.5,6.4
64,-0.5,6
54,-0.5,4.15
61,-0.5,5
71,-0.5,2.8
46,-0.5,3
44,-0.5,5
74,-0.5,4.1286
48,-0.5,4.15
66,-0.5,4.6
67,-0.5,4.114
66,-0.5,9
50,-0.5,5
92,-0.5,10
47,-0.5,3.8
76,-0.5,4.14
81,-0.5,8.9
70,-0.5,4.14
65,-0.5,4.1133
49,-0.5,6
46,-0.5,4.5
75,-0.5,4.1135659
48,-0.5,4.131
84,-0.5,4
84,-0.5,10
53,-0.5,4.1145
71,-0.5,8.8
72,-0.5,4.175
44,-0.5,5
43,-0.5,4.3
61,-0.5,4.1
62,-0.5,3
90,-0.5,9
85,-0.5,4.199
76,-0.5,10
40,-0.5,2.4
65,-0.5,5
71,-0.5,7
109,-0.5,9.5
61,-0.5,6
80,-0.5,9
96,-0.5,3.88
62,-0.5,4.11719
46,-0.5,4.113
71,-0.5,6
45,-0.5,5
68,-0.5,4.11364
81,-0.5,9
49,-0.5,4.1135
58,-0.5,3.4
50,-0.5,4.2
41,-0.5,4.23
43,-0.5,4.7
49,-0.5,4.17
51,-0.5,4
54,-0.5,6.6
57,-0.5,4.13
83,-0.5,6.5
123,-0.5,7
71,-0.5,6
62,-0.5,4.1
65,-0.5,4.5
36,-0.5,2
40,-0.5,2
51,-0.5,4.048933723
16,-0.5,1.5
68,-0.5,4
70,-0.5,7
69,-0.5,5
8,-0.5,0.8
58,-0.5,4
59,-0.5,4.11357
86,-0.5,9
44,-0.5,3
43,-0.5,3
54,-0.5,4.114
88,-0.5,5
66,-0.5,9
99,-0.5,9.5
58,-0.5,4.1
72,-0.5,10
75,-0.5,4.11
44,-0.5,2
58,-0.5,6
77,-0.5,10
49,-0.5,3.8
39,-0.5,3
42,-0.5,4.13
39,-0.5,3
38,-0.5,2.5
70,-0.5,4.02
51,-0.5,5
45,-0.5,4
48,-0.5,4.113617435
46,-0.5,4.13
50,-0.5,3.5
71,-0.5,4.15
65,-0.5,4.1
67,-0.5,4.11
55,-0.5,6
66,-0.5,4.1
59,-0.5,4.113617434
42,-0.5,3
55,-0.5,4.109523
46,-0.5,3.5
59,-0.5,4.085014005
94,-0.5,10
55,-0.5,3.96
51,-0.5,4.11
56,-0.5,6
81,-0.5,4.1
63,-0.5,7
59,-0.5,4.11
115,-0.5,8.3
87,-0.5,8
68,-0.5,7.5
53,-0.5,3
72,-0.5,6
60,-0.5,4.1285
61,-0.5,3.5
57,-0.5,2.5
43,-0.5,4.03
62,-0.5,6
68,-0.5,4.1179
71,-0.5,3
55,-0.5,5
89,-0.5,7.5
71,-0.5,4.4
55,-0.5,4.1123
55,-0.5,4.12
54,-0.5,4.15
59,-0.5,4.17
57,-0.5,5
85,-0.5,6
53,-0.5,4
79,-0.5,4.2
45,-0.5,3.2
65,-0.5,4.2
53,-0.5,4.113618
50,-0.5,2
69,-0.5,7
74,-0.5,9
85,-0.5,4
58,-0.5,4.13
63,-0.5,5
42,-0.5,4.1151
58,-0.5,4.1
53,-0.5,3.8
80,-0.5,6.8
69,-0.5,4
106,-0.5,4.12
55,-0.5,6
66,-0.5,4.11722
85,-0.5,4.17
62,-0.5,3.7
61,-0.5,7
45,-0.5,4.11355
78,-0.5,4.11
66,-0.5,4.14
61,-0.5,4.16
67,-0.5,4.11361731
59,-0.5,4.111
45,-0.5,4
61,-0.5,4.2
58,-0.5,5
60,-0.5,4.2
38,-0.5,2.41
34,-0.5,2.42
51,-0.5,5
68,-0.5,4
35,-0.5,2
78,-0.5,9.8
40,-0.5,4.12
56,-0.5,4
58,-0.5,4.2
67,-0.5,4.19
50,-0.5,4.115001
42,-0.5,3
67,-0.5,4.1
56,-0.5,4.075047005
54,-0.5,4.45
68,-0.5,4.1135
67,-0.5,7
41,-0.5,3
72,-0.5,4.112266
57,-0.5,3.9
64,-0.5,7.5
65,-0.5,4.113617435
71,-0.5,4.05
38,-0.5,2
87,-0.5,9
72,-0.5,8
53,5,5
63,-0.5,3.5
55,-0.5,4.02
54,-0.5,4.1138
68,-0.5,9
65,-0.5,4.0875
67,-0.5,4.185
52,-0.5,4.113522
67,-0.5,4.1131
92,-0.5,8
55,-0.5,5
76,-0.5,5
39,-0.5,2.32
44,-0.5,3.8
61,-0.5,4.11729
69,-0.5,6.5
47,-0.5,3.5
96,-0.5,8
121,-0.5,4.109
64,-0.5,4.113
60,-0.5,6
90,-0.5,4.148
74,-0.5,4.1
60,-0.5,4
41,-0.5,3.1
59,-0.5,4
62,-0.5,5
96,-0.5,10
46,-0.5,4.1
50,-0.5,4.1191
89,-0.5,10
65,-0.5,7
61,-0.5,4.1
52,-0.5,5
97,-0.5,10
66,-0.5,4.2
66,-0.5,4.5
76,-0.5,6
54,-0.5,4.113617434
50,-0.5,4.094989101
109,-0.5,8
79,-0.5,10
58,-0.5,4.15
45,-0.5,4
47,-0.5,4.1135
49,-0.5,4.113
103,-0.5,8
47,-0.5,4.088
66,-0.7,7
45,-0.5,2
66,-0.5,4.113
51,-0.5,6
105,-0.5,3
65,-0.5,6
40,-0.5,3.95
50,-0.5,4.2
66,-0.5,4
56,-0.5,4.1
76,-0.5,3.7
63,-0.5,4.113617439
50,-0.5,4
61,-0.5,7
65,-0.5,4.05
45,-0.5,4.23
58,-0.5,4.1105
3356,-0.5,8
69,-0.5,4.1108
83,-0.5,8.5
55,-0.5,6.5
50,-0.5,4.7
109,-0.5,4.12
57,-0.5,3.8
60,-0.5,4.15
71,-0.5,3
68,-0.5,8
49,-0.5,2
55,-0.5,4.11753
69,-0.5,4.112
48,-0.5,5
53,-0.5,6
80,-0.5,8
54,-0.5,4.1
44,-0.5,4.12
83,-0.5,10
72,-0.5,8.5
59,-0.5,4.4
49,-0.5,7
51,-0.5,4.04
51,-0.5,5
94,-0.5,10
66,-0.5,5
151,-0.5,9.5
68,-0.5,7.5
71,-0.5,4.14
51,-0.5,5
69,-0.5,4.14
55,-0.5,4.1137
55,-0.5,3
66,-0.5,4.113
62,-0.5,4.114
3337,-0.5,2.7
75,-0.5,3.668
74,-0.5,9
60,-0.5,3.5
43,-0.5,2.19
49,-0.5,4.112
92,-0.5,9
61,-0.5,7
54,-0.5,4.167
89,-0.5,10
41,-0.5,4.12
51,-0.5,4.11
35,-0.5,2.46
68,-0.5,9
71,-0.5,4.11499
53,-0.5,4.5
53,-0.5,4.112
59,-0.5,4.13
88,-0.5,9
72,-0.5,4.12
88,-0.5,8
48,-0.5,4
48,-0.5,2
53,-0.5,5
51,-0.5,4
51,-0.5,4.09
69,-0.5,4.108
65,-0.5,4.2
45,-0.5,4.3
64,-0.5,6
103,-0.5,10
60,-0.5,4.15
73,-0.5,4.106
85,-0.5,10
100,-0.5,7
71,-0.5,4.09
48,-0.5,4.1
60,-0.5,4.1119
49,-0.5,4.1
37,-0.5,4.119
73,-0.5,4.114
43,-0.5,4.15
79,-0.5,8.5
59,-0.5,4.6
57,-0.5,4.115
61,-0.5,8.1
109,-0.5,3
75,-0.5,4
71,-0.5,4
72,-0.5,6
72,-0.5,5
69,-0.5,8
76,-0.5,4.16
61,-0.5,4.11741
60,-0.5,4.12
70,-0.5,9
55,-0.5,4.1
71,-0.5,4
30,-0.5,3
78,-0.5,7.8
53,-0.5,4.1126
54,-0.5,5
62,-0.5,5.5
71,-0.5,10
50,-0.5,4.3
65,-0.5,5
92,-0.5,8.8
65,-0.5,9
46,-0.5,3.1
58,-0.5,4.5
119,-0.5,10
47,-0.5,4.06725
57,-0.5,4.1
63,-0.5,4.11
38,-0.5,3
42,-0.5,4.119
76,-0.5,9.9
45,-0.5,2.8
38,-0.5,3
173,-0.5,10
52,-0.5,4.3
55,-0.5,4.17
41,-0.5,3
61,-0.5,4.15
107,-0.5,9.2
38,-0.5,2.5
6,-0.5,0.2
48,-0.5,4.1134
80,-0.5,4.5
68,-0.5,4.2
75,-0.5,9.3
84,-0.5,9.4
68,-0.5,5.5
45,-0.5,3.5
75,-0.5,10
92,-0.5,6
49,-0.5,2
38,-0.5,3
59,-0.5,9
43,-0.5,3
67,-0.5,6
15,-0.5,1
68,-0.5,9
75,-0.5,9
62,-0.5,4.113617435
66,-0.5,5
64,-0.5,6
53,-0.5,6
51,-0.5,7
73,-0.5,4.1665
56,-0.5,4.12039
95,-0.5,10
59,-0.5,5
67,-0.5,4.05
65,-0.5,4.1
56,-0.5,4.117
92,-0.5,5.5
55,-0.5,4.09
55,-0.5,4.148
3078,-0.5,4.5
69,-0.5,8
58,-0.5,4.114
44,-0.5,4.11221
94,-0.5,9.5
57,-0.5,4.11356507
48,-0.5,3
51,-0.5,2.9
54,-0.5,6.7
82,-0.5,4.11
46,-0.5,5
58,-0.5,2.5
69,-0.5,6
60,-0.5,3
77,-0.5,6
64,-0.5,4.1085
47,-0.5,4.115
44,-0.5,2
46,-0.5,4.114
52,-0.5,4
50,-0.5,4.115
49,-0.5,4.113521
74,-0.5,4.08502
59,-0.5,4.15
38,-0.5,1
69,-0.5,4.1
58,-0.5,4.12
88,-0.5,5
52,-0.5,9
49,-0.5,4
59,-0.5,4.114
80,-0.5,4.2
68,-0.5,4
62,-0.5,4.2
52,-0.5,4.15
58,-0.5,5
108,-0.5,10
59,-0.5,3.5
114,-0.5,10
42,-0.5,4.8
74,-0.5,4.134
93,-0.5,7.5
69,-0.5,3
67,-0.5,3.5
60,-0.5,8.5
56,-0.5,4.086
43,-0.5,4.1
45,-0.5,4.05
49,-0.5,4
63,-0.5,5.5
69,-0.5,8.1
74,-0.5,4.15
97,-0.5,5
67,-0.5,4.1
90,-0.5,8
50,-0.5,2.5
36,-0.5,2
57,-0.5,3.9
56,-0.5,2.05
61,-0.5,4.1285216
49,-0.5,2.1
73,-0.5,4.14
90,-0.5,7
46,-0.5,2.14
47,-0.5,4.086
57,-0.5,4.17
67,-0.5,3.5
6,-0.5,1
78,-0.5,3
74,-0.5,9
62,-0.5,4.1
129,-0.5,9
65,-0.5,4.07
61,-0.5,4.111
67,-0.5,7
71,-0.5,7.9
52,-0.5,5
78,-0.5,9
81,-0.5,4.11226
51,-0.5,4.5
37,-0.5,2
67,-0.5,5
62,-0.5,9
56,-0.5,4
70,-0.5,5
50,-0.5,4.8
57,-0.5,4.1134
63,-0.5,4.099
67,-0.5,5
62,-0.5,4.12
43,-0.5,4.11353
45,-0.5,4.11
60,-0.5,4.1
63,-0.5,6
53,-0.5,4.125
53,-0.5,4.9
56,-0.5,5
70,-0.5,5.5
56,-0.5,4
58,-0.5,4.16
60,-0.5,4.3
45,-0.5,4
75,-0.5,10
72,-0.5,5
66,-0.5,4.19
55,-0.5,4.048933729
59,-0.5,5
4005,-0.5,3
52,-0.5,5.5
71,-0.5,4.13
61,-0.5,6.8
59,-0.5,4.4
46,-0.5,4.092
65,-0.5,4.2
54,-0.5,4.05
66,-0.5,4.12
77,-0.5,4.1
57,-0.5,2.13
114,-0.5,6.5
57,-0.5,7
72,-0.5,5
57,-0.5,3.7
110,-0.5,6.5
53,-0.5,4.116
75,-0.5,10
41,-0.5,3.1
56,-0.5,4.1
45,-0.5,2.5
66,-0.5,4.2
57,-0.5,2.5
7,-0.5,1.5
127,-0.5,8
52,-0.5,3
57,-0.5,4.113617435
84,-0.5,4.14
64,-0.5,4.114
83,-0.5,10
53,-0.5,4.11761
56,-0.5,2.1
61,-0.5,6
90,-0.5,7.5
64,-0.5,4.11
56,-0.5,4.1125
86,-0.5,8
48,-0.5,4.7
95,-0.5,10
92,-0.5,9
68,-0.5,4.128
52,-0.5,4.1
59,-0.5,4.11739
53,-0.5,4.08
57,-0.5,4.125
74,-0.5,9
41,-0.5,3.5
81,-0.5,4.1136
58,-0.5,3.9
47,-0.5,2.5
52,-0.5,3.93
47,-0.5,3
75,-0.5,4.129
59,-0.5,6
72,-0.5,5
71,-0.5,4.1145
67,-0.5,4.1146
58,-0.5,7
51,-0.5,4.114
55,-0.5,4.1
51,-0.5,4.1274
77,-0.5,6
51,-0.5,5
70,-0.5,4.11361743
63,-0.5,4.13
99,-0.5,7.5
59,-0.5,6
45,-0.5,3.95
87,-0.5,4
54,-0.5,4.11324
52,-0.5,6
54,-0.5,4.4
45,-0.5,4.12
67,-0.5,4.1
45,-0.5,4
57,-0.5,4.2
63,-0.5,6
46,-0.1,6
48,-0.5,4.08
39,-0.5,3.8
55,-0.5,9
77,-0.5,7
45,-0.5,5
46,-0.5,4.11
52,-0.5,4.11356
16,-0.5,0.2
97,-0.5,9.5
55,-0.5,4.116
53,-0.5,4.1172
54,-0.5,3.5
55,-0.5,4.1115
70,-0.5,4.5
58,-0.5,3
60,-0.5,6
48,-0.5,4.3
57,-0.5,3
53,-0.5,4.1
52,-0.5,4
98,-0.5,9
48,-0.5,4.15
47,-0.5,3.2
67,-0.5,4.12
54,-0.5,4.1136
9,-0.5,1
72,-0.5,10
60,-0.5,3.7
102,-0.5,4
64,-0.5,7
46,-0.5,4
63,-0.5,4.1
53,-0.5,3
42,-0.5,5
57,-0.5,4.147
51,-0.5,2.3
69,-0.5,4.049
74,-0.5,4.5
3094,-0.5,5
73,-0.5,4.122
38,-0.5,3
70,-0.5,4.3
65,-0.5,5
48,-0.5,5
46,-0.5,5
63,-0.5,4.1109
89,-0.5,8
65,-0.5,4.06
82,-0.5,8
67,-0.5,4
48,-0.5,4.12
56,-0.5,6.6
60,-0.5,9
42,-0.5,2
67,-0.5,4.11737
96,-0.5,5
42,-0.5,3.9
51,-0.5,2.06
63,-0.5,4.144
89,-0.5,10
59,-0.5,5.8
73,-0.5,5
91,-0.5,8
64,-0.5,4.2
52,-0.5,4.116
44,-0.5,4.1
108,-0.5,9
74,-0.5,4.2
67,-0.5,9
56,-0.5,4.11075
69,-0.5,6.5
80,-0.5,8
41,-0.5,2
45,-0.5,4.11220001
46,-0.5,4.01
75,-0.5,8.3
69,-0.5,7
146,-0.5,9
54,-0.5,4
53,-0.5,5.2
58,-0.5,4.105
64,-0.5,8
51,-0.5,4.14
68,-0.5,4
55,-0.5,4.114
90,-0.5,7
43,-0.5,4.14
66,-0.5,7
52,-0.5,4.117
57,-0.5,5.7
55,-0.5,4.1095
58,-0.5,4.1136176
42,-0.5,2
46,-0.5,2
76,-0.5,7.8
54,-0.5,4
83,-0.5,4.1464
83,-0.5,4.145
23,-0.5,0.5
41,-0.5,3.9
45,-0.5,4.05
50,-0.5,4.1
41,-0.5,4.7
66,-0.5,4
61,-0.5,4.111
52,-0.5,4.2
51,-0.5,4.8
56,-0.5,4.02
56,-0.5,4.13
52,-0.5,5
62,-0.5,4.118
66,-0.5,4.113
56,-0.5,4.19
53,-0.5,2
112,-0.5,9.6
60,-0.5,5
57,-0.5,3.9
53,-0.5,3.5
64,-0.5,9
90,-0.5,5
78,-0.5,10
73,-0.5,6
52,-0.5,4.14
91,-0.5,4
48,-0.5,4.11
66,-0.5,8
4,-0.5,1.9
49,-0.5,3.94
51,-0.5,2.9
60,-0.5,4.11363
102,-0.5,7.2
58,-0.5,5
76,-0.5,10
67,-0.5,4.085015
102,-0.5,3.8
65,-0.5,4.07
96,-0.5,10
49,-0.5,4
88,-0.5,9
41,-0.5,2
81,-0.5,4.1136
73,-0.5,4.089
49,-0.5,3
64,-0.5,5
66,-0.5,8
64,-0.5,4
71,-0.5,4.111
53,-0.5,4.16
46,-0.5,4
66,-0.5,4.11728
12,-0.5,1.5
109,-0.5,5
57,-0.5,7
92,-0.5,6.5
61,-0.5,6.5
50,-0.5,4.115
49,-0.5,3
53,-0.5,4.113562
49,-0.5,5
54,-1,4
60,-0.5,4.14
71,-0.5,4
45,-0.5,3.8
70,-0.5,7
56,-0.5,5
58,-0.5,2.7
78,-0.5,3.4
62,-0.5,4.5
69,-0.5,4
124,-0.5,4.02
51,-0.5,4.13
56,-0.5,4
43,-0.5,2.03
73,-0.5,3.5
52,-0.5,6.6
42,-0.5,2
50,-0.5,7
63,-0.5,6
75,-0.5,6
45,-0.5,3
56,-0.5,6.5
56,-0.5,4.01
40,-0.5,3
53,-0.5,4.1483
61,-0.5,4.113617435
55,-0.5,4.1
45,-0.5,5
56,-0.5,4.09495
53,-0.5,4
83,-0.5,7
67,-0.5,4.1
52,-0.5,4.5
58,-0.5,4.2
50,-0.5,4.35
2609,-0.5,4
69,-0.5,4.14
46,-0.5,4.15
61,-0.5,4.11225
75,-0.5,4.1202
46,-0.5,2
50,-0.5,4.6
70,-0.5,6
55,-0.5,3.9195
122,-0.5,4.113
91,-0.5,8
89,-0.5,9
42,-0.5,4.12
80,-0.5,7
58,-0.5,7.2
47,-0.5,4.117
70,-0.5,4.18
76,-0.5,4.111
49,-0.5,2
74,-0.5,4.3
70,-0.5,9
82,-0.5,10
51,-0.5,4.11366
41,-0.5,2
51,-0.5,4.1135
51,-0.5,3.3
71,-0.5,3
57,-0.5,4.11
33,-0.5,2
49,-0.5,4.0489
60,-0.5,4.14
68,-0.5,4.1102
52,-0.5,2.5
55,-0.5,3.2
64,-0.5,4.128526
53,-0.5,4.1288
64,-0.5,4.18
57,-0.5,2
72,-0.5,3.6
62,-0.5,7
50,-0.5,6
43,-0.5,5
78,-0.5,8
78,-0.5,4
66,-0.5,4.16
48,-0.5,2.9
50,-0.5,4.11
94,-0.5,10
86,-0.5,8
44,-0.5,3
44,-0.5,4.7
46,-0.5,5.3
2981,-0.5,1
69,-0.5,4.113617435
58,-0.5,4.11385
62,-0.5,9
56,-0.5,7
3045,-0.5,2
48,-0.5,3
55,-0.5,6.1
78,-0.5,4
63,-0.5,4.11
78,-0.5,4
55,-0.5,6
46,-0.5,4.11
55,-0.5,5
67,-0.5,7
70,-0.5,4.141
50,-0.5,4.5
65,-0.5,4.113563
55,-0.5,4
47,-0.5,2
86,-0.5,7
57,-0.5,7
65,-0.5,6
64,-0.5,7
73,-0.5,4.2
66,-0.5,3
50,-0.5,4.1
120,0.5,5
51,-0.5,4
90,-0.5,4.2
44,-0.5,2
55,-0.5,5
63,-0.5,4
74,-0.5,4.1137
57,-0.5,2
90,-0.5,4.2
89,-0.5,8
40,-0.5,3
61,-0.5,5.5
34,-0.5,2.45
65,-0.5,3
68,-0.5,3
71,-0.5,5.5
56,-0.5,4.7
83,-0.5,8.2
90,-0.5,4.1
72,-0.5,10
61,-0.5,4.112264
89,-0.5,8
47,-0.5,4.118
57,-0.5,4.7
59,-0.5,3
67,-0.5,3.98
35,-0.5,2
116,-0.5,10
55,-0.5,4.1124
51,-0.5,3
45,-0.5,5
23,-0.5,1.5
67,-0.5,4.5
66,-0.5,3.95
51,-0.5,7
54,-0.5,3.6
41,-0.5,3
53,-0.5,3.2
50,-0.5,4.117
97,-0.5,9.2
62,-0.5,7
117,-0.5,4.14
49,-0.5,4.116
59,-0.5,5
56,-0.5,3
79,-0.5,8.7
74,-0.5,5
46,-0.5,5.3
61,-0.5,4.116
48,-0.5,4.14
111,-0.5,10
50,-0.5,4.11361735
66,-0.5,7
72,-0.5,9
51,-0.5,4.1
43,-0.5,5
46,-0.5,2.15
39,-0.5,3
68,-0.5,2.5
77,-0.5,6
83,-0.5,3
67,-0.5,8
57,-0.5,4.3
67,-0.5,5
45,-0.5,4.1
36,-0.5,2.1
56,-0.5,3.95
77,-0.5,8.5
70,-0.5,4.1135
47,-0.5,2
84,-0.5,9
65,-0.5,4
61,-0.5,5
3392,-0.5,2
36,-0.5,3
72,-0.5,10
76,-0.5,8.5
54,-0.5,4.15
72,-0.5,4.298
65,-0.5,6
91,-0.5,7.2
66,-0.5,4.1136175
82,-0.5,7
120,-0.5,10
60,-0.5,5
51,-0.5,4.1136178
61,-0.5,9
51,-0.5,2
59,-0.5,4.151
50,-0.5,5
104,-0.5,5
59,-0.5,4.1
78,-0.5,8.2
47,-0.5,4
77,-0.5,10
51,-0.5,3.7
63,-0.5,4.113617435
43,-0.5,3.94
67,-0.5,4.2
39,-0.5,2
75,-0.5,8
48,-0.5,5
3049,-0.5,7
52,-0.5,8.4
81,-0.5,8
67,-0.5,5
48,-0.5,3.8
46,-0.5,4.3
83,-0.5,10
35,-0.5,2
47,-0.5,4.128
64,-0.5,5
78,-0.5,8
73,-0.5,7.5
58,-0.5,3.5
63,-0.5,4.06
68,-0.5,7
48,-0.5,4.15
82,-0.5,7.5
49,-0.5,4.11
60,-0.5,8.4
90,-0.5,5
74,-0.5,7
47,-0.5,3
55,-0.5,4.09
50,-0.5,4.1
46,-0.5,5
68,-0.5,6
102,-0.5,4.136
55,-0.5,4.35
45,-0.5,4.3
45,-0.5,4.12715
93,-0.5,8
55,-0.5,4.11747
69,-0.5,5.5
71,-0.5,4.113
83,-0.5,9
59,-0.5,4.1117
78,-0.5,9
70,-0.5,4.1484
78,-0.5,8
64,-0.5,5
73,-0.5,3
47,-0.5,2
77,-0.5,4.17
51,-0.5,4.113
66,-0.5,5
90,-0.5,7.5
11,-0.5,1
75,-0.5,6
62,-0.5,4.1171
60,-0.5,4.3
48,-0.5,5
80,-0.5,10
86,-0.5,10
64,-0.5,5
140,-0.5,8
56,-0.5,4.1072
80,-0.5,9.1
49,-0.5,3
63,-0.5,4
55,-0.5,4.18
43,-0.5,2
46,-0.5,3.3
54,-0.5,5
74,-0.5,4.1136
52,-0.5,3
9,-0.5,1.5
52,-0.5,4.115
71,-0.5,9
63,-0.5,5.5
98,-0.5,9
40,-0.5,2
84,-0.5,5
63,-0.5,3.98
49,-0.5,4.1137
66,-0.5,8
49,-0.5,4.8
58,-0.5,4.11
62,-0.5,4.4172
64,-0.5,9
89,-0.5,3
91,-0.5,10
56,-0.5,4.14
53,-0.5,5.4
61,-0.5,7
39,-0.5,3.9
88,-0.5,8
52,-0.5,3
81,-0.5,10
52,-0.5,4.8
36,-0.5,2.6
62,-0.5,6.5
50,-0.5,4.116
80,-0.5,8.5
66,-0.5,4.12
72,-0.5,4.0850105
53,-0.5,6
81,-0.5,7
64,-0.5,4.114
56,-0.5,4.113617
72,-0.5,3
42,-0.5,4.12
47,-0.5,4.1
46,-0.5,2
55,-0.5,7
48,-0.5,2.75
53,-0.5,4.1135652
71,-0.5,9
36,-0.5,2
38,-0.5,2.57
74,-0.5,3
76,-0.5,4.1
80,-0.5,5
58,-0.5,4.11757
54,-0.5,4.1122
33,-0.5,2
61,-0.5,4.9
67,-0.5,4.123
47,-0.5,4.1123
49,-0.5,3
45,-0.5,3
60,-0.5,4.168
59,-0.5,7
51,-0.5,3
62,-0.5,4.04
61,-0.5,4.15
51,-0.5,4.1
55,-0.5,3.99
57,-0.5,4.06
69,-0.5,3.5
58,-0.5,7.4
70,-0.5,4.087
57,-0.5,4.9
51,-0.5,4
48,-0.5,4.1122
46,-0.5,3
63,-0.5,4
48,-0.5,4.15
72,-0.5,3
55,-0.5,4
70,-0.5,4.5
74,-0.5,9
56,-0.5,7
46,-0.5,3
70,-0.5,6
63,-0.5,3
55,-0.5,6
71,-0.5,4.16
72,-0.5,9
64,-0.5,4
84,-0.5,9
55,-0.5,3.5
35,-0.5,2.1
42,-0.5,3.3
83,-0.5,9.5
68,-0.5,9
65,-0.5,4.1
57,-0.5,5
81,-0.5,4.137
50,-0.5,4.03
110,-0.5,10
77,-0.5,4.1
48,-0.5,5.3
69,-0.5,6.5
50,-0.5,4.2
65,-0.5,7
76,-0.5,10
68,-0.5,10
71,-0.5,7.6
50,-0.5,4.094
104,-0.5,10
57,-0.5,4.1134
56,-0.5,5
93,-0.5,9.5
70,-0.5,7.5
83,-0.5,8.9
79,-0.5,10
97,-0.5,9
60,-0.5,4.0875
70,-0.5,7
77,-0.5,4.1125
50,-0.5,4.04893373
79,-0.5,6
52,-0.5,5.5
52,-0.5,4.1175
55,-0.5,6
49,-0.5,4.1485
65,-0.5,8
44,-0.5,4.115
47,-0.5,3.6
54,-0.5,4.12
74,-0.5,8.5
65,-0.5,4.2
104,-0.5,9
48,-0.5,4.9
38,-0.5,2
35,-0.5,2.5
82,-0.5,7.5
83,-0.5,8
71,-0.5,4.2
66,-0.5,4.104
56,-0.5,2.5
53,-0.5,4.3
46,-0.5,4
38,-0.5,3
72,-0.5,9
62,-0.5,2
82,-0.5,4.2
62,-0.5,4.16
49,-0.5,2
47,-0.5,4.5
53,-0.5,4
58,-0.5,5
89,-0.5,10
77,-0.5,7
62,-0.5,4.13
53,-0.5,4.12
68,-0.5,7
106,-0.5,4.118
39,-0.5,2
56,-0.5,5
45,-0.5,4
55,-0.5,4.2
51,-0.5,4.11361746
69,-0.5,9
3,-0.5,1
55,-0.5,6
95,-0.5,7.5
53,-0.5,2.8
61,-0.5,7
81,-0.5,6.8
50,-0.5,5
56,-0.5,4.17
48,-0.5,4.14
82,-0.5,7.1
51,-0.5,3
61,-0.5,4.03
53,-0.5,4.5
98,-0.5,8
75,-0.5,4.2
43,-0.5,3.95
47,-0.5,2.9
42,-0.5,3.97
67,-0.5,4.1133
65,-0.5,8
70,-0.5,4.11322
82,-0.5,4.11
37,-0.5,2.35
62,-0.5,5
78,-0.5,4
41,-0.5,4.117
71,-0.5,7.5
51,-0.5,3.5
65,-0.5,5
79,-0.5,8
45,-0.5,4.115
43,-0.5,3
64,-0.5,4.143
60,-0.5,4.1482
69,-0.5,5
45,-0.5,4.1
97,-0.5,9
3232,-0.5,10
72,-0.5,4.2
53,-0.5,6
36,-0.5,2
63,-0.5,4.113617435
38,-0.5,2.5
57,-0.5,4.2
67,-0.5,7.9
50,-0.5,3.918
46,-0.5,4.1175
112,-0.5,4.1
45,-0.5,2
57,-0.5,2
63,-0.5,4.11
65,-0.5,4.19
64,-0.5,4.11229
58,-0.5,5.3
52,-0.5,4.112195
69,-0.5,4.11364
63,-0.5,4
64,-0.5,4.1
58,-0.5,7
44,-0.5,5
47,-0.5,2
51,-0.5,4.05
45,-0.5,4
46,-0.5,4.147
64,-0.5,5.5
71,-0.5,4.1209
95,-0.5,9
48,-0.5,5
44,-0.5,2
44,-0.5,4
67,-0.5,8
47,-0.5,4.12
99,-0.5,10
49,-0.5,4
68,-0.5,7
51,-0.5,4
62,-0.5,4.1
55,-0.5,2.3
90,-0.5,7.5
93,-0.5,9
62,-0.5,4.1
50,-0.5,4
47,-0.5,4.01
51,-0.5,4.16
47,-0.5,2
34,-0.5,2.47
63,-0.5,4.18
57,-0.5,4.2
54,-0.5,6
48,-0.5,5
66,-0.5,8
62,-0.5,3
63,-0.5,6.4
51,-0.5,4.1
47,-0.5,4.1057
61,-0.5,4.1136174
51,-0.5,4
71,-0.5,3.5
62,-0.5,3.25
59,-0.5,4.02
54,-0.5,3.4
54,-0.5,4.145
53,-0.5,3.92
77,-0.5,8
39,-0.5,3
39,-0.5,2.27
40,-0.5,2
59,-0.5,4.3
65,-0.5,3.9
46,-0.5,4.03
56,-0.5,3.921
40,-0.5,3
67,-0.5,6
130,-0.5,9.2
52,-0.5,2
60,-0.5,7
58,-0.5,4.1
61,-0.5,4.11736
113,-0.5,9.5
95,-0.5,8
73,-0.5,4.113
39,-0.5,3.95
52,-0.5,5
41,-0.5,3.3
71,-0.5,4.111
72,-0.5,6
59,-0.5,4.1105
46,-0.5,4
52,-0.5,5
64,-0.5,4
78,-0.5,4.0850115
49,-0.5,3.9
64,-0.5,4.4
42,-0.5,5
85,-0.5,4.03
59,-0.5,4.35
50,-0.5,4.145
54,-0.5,3
91,-0.5,7
68,-0.5,4.19
75,-0.5,8.4
48,-0.5,4.113
58,-0.5,4.3
68,-0.5,4.09
53,-0.5,4.14
64,-0.5,6
67,-0.5,4.25
86,-0.5,6
68,-0.5,9
55,-0.5,5
74,-0.5,4.2
52,-0.5,3.5
86,-0.5,9.5
55,-0.5,4.11
66,-0.5,4.2
51,-0.5,3
39,-0.5,2
77,-0.5,6
77,-0.5,4.11
64,-0.5,4.11
63,-0.5,4
50,-0.5,4.115
63,-0.5,10
67,-0.5,4
68,-0.5,7
51,-0.5,4.11218
46,-0.5,3
115,-0.5,4.112
60,-0.5,4.1172
43,-0.5,2
73,-0.5,7
59,-0.5,6
85,-0.5,8
57,-0.5,4
72,-0.5,7
44,-0.5,2.7
103,-0.5,4.1
59,-0.5,4.2
49,-0.5,4
93,-0.5,9
74,-0.5,8
47,-0.5,5
66,-0.5,3
81,-0.5,3.5
65,-0.5,9
71,-0.5,4.124
57,-0.5,4.11
92,-0.5,9.5
90,-0.5,8
152,-0.5,10
59,-0.5,2
64,-0.5,5
48,-0.5,4.11
45,-0.5,3.6
56,-0.5,7
37,-0.5,3
65,-0.5,5
37,-0.5,2.1
56,-0.5,4.13
78,-0.5,6
42,-0.5,4.4
86,-0.5,4.118
84,-0.5,8
116,-0.5,5.5
68,-0.5,4.2
5,-0.5,1
45,-0.5,4.21
53,-0.5,4.110755
85,-0.5,7.5
84,-0.5,10
73,-0.5,8.5
75,-0.5,4
76,-0.5,7
57,-0.5,4.114
54,-0.5,4.15
98,-0.5,9
75,-0.5,3.5
44,-0.5,4.088
55,-0.5,4
71,-0.5,7
52,-0.5,4.112262
59,-0.5,4.117
66,-0.5,4
66,-0.5,5
49,-0.5,4.16
70,-0.5,4
63,-0.5,4.4
44,-0.5,4.12
74,-0.5,9.6
78,-0.5,9
43,-0.5,4.3
78,-0.5,2.1
81,-0.5,8
59,-0.5,4.148
95,-0.5,9
70,-0.5,3
4,-0.5,1
48,-0.5,4.4
44,-0.5,4.13
80,-0.5,5
59,-0.5,3.8
58,-0.5,4.1174
39,-0.5,4.112201
52,-0.5,4.05904
43,-0.5,4.4
48,-0.5,5
50,-0.5,4.1193
65,-0.5,8.3
43,-0.5,3
68,-0.5,7
70,-0.5,4.11323
62,-0.5,5.5
36,-0.5,2.4
63,-0.5,8
58,-0.5,6.9
71,-0.5,6.4
51,-0.5,4.085
89,-0.5,9
54,-0.5,4.116
58,-0.5,4.1134
70,-0.5,4.3
64,-0.5,4.116
80,-0.5,4.12856
48,-0.5,4
70,-0.5,8
52,-0.5,4.15
41,-0.5,4.11501
70,-0.5,5
53,-0.5,4.1
72,-0.5,5
61,-0.5,3.9
57,-0.5,4.113
72,-0.5,6
53,-0.5,4.28
49,-0.5,4.16
102,-0.5,9
54,-0.5,4.1065
79,-0.5,9
55,-0.5,3.98
36,-0.5,3
54,-0.5,4.13
73,-0.5,8
58,-0.5,4.113
58,-0.5,4
85,-0.5,8
66,-0.5,4.13
71,-0.5,4.15625
49,-0.5,2
62,-0.5,7
51,-0.5,4
53,-0.5,5.4
77,-0.5,4.5
71,-0.5,4.14
57,-0.5,4.12
69,-0.5,7
42,-0.5,3.96
61,-0.5,7
68,-0.5,4
55,-0.5,3
63,-0.5,9
47,-0.5,4.5
47,-0.5,4
86,-0.5,9
59,-0.5,5
101,-0.5,10
58,-0.5,5
46,-0.5,5
52,-0.5,4
52,-0.5,4.104
52,-0.5,3.5
62,-0.5,3
75,-0.5,4.146
103,-0.5,9
70,-0.5,4.09
40,-0.5,3
70,-0.5,5
55,-0.5,5
59,-0.5,4.14
122,-0.5,7
75,-0.5,5.6
65,-0.5,4.11355
38,-0.5,2
53,-0.5,4.1
66,-0.5,9
42,-0.5,3
67,-0.5,7
58,-0.5,4
44,-0.5,4.3
78,-0.5,6
61,-0.5,6
64,-0.5,7.5
14,-0.5,0.2
88,-0.5,6
81,-0.5,8
53,-0.5,4
47,-0.5,4.11353
49,-0.5,4
91,-0.5,10
43,-0.5,4.4
39,-0.5,3
61,-0.5,4.11
16,-0.5,0.2
71,-0.5,4.15
37,-0.5,2.7
47,-0.5,2
94,-0.5,4.14
70,-0.5,7
38,-0.5,2
56,-0.5,6.5
34,-0.5,2.31
54,-0.5,4.1
70,-0.5,5
61,-0.5,7
93,-0.5,8
65,-0.5,4.1
73,-0.5,4.1
45,-0.5,4.1
43,-0.5,4
67,-0.5,4.1
66,-0.5,4.114
65,-0.5,4.109
60,-0.5,7
82,-0.5,7
64,-0.5,5.5
99,-0.5,5
2885,-0.5,3
45,-0.5,4.113
101,-0.5,10
54,-0.5,5
53,-0.5,3
31,-0.5,2.5
52,-0.5,4.06
56,-0.5,4.2
87,-0.5,4.12853
55,-0.5,2
7,-0.5,0.32
44,-0.5,3.85
64,-0.5,5
60,-0.5,6
54,-0.5,3.9
50,-0.5,3
27,-0.5,2
48,-0.5,4.12
58,-0.5,4.15
103,-0.5,10
73,-0.5,8
66,-0.5,6
45,-0.5,4.13
74,-0.5,3.4
64,-0.5,5
4,-0.5,0.7
65,-0.5,4.14
68,-0.5,4.10583
40,-0.5,3
86,-0.5,7
60,-0.5,4.1
48,-0.5,4.23
68,-0.5,4.114
77,-0.5,9
83,-0.5,7
75,-0.5,4.14
59,-0.5,4.049
109,-0.5,6.6
8,-0.5,0.25
54,-0.5,4.14
59,-0.5,5
65,-0.5,4
54,-0.5,4.6
55,-0.5,4.1106
85,-0.5,4
62,-0.5,4.11067
60,-0.5,6
47,-0.5,2
70,-0.5,4.1
75,-0.5,7.4
40,-0.5,4.1192
71,-0.5,4
82,-0.5,9
47,-0.5,5
47,-0.5,2.5
64,-0.5,7.4
55,-0.5,5
62,-0.5,4.113
45,-0.5,5
62,-0.5,4.7
53,-0.5,4.05
74,-0.5,6
61,-0.5,4.1
67,-0.5,4.119
89,-0.5,8
43,-0.5,4.8
60,-0.5,3.2
64,-0.5,4.131
115,-0.5,6.5
67,-0.5,4.125
72,-0.5,10
70,-0.5,4.5
57,-0.5,7
51,-0.5,4.114
36,-0.5,2
52,-0.5,4.5
47,-0.5,2
48,-0.5,2
67,-0.5,4.117
54,-0.5,4.113
64,-0.5,3.5
84,-0.5,7.2
71,-0.5,4.1139
66,-0.5,4.1
58,-0.5,4.11365
50,-0.5,4.11368
58,-0.5,4.9
80,-0.5,6
43,-0.5,3.8
69,-0.5,6
56,-0.5,4.17
110,-0.5,3.2
59,-0.5,7
65,-0.5,7
61,-0.5,8
67,-0.5,4.18
66,-0.5,4.106
48,-0.5,4.1145
53,-0.5,3.6
71,-0.5,4.118
34,-0.5,3
60,-0.5,4.11366
48,-0.5,4.112
71,-0.5,4.14814
49,-0.5,4.1122
100,-0.5,10
83,-0.5,10
55,-0.5,4.17499
43,-0.5,3.4
59,-0.5,4.088
66,-0.5,6
50,-0.5,4.04893373
61,-0.5,7
53,-0.5,7
54,-0.5,4.2
40,-0.5,2
55,-0.5,4.4
80,-0.5,4.135
74,-0.5,4
66,-0.5,4.05
7,-0.5,0.2
73,-0.5,4.5
77,-0.5,4
44,-0.5,4.3
77,-0.5,5
59,-0.5,6.9
83,-0.5,9.1
84,-0.5,9
62,-0.5,4.7
54,-0.5,4
38,-0.5,2.8
76,-0.5,4.1136179
57,-0.5,5
54,-0.5,3.15
61,-0.5,7
63,-0.5,4.1
53,-0.5,4.1136174
110,-0.5,10
68,-0.5,8
54,-0.5,6
48,-0.5,4.08
39,-0.5,2
67,-0.5,4.113617435
53,-0.5,4.18
62,-0.5,4.2
78,-0.5,4.6
56,-0.5,4.2
51,-0.5,5.1
48,-0.5,3.6
78,-0.5,8.8
76,-0.5,4.115
57,-0.5,4
116,-0.5,7.3
50,-0.5,5.5
85,-0.5,4.145
64,-0.5,9
80,-0.5,4.0875
37,-0.5,3
68,-0.5,4
3403,-0.5,4
80,-0.5,10
71,-0.5,7
86,-0.5,4.111
55,-0.5,2.5
13,-0.5,0.2
68,-0.5,7
43,-0.5,3
44,-0.5,3
71,-0.5,4
62,-0.5,4.133
65,-0.5,4.107
53,-0.5,4.19
67,-0.5,5
132,-0.5,9
52,-0.5,4.11356502
50,-0.5,4
122,-0.5,4
69,-0.5,4.2
36,-0.5,2.5
47,-0.5,2.17
90,-0.5,4
54,-0.5,4.048933729
50,-0.5,4
55,-0.5,4.1
61,-0.5,6
67,-0.5,3.7
53,-0.5,4.13
86,-0.5,7.1
53,-0.5,5
80,-0.5,8
52,-0.5,4.2
64,-0.5,4.12854
50,-0.5,4.0865
64,-0.5,4
66,-0.5,6
85,-0.5,9
55,-0.5,6
41,-0.5,3
54,-0.5,2.5
68,-0.5,4.5
72,-0.5,9
48,-0.5,5
47,-0.5,3
50,-0.5,4
52,-0.5,4.13361
88,-0.5,4.135
59,-0.5,4.113617438
119,-0.5,6
45,-0.5,3.9
64,-0.5,8.5
77,-0.5,4.109
64,-0.5,4.1055
52,-0.5,4.08501
92,-0.5,10
87,-0.5,4.5
40,-0.5,3
61,-0.5,6
98,-0.5,9
39,-0.5,3.95
50,-0.5,2
103,-0.5,9
69,-0.5,9.4
73,-0.5,3
41,-0.5,5
81,-0.5,9
102,-0.5,10
93,-0.5,8
55,-0.5,2.5
34,-0.5,3
61,-0.5,3.1
94,-0.5,2.8
52,-0.5,4
52,-0.5,4
38,-0.5,2.55
70,-0.5,4.115
40,-0.5,4.15
80,-0.5,7.5
73,-0.5,4
60,-0.5,5.5
91,-0.5,8
57,-0.5,2.1
59,-0.5,3.935
77,-0.5,6.5
47,-0.5,2.6
60,-0.5,6
64,-0.5,4.14
95,-0.5,2.5
55,-0.5,2.5
73,-0.5,8
62,-0.5,5.9
3134,-0.5,4.1
49,-0.5,3.4
63,-0.5,6
58,-0.5,2.5
44,-0.5,4.9
53,-0.5,4.1
50,-0.5,2
48,-0.5,5
55,-0.5,4.113892
40,-0.5,2
40,-0.5,4.3
53,-0.5,4.11717
61,-0.5,9
47,-0.5,3.8
49,-0.5,3.9
47,-0.5,4.1
56,-0.5,4
61,-0.5,9
52,-0.5,4.11
60,-0.5,4.14812
82,-0.5,8
31,-0.5,2.39
42,-0.5,2
66,-0.5,4.15
50,-0.5,4.5
56,-0.5,4.112261
73,-0.5,7
47,-0.5,3
78,-0.5,9
56,-0.5,4.1
65,-0.5,5
35,-0.5,2
66,-0.5,3
61,-0.5,5
66,-0.5,4.2
35,-0.5,2.6
60,-0.5,4.1
53,-0.5,5
47,-0.5,4
33,-0.5,5
67,-0.5,4.6
59,-0.5,5
55,-0.5,4.1172
59,-0.6,6
53,-0.5,7
51,-0.5,4.6
42,-0.5,2
48,-0.5,5
76,-0.5,9
64,-0.5,4.12
61,-0.5,4
72,-0.5,4
68,-0.5,4.3
102,-0.5,7.5
58,-0.5,4.15
45,-0.5,5
53,-0.5,4.13
48,-0.5,2
49,-0.5,3
69,-0.5,5.8
41,-0.5,4.3
66,-0.5,4.1
56,-0.5,4.112
55,-0.5,4.124
44,-0.5,4.25
49,-0.5,4.085014001
42,-0.5,2
68,-0.5,4.11
51,-0.5,2
55,-0.5,7
58,-0.5,5
74,-0.5,6
55,-0.5,4.8
51,-0.5,4.14
70,-0.5,5
78,-0.5,5
93,-0.5,9.2
62,-0.5,4.145
70,-0.5,4.115
62,-0.5,4.1
54,-0.5,4.2
37,-0.5,3.75
36,-0.5,2.59
51,-0.5,3.35
49,-0.5,4.146
50,-0.5,7
78,-0.5,9
48,-0.5,3
58,-0.5,7
54,-0.5,4.0852
57,-0.5,4.12
92,-0.5,4.13
50,-0.5,4.25
55,-0.5,4.12
83,-0.5,7
87,-0.5,10
3010,-0.5,6
70,-0.5,8
46,-0.5,4.3
73,-0.5,8
93,-0.5,8
56,-0.5,4.1135658
45,-0.5,4.15
53,-0.5,4.085010001
61,-0.5,4.11733
43,-0.5,4.17
52,-0.5,5
82,-0.5,8.8
63,-0.5,4.1173
72,-0.5,4.16
66,-0.5,4.18
48,-0.5,3.95
66,-0.5,4.11387
52,-0.5,5
52,-0.5,2
81,-0.5,8
80,-0.5,4.18
44,-0.5,3.92
63,-0.5,4.11
48,-0.5,4.112269
40,-0.5,4.22199
62,-0.5,4.1123
59,-0.5,5.5
97,-0.5,8.5
33,-0.5,2.38
74,-0.5,4
48,-0.5,4.1155
43,-0.5,4.3
66,-0.5,7
63,-0.5,7.3
78,-0.5,7
56,-0.5,4.3
85,-0.5,9
75,-0.5,6
91,-0.5,6.5
65,-0.5,4.1094
64,-0.5,4.2
68,-0.5,4.15
122,-0.5,9
58,-0.5,4.12
52,-0.5,4.19
112,-0.5,6.3
48,-0.5,5.5
74,-0.5,8
46,-0.5,6
42,-0.5,3.9
120,-0.5,3.84
59,-0.5,4.16
62,-0.5,7
83,-0.5,10
42,-0.5,4.1135207
49,-0.5,2
81,-0.5,3
88,-0.5,5.7
85,-0.5,7
58,-0.5,4.11568
45,-0.5,4
64,-0.5,4.132
71,-0.5,8
56,-0.5,4.1207
81,-0.5,4.11
44,-0.5,3
50,-0.5,4.11352
45,-0.5,2
79,-0.5,10
62,-0.5,4.1159
43,-0.5,4
98,-0.5,8
82,-0.5,5
89,-0.5,6
82,-0.5,8.5
60,-0.5,4.5
57,-0.5,5
17,-0.5,0.5
48,-0.5,4.118
45,-0.5,2
137,-0.5,10
87,-0.5,10
51,-0.5,3.7
67,-0.5,3
68,-0.5,4.1135
61,-0.5,4.12
56,-0.5,4.15
55,-0.5,4.117
95,-0.5,8
109,-0.5,4.12
74,-0.5,9.5
73,-0.5,4
73,-0.5,4.2
55,-0.5,4.16
45,-0.5,2.6
60,-0.5,4.1138
70,-0.5,6.5
52,-0.5,3
54,-0.5,4.113617435
82,-0.5,4.19
88,-0.5,9.5
51,-0.5,4.2
41,-0.5,4.1122
56,-0.5,3.6
61,-0.5,4.11386
113,-0.5,3.7
97,-0.5,7.6
78,-0.5,8.4
46,-0.5,3.7
78,-0.5,7
64,-0.5,4.08501005
65,-0.5,7
65,-0.5,2.2
86,-0.5,8
54,-0.5,4.11
62,-0.5,4.113
43,-0.5,2
68,-0.5,5.8
4,-0.5,1
64,-0.5,4.2
55,-0.5,6.5
70,-0.5,9
56,-0.5,4.147
51,-0.5,8.4
47,-0.5,4.11
82,-0.5,4
62,-0.5,4
56,-0.5,4.12
58,-0.5,5
60,-0.5,4.113617435
49,-0.5,4.1138
65,-0.5,4.14
53,-0.5,3
44,-0.5,4.192
64,-0.5,4.109
65,-0.5,3.5
68,-0.5,7
47,-0.5,4.75
54,-0.5,4.05
49,-0.5,3
9,-0.5,0.5
54,-0.5,4.111
44,-0.5,4.1
60,-0.5,7
15,-0.5,0.6
62,-0.5,4.113
60,-0.5,4
2997,-0.5,2
71,-0.5,9
73,-0.5,6.5
66,-0.5,4.1132
74,-0.5,9.5
52,-0.5,4.1135
111,-0.5,3.5
59,-0.5,4.11727
57,-0.5,2
79,-0.5,4.11361733
86,-0.5,9.2
49,-0.5,2.8
43,-0.5,2.2
86,-0.5,9
56,-0.5,4
76,-0.5,7
69,-0.5,4.09
67,-0.5,4.1143
59,-0.5,6
72,-0.5,4.1122
57,-0.5,4.11715
47,-0.5,5
88,-0.5,8
56,-0.5,4.12
54,-0.5,4.113565
63,-0.5,6
76,-0.5,6
55,-0.5,4.1
41,-0.5,4.1273
64,-0.5,4.12
56,-0.5,3
62,-0.5,5
52,-0.5,5.9
56,-0.5,5
52,-0.5,7
46,-0.5,4
65,-0.5,9
77,-0.5,7
60,-0.5,6
46,-0.5,4.1123
84,-0.5,10
58,-0.5,4.4
93,-0.5,8
54,-0.5,3
51,-0.5,2
47,-0.5,3
87,-0.5,4.115
102,-0.5,2
49,-0.5,4.16
54,-0.5,2.5
70,-0.5,7
53,-0.5,2
59,-0.5,5
64,-0.5,4
9,-0.5,1
53,-0.5,4.113617435
81,-0.5,4.11
62,-0.5,4
61,-0.5,4.0850105
63,-0.5,4.11353
103,-0.5,6
65,-0.5,8.5
50,-0.5,4.114
50,-0.5,4
63,-0.5,4.11734
62,-0.5,7
55,-0.5,3
63,-0.5,6
48,-0.5,3.9196
46,-0.5,4
57,-0.5,6
37,-0.5,4
45,-0.5,5
63,-0.5,4.5
38,-0.5,2
74,-0.5,9.6
62,-0.5,2.7
74,-0.5,7
65,-0.5,6
54,-0.5,4
52,-0.5,3
44,-0.5,4.1124
69,-0.5,8
53,-0.5,4.1
72,-0.5,4.1
68,-0.5,7
79,-0.5,4.0865
66,-0.5,6
33,-0.5,2
44,-0.5,5
52,-0.5,4.2
75,-0.5,9.4
36,-0.5,2.1
52,-0.5,3.5
89,-0.5,6.2
45,-0.5,3
89,-0.5,8.6
62,-0.5,4.112
74,-0.5,5.5
61,-0.5,7
65,-0.5,9
41,-0.5,4.11352
68,-0.5,4.108
46,-0.5,4
52,-0.5,7
125,-0.5,7
63,-0.5,4.2
102,-0.5,9.6
58,-0.5,7
58,-0.5,4.75
53,-0.5,4
57,-0.5,7
72,-0.5,5
84,-0.5,4
45,-0.5,4.5
56,-0.5,3.97
55,-0.5,4.1
44,-0.5,4.19
56,-0.5,2
55,-0.5,4.111
122,-0.5,9
57,-0.5,4.5
49,-0.5,4.15
47,-0.5,4.1165
74,-0.5,4.116
44,-0.5,2
80,-0.5,8
61,-0.5,6
68,-0.5,3.5
46,-0.5,5
64,-0.5,3.6
101,-0.5,9.5
41,-0.5,4.096
63,-0.5,4.1146
59,-0.5,4.12
42,-0.5,5
34,-0.5,2
45,-0.5,4.12
62,-0.5,4
98,-0.5,10
38,-0.5,2
52,-0.5,4.11356501
76,-0.5,9
72,-0.5,6
47,-0.5,2.5
59,-0.5,4.11
95,-0.5,8
51,-0.5,4.17
54,-0.5,4.1
2941,-0.5,3
61,-0.5,6.4
51,-0.5,4.6
59,-0.5,8.1
53,-0.5,4.12
80,-0.5,5
66,-0.5,4.107
61,-0.5,9.8
72,-0.5,4.125
45,-0.5,4
61,-0.5,4.115
72,-0.5,7.5
70,-0.5,7
67,-0.5,4.11361731
81,-0.5,4.1
56,-0.5,4.2
61,-0.5,4.1
50,-0.5,7
45,-0.5,3
54,-0.5,4.1137
77,-0.5,7
53,-0.5,2
61,-0.5,4.1
91,-0.5,6
49,-0.5,5
39,-0.5,2.7
63,-0.5,5.2
65,-0.5,4.11743
66,-0.5,4.4
43,-0.5,3.5
112,-0.5,10
72,-0.5,4.5
49,-0.5,4.8
90,-0.5,8
39,-0.5,3
55,-0.5,4.113
41,-0.5,4.8
60,-0.5,4.7
82,-0.5,9
54,-0.5,3
71,-0.5,4.6
51,-0.5,6
53,-0.5,4.1137
51,-0.5,4.2
63,-0.5,4.13
73,-0.5,4.1425
58,-0.5,4.15
51,-0.5,4.18
82,-0.5,3.66
54,-0.5,4.165
55,-0.5,6
54,-0.5,4
58,-0.5,4.15
52,-0.5,5
77,-0.5,8
123,-0.5,9.9
57,-0.5,4.115
80,-0.5,8
61,-0.5,7.4
68,-0.5,6
49,-0.5,4.1135205
55,-0.5,2.5
59,-0.5,4.113617435
49,-0.5,4.117
58,-0.5,4.2
74,-0.5,10
55,-0.5,4.1136
67,-0.5,4.112
62,-0.5,7
62,-0.5,5
44,-0.5,4.2
41,-0.5,4.12
41,-0.5,4.15
66,-0.5,4.106
59,-0.5,4
97,-0.5,8
41,-0.5,4.15
70,-0.5,6
59,-0.5,3.78
76,-0.5,4.1204
58,-0.5,4.14
55,-0.5,5
57,-0.5,4.5
60,-0.5,4.113617435
44,-0.5,3.8
84,-0.5,7.4
51,-0.5,4.1
57,-0.5,4.2
56,-0.5,4.108
68,-0.5,4.17362
51,-0.5,4.5
104,-0.5,4
59,-0.5,5
109,-0.5,3.87
37,-0.5,2
61,-0.5,3.4
50,-0.5,4.08
63,-0.5,5
40,-0.5,2
40,-0.5,4.12
48,-0.5,4.15
65,-0.5,4.1135
87,-0.5,9
60,-0.5,6.5
53,-0.5,4.12
55,-0.5,4.109
53,-0.5,3
63,-0.5,4.4
60,-0.5,7.5
55,-1,5
94,-0.5,8
60,-0.5,5.5
59,-0.5,6.5
76,-0.5,4.4
53,-0.5,3.4
100,-0.5,8
47,-0.5,6
91,-0.5,6.5
61,-0.5,4.11714
52,-0.5,4.128
72,-0.5,3.5
60,-0.5,4.16
66,-0.5,9.8
58,-0.5,7
41,-0.5,2.5
53,-0.5,4.113617435
92,-0.5,4.1461
93,-0.5,6
60,-0.5,4.113617435
64,-0.5,3.6
36,-0.5,2
55,-0.5,4.11137
52,-0.5,4.075
52,-0.5,4.4
86,-0.5,4.2
55,-0.5,6
59,-0.5,4.11389
64,-0.5,8
56,-0.5,4.118
38,-0.5,3
49,-0.5,5
59,-0.5,4.113617435
57,-0.5,4.113617435
8,-0.5,0.2
94,-0.5,8
80,-0.5,4.102
68,-0.5,5.5
75,-0.5,4.9
46,-0.5,4.084
48,-0.5,4.113
45,-0.5,4.11361732
95,-0.5,4.13
121,-0.5,10
71,-0.5,9
49,-0.5,2
80,-0.5,8
50,-0.5,3
50,-0.5,4.1136
66,-0.5,3.93
5,-0.5,0.5
52,-0.5,4.15
6,-0.5,1
44,-0.5,4.16
60,-0.5,4.1462
62,-0.5,4.1135657
59,-0.5,3.7
103,-0.5,8.2
68,-0.5,4.116
56,-0.5,6.2
49,-0.5,4.11220005
56,-0.5,5
63,-0.5,6
44,-0.5,4.3
57,-0.5,4.125
69,-0.5,4.115
57,-0.5,4.113617435
64,-0.5,4.126
125,-0.5,10
64,-0.5,5
43,-0.5,5
119,-0.5,5
86,-0.5,8.5
61,-0.5,3.9203
40,-0.5,2
73,-0.5,8
41,-0.5,3
56,-0.5,4.5
65,-0.5,8.5
67,-0.5,8.6
68,-0.5,7
62,-0.5,4
58,-0.5,5
67,-0.5,4.11227
66,-0.5,4.141
66,-0.5,4.142
55,-0.5,4.1
59,-0.5,4.1136177
68,-0.5,4.14
75,-0.5,9
53,-0.5,4.149
64,-0.5,9
59,-0.5,4.1139
63,-0.5,2
111,-0.5,6
64,-0.5,4.13
77,-0.5,8
73,-0.5,7.6
98,-0.5,7.5
45,-0.5,3.5
55,-0.5,5.6
45,-0.5,5
92,-0.5,3.98
83,-0.5,9
87,-0.5,9
67,-0.5,4
58,-0.5,4.47
73,-0.5,5.5
59,-0.5,6
60,-0.5,6
50,-0.5,3
65,-0.5,4.2
45,-0.5,4.08
44,-0.5,3
72,-0.5,6
68,-0.5,4.2
53,-0.5,4.11752
46,-0.5,4.191
68,-0.5,4.2
50,-0.5,2
87,-0.5,7
61,-0.5,5
78,-0.5,4.135
44,-0.5,4.9
54,-0.5,4.11
43,-0.5,5
39,-0.5,3
36,-0.5,2
45,-0.5,2.56
35,-0.5,2.51
44,-0.5,3.91955
53,-0.5,4.18
43,-0.5,4.11505
62,-0.5,4.17
41,-0.5,2
54,-0.5,4.113617435
113,-0.5,5
64,-0.5,4.7
53,-0.5,2.4
50,-0.5,3.5
39,-0.5,3
53,-0.5,6
88,-0.5,9
64,-0.5,4.128216
61,-0.5,4.4
72,-0.5,6
39,-0.5,3
70,-0.5,9
45,-0.5,3
33,-0.5,2
64,-0.5,4.16
50,-0.5,4.1194
55,-0.5,4.3
41,-0.5,2.8994
65,-0.5,4.1
59,-0.5,3
41,-0.5,4.13
4,-0.5,1
42,-0.5,2.5
63,-0.5,4.11361749
68,-0.5,4.1435
57,-0.5,2
5,-0.5,5.4
57,-0.5,4.085012
54,-0.5,5
41,-0.5,2.22
122,-0.5,5
59,-0.5,5
61,-0.5,4.2
58,-0.5,4.13
83,-0.5,8
52,-0.5,4.05
93,-0.5,8
56,-0.5,4.95
81,-0.5,9.4
66,-0.5,8
77,-0.5,4.139
54,-0.5,4.1
67,-0.5,4.5
78,-0.5,4.2
69,-0.5,4.3
3100,-0.5,4.2
75,-0.5,4.122
88,-0.5,9
70,-0.5,7
54,-0.5,5
70,-0.5,4
76,-0.5,6.6
52,-0.5,4.2
52,-0.5,4.113617435
63,-0.5,4
56,-0.5,3.3
51,-0.5,4.19
58,-0.5,4.1
87,-0.5,6
93,-0.5,8
66,-0.5,2
49,-0.5,3
57,-0.5,5
45,-0.5,2.6
85,-0.5,4
47,-0.5,5
89,-0.5,8
80,-0.5,8
53,-0.5,2
55,-0.5,3.5
50,-0.5,4.3
59,-0.5,4.1
60,-0.5,4.11713
82,-0.5,9
48,-0.5,5
78,-0.5,8
47,-0.5,2.6
59,-0.5,4.25
62,-0.5,9
56,-0.5,4.113617431
10,-0.5,1
74,-0.5,8
60,-0.5,4.105
48,-0.5,5
49,-0.5,4.8
52,-0.5,4.16
83,-0.5,4.3
46,-0.5,4.116
71,-0.5,7
48,-0.5,3
65,-0.5,4.133
63,-0.5,4.1136
45,-0.5,3.5
58,-0.5,2.5
75,-0.5,4.124
42,-0.5,3
101,-0.5,10
55,-0.5,4.5
68,-0.5,4.13
65,-0.5,8.5
60,-0.5,5
52,-0.5,4.2
56,-0.5,4.15
45,-0.5,4
63,-0.5,4.12
71,-0.5,4.108
44,-0.5,4.115
68,-0.5,4.11
79,-0.5,9
93,-0.5,9
121,-0.5,6
101,-0.5,3.95
68,-0.5,4.12
68,-0.5,4.144
63,-0.5,4
73,-0.5,7
49,-0.5,2
59,-0.5,4.113
58,-0.5,5
47,-0.5,3.5
90,0.2,5
64,-0.5,5
68,-0.5,4
61,-0.5,4.12
86,-0.5,7
73,-0.5,5
46,-0.5,4.125
52,-0.5,4.5
56,-0.5,4.1174
44,-0.5,2.5
43,-0.5,3
59,-0.5,7.7
40,-0.5,2
81,-0.5,4
58,-0.5,4.115
77,-0.5,4.5
63,-0.5,9
64,-0.5,4.087
103,-0.5,7
63,-0.5,3
73,-0.5,9
22,-0.5,1
53,-0.5,5.4
79,-0.5,6.5
83,-0.5,10
90,-0.5,3.7
72,-0.5,9
80,-0.5,10
84,-0.5,8
61,-0.5,4.12
54,-0.5,3
66,-0.5,4
50,-0.5,3.9
69,-0.5,9
41,-0.5,4.3
51,-0.5,4.11361737
55,-0.5,4.11
55,-0.5,4.135
66,-0.5,8
66,-0.5,5
74,-0.5,4.146
47,-0.5,4.15
76,-0.5,3.9
55,-0.5,3
45,-0.5,4.3
74,-0.5,4.111
58,-0.5,4.12
54,-0.5,4.05
119,-0.5,5
78,-0.5,7
49,-0.5,5
38,-0.5,4.15
54,-0.5,4.11744
74,-0.5,4.11701
48,-0.5,4.3
50,-0.5,4.6
87,-0.5,5
47,-0.5,4.14
74,-0.5,9
48,-0.5,3
105,-0.5,10
69,-0.5,8
47,-0.5,4.05
45,-0.5,4
61,-0.5,4.115
7,-0.5,1
73,-0.5,6.5
79,-0.5,8
60,-0.5,5
48,-0.5,3.6
87,-0.5,8
57,-0.5,7.5
53,-0.5,5
64,-0.5,4.15
45,-0.5,3.4
71,-0.5,4.132
46,-0.5,4.11748
63,-0.5,7
58,-0.5,4.112202
70,-0.5,4
97,-0.5,4
63,-0.5,4.05
46,-0.5,4
59,-0.5,7
50,-0.5,2
106,-0.5,9.5
66,-0.5,6
58,-0.5,7
59,-0.5,2.5
69,-0.5,5
41,-0.5,3
45,-0.5,2
70,-0.5,3.9
61,-0.5,4.12
47,-0.5,4.11375
66,-0.5,4.113
74,-0.5,4.5
65,-0.5,4.114
52,-0.5,4.112
50,-0.5,4.13
136,-0.5,7
80,-0.5,10
41,-0.5,4.8
61,-0.5,5
54,-0.5,4.1875
58,-0.5,4.25
45,-0.5,4
57,-0.5,2.5
51,-0.5,6
82,-0.5,9
62,-0.5,4
67,-0.5,5
56,-0.5,4.19
51,-0.5,4.15
53,-0.5,4.05
66,-0.5,4.55
86,-0.5,10
52,-0.5,4.2
63,-0.5,4.1
77,-0.5,5.5
72,-0.5,4.2
65,-0.5,4.13
69,-0.5,9
77,-0.5,4.5
50,-0.5,4.11751
60,-0.5,3.2
45,-0.5,4.1
59,-0.5,4.5
85,-0.5,6.5
61,-0.5,6.3
46,-0.5,4.4
81,-0.5,8
79,-0.5,7
61,-0.5,4.091
61,-0.5,4.10952
64,-0.5,5
70,-0.5,4.11
62,-0.5,5.8
76,-0.5,10
66,-0.5,9
82,-0.5,9.5
57,-0.5,5
58,-0.5,4
78,-0.5,4.1
45,-0.5,3.5
82,-0.5,4.5
61,-0.5,4.4
75,-0.5,7.5
43,-0.5,4.19
91,-0.5,8
63,-0.5,4.12
53,-0.5,4.11351
66,-0.5,4.2
84,-0.5,6
50,-0.5,5.5
63,-0.5,6.4
43,-0.5,4.1138
92,-0.5,8.5
60,-0.5,9
51,-0.5,2
53,-0.5,4.1139
47,-0.5,3.5
38,-0.5,3
51,-0.5,4.1
76,-0.5,9
51,-0.5,4.7
51,-0.5,4
49,-0.5,4.5
48,-0.5,4.8
41,-0.5,2
107,-0.5,8.5
47,-0.5,4.16
62,-0.5,4.13
47,-0.5,4.14
68,-0.5,3.2
45,-0.5,4.9
51,-0.5,4.1165
66,-0.5,4.2
4,-0.5,1
43,-0.5,4.15
75,-0.5,6
54,-0.5,4.048933728
71,-0.5,4.11361747
93,-0.5,7.7
51,-0.5,4.115
77,-0.5,7
68,-0.5,6
60,-0.5,4.3
72,-0.5,7.5
59,-0.5,4.1
54,-0.5,5
49,-0.5,2
44,-0.5,3
77,-0.5,6
68,-0.5,6
44,-0.5,3.82
60,-0.5,5
48,-0.5,4.11766
70,-0.5,7.8
106,-0.5,8
54,-0.5,4.12
49,-0.5,3
48,-0.5,4.25
54,-0.5,4.114
55,-0.5,4.3
97,-0.5,10
75,-0.5,4.119
49,-0.5,2.5
70,-0.5,4
68,-0.5,7.5
43,-0.5,2.43
68,-0.5,4.5
58,-0.5,4.5
61,-0.5,7
62,-0.5,7
65,-0.5,4.116
64,-0.5,4.099
56,-0.5,4.9
67,-0.5,4.1162
47,-0.5,4.15
65,-0.5,4.14
67,-0.5,8
57,-0.5,4.085
60,-0.5,4.2
81,-0.5,8
125,-0.5,10
79,-0.5,7
56,-0.5,3.5
61,-0.5,4.11709
78,-0.5,4.11
96,-0.5,3
57,-0.5,7.8
54,-0.5,4.15
46,-0.5,4.06
15,-0.5,1.5
44,-0.5,2
67,-0.5,4.11
54,-0.5,4
48,-0.5,5
60,-0.5,5
43,-0.5,2.5
62,-0.5,4.1
47,-0.5,3.93
63,-0.5,4.1203
72,-0.5,9.5
62,-0.5,5.4
60,-0.5,6
81,-0.5,5
53,-0.5,4
62,-0.5,4
57,-0.5,3.1
73,-0.5,10
83,-0.5,9
86,-0.5,3.6
65,-0.5,4.113617435
127,-0.5,9.4
50,-0.5,4.11
51,-0.5,6
53,-0.5,4.11356504
78,-0.5,8
61,-0.5,4.11756
79,-0.5,8
105,-0.5,6.1
70,-0.5,8.5
45,-0.5,3
47,-0.5,4
38,-0.5,2.6
46,-0.5,4.3
57,-0.5,4.11
46,-0.5,4.05
67,-0.5,7
53,-0.5,4.15
50,-0.5,4.149
70,-0.5,4
45,-0.5,4.13
45,-0.5,2.25
43,-0.5,4.081
68,-0.5,4.6
69,-0.5,4.2
87,-0.5,7.5
42,-0.5,3
57,-0.5,3
84,-0.5,7.5
58,-0.5,4.14
78,-0.5,10
48,-0.5,5
53,-0.5,4.115
62,-0.5,4.11754
44,-0.5,2.26
64,-0.5,4.1
58,-0.5,3
71,-0.5,9.5
52,-0.5,4.5
91,-0.5,9
35,-0.5,2.54
64,-0.5,5
61,-0.5,9.8
51,-0.5,4.111
75,-0.5,6.5
77,-0.5,8
52,-0.5,4.113
65,-0.5,6
62,-0.5,4.109
60,-0.5,4.5
49,-0.5,4.085013
61,-0.5,2
37,-0.5,2.49
56,-0.5,4.11138
56,-0.5,4.112265
63,-0.5,4
80,-0.5,10
67,-0.5,4.1
47,-0.5,5
54,-0.5,3.5
65,-0.5,4.1121
50,-0.5,3
65,-0.5,6
91,-0.5,5.5
78,-0.5,4.13
72,-0.5,9
15,-0.5,0.3
50,-0.5,4.15
77,-0.5,7
48,-0.5,2.1
79,-0.5,4.2
51,-0.5,4.112
68,-0.5,8
68,-0.5,8
69,-0.5,4.2
50,-0.5,4.108
39,-0.5,2
55,-0.5,4.145
64,-0.5,4.11711
57,-0.5,4.1137
67,-0.5,4.128212
45,-0.5,5.1
52,-0.5,4.3
35,-0.5,5
88,-0.5,8
62,-0.5,4.16
39,-0.5,2
38,-0.5,2.29
55,-0.5,4.09
53,-0.5,4.9
101,-0.5,3
44,-0.5,4.8
134,-0.5,9.3
29,-0.5,2.61
82,-0.5,9
49,-0.5,4.10585
3062,-0.5,3.5
64,-0.5,4.13
81,-0.5,4
61,-0.5,4
18,-0.5,1
43,-0.5,3
46,-0.5,2
69,-0.5,6
52,-0.5,3
60,-0.5,4.11132
73,-0.5,4
106,-0.5,8.5
46,-0.5,3
78,-0.5,8.8
70,-0.5,4.2
55,-0.5,5
78,-0.5,10
42,-0.5,3
35,-0.5,2.12
71,-0.2,8
47,-0.5,4.16
59,-0.5,6.8
87,-0.5,9
65,-0.5,4
33,-0.5,2
64,-0.5,4.12
47,-0.5,4.5
76,-0.5,4
46,-0.5,4.15
60,-0.5,3.98
73,-0.5,4.11
105,-0.5,8
55,-0.5,3
55,-0.5,4.4
47,-0.5,2
72,-0.5,7
44,-0.5,2
63,-0.5,4.13
47,-0.5,4.13
80,-0.5,9.7
88,-0.5,9.5
63,-0.5,6
58,-0.5,4.105
77,-0.5,4.112
74,-0.5,4.4
70,-0.5,4.13
70,-0.5,7
36,-0.5,2
36,-0.5,3
60,-0.5,5
115,-0.5,8
53,-0.5,4.113617433
114,-0.5,8
83,-0.5,8
60,-0.5,3
67,-0.5,3.4
94,-0.5,7
54,-0.5,2.6
34,-0.5,2
70,-0.5,3.5
37,-0.5,3
41,-0.5,2.9
60,-0.5,4.15
62,-0.5,4.1137
70,-0.5,4
60,-0.5,5
87,-0.5,4.1136179
58,-0.5,3.92
52,-0.5,4.1
63,-0.5,5
45,-0.5,4.119
39,-0.5,2.3
53,-0.5,6
55,-0.5,3.8
54,-0.5,4.1
66,-0.5,6
68,-0.5,7
48,-0.5,3.6
50,-0.5,6
68,-0.5,4.02
67,-0.5,4.2
54,-0.5,5
63,-0.5,4.11071
55,-0.5,7
111,-0.5,10
43,-0.5,4.4
81,-0.5,4.5
63,-0.5,4.25
57,-0.5,7
64,-0.5,4.17
71,-0.5,4.11704
39,-0.5,3
39,-0.5,3
69,-0.5,3.5
68,-0.5,9
99,-0.5,10
84,-0.5,8
60,-0.5,4.1136171
46,-0.5,4.1124
44,-0.5,4
82,-0.5,8
59,-0.5,4.086
49,-0.5,4.15
63,-0.5,7
56,-0.5,6.5
40,-0.5,2
75,-0.5,6.5
62,-0.5,4.1144
61,-0.5,5
47,-0.5,4.1128
43,-0.5,3
45,-0.5,3
47,-0.5,4.8
70,-0.5,7
53,-0.5,4.15
46,-0.5,4.1
41,-0.5,2
59,-0.5,2.5
46,-0.5,4.1
52,-0.5,7
77,-0.5,7
38,-0.5,2.6
53,-0.5,4.2
48,-0.5,2.2
58,-0.5,4.09
59,-0.5,4.109
74,-0.5,8.5
46,-0.5,4
50,-0.5,4
93,-0.5,10
54,-0.5,4.04893373
52,-0.5,2
84,-0.5,8
54,-0.5,3.5
71,-0.5,6.2
47,-0.5,4.12
67,-0.5,7
65,-0.5,4
73,-0.5,6.1
74,-0.5,7.2
77,-0.5,4.12
62,-0.5,4.11716
65,-0.5,4.1
41,-0.5,4.13
4,-0.5,0.5
62,-0.5,4.113617435
54,-0.5,5.5
59,-0.5,6.5
85,-0.5,10
90,-0.5,7.9
45,-0.5,5
59,-0.5,4.5
40,-0.5,2.8
77,-0.5,5
73,-0.5,4.1
64,-0.5,3.8
40,-0.5,2.4
86,-0.5,9.5
50,-0.5,5
54,-0.5,4.1135
45,-0.5,3
66,-0.5,3
42,-0.5,2.37
62,-0.5,5
48,-0.5,4.1171
65,-0.5,4.2
69,-0.5,2
60,-0.5,4.5
53,-0.5,3
60,-0.5,6
52,-0.5,3.996
66,-0.5,5
46,-0.5,5.5
53,-0.5,4.1
107,-0.5,10
110,-0.5,4.18
40,-0.5,2.4
52,-0.5,6
57,-0.5,4.1
62,-0.5,6
56,-0.5,4.19
67,-0.5,4.9
55,-0.5,3.9201
73,-0.5,4
36,-0.5,3
65,-0.5,4.1131
61,-0.5,4.18
60,-0.5,8.4
46,-0.5,4.15
57,-0.5,4
63,-0.5,4.111
58,-0.5,4.11
44,-0.5,3
90,-0.5,8
75,-0.5,4.11356505
48,-0.5,4.7
55,-0.5,4.097
61,-0.5,6
59,-0.5,2.5
57,-0.5,4.11361734
58,-0.5,4.11069
49,-0.5,4
64,-0.5,4.1107
53,-0.5,4.17
64,-0.5,7
42,-0.5,2.4
55,-0.5,6
57,-0.5,4
84,-0.5,4.3
100,-0.5,9
36,-0.5,2
71,-0.5,4.14
95,-0.5,3.7
72,-0.5,4.135
93,-0.5,7.4
70,-0.5,10
55,-0.5,6
89,-0.5,9.5
42,-0.5,3
70,-0.5,6
71,-0.5,9.5
44,-0.5,3.6
80,-0.5,4.18
66,-0.5,7.6
50,-0.5,5
45,-0.5,3.5
46,-0.5,3.5
60,-0.5,4.04
55,-0.5,5
58,-0.5,4.10945
88,-0.5,10
36,-0.5,2
54,-0.5,4.113617435
116,-0.5,3.668
52,-0.5,4.115
64,-0.5,4.113617436
53,-0.5,3
54,-0.5,3.998
64,-0.5,4.4
44,-0.5,3
33,-0.5,2
73,-0.5,4.102
60,-0.5,4
70,-0.5,8
54,-0.5,4.11074
86,-0.5,9
59,-0.5,4.1
43,-0.5,4.11352
56,-0.5,4.10587
62,-0.5,9
54,-0.5,3
51,-0.5,4.113619
36,-0.5,3
66,-0.5,4.1
46,-0.5,4.119
69,-0.5,6
45,-0.5,4.4
56,-0.5,3.94
58,-0.5,4.2
55,-0.5,4.0862
80,-0.5,4
97,-0.5,10
47,-0.5,3
64,-0.5,7
50,-0.5,4.25
60,-0.5,4.111
44,-0.5,3.9
52,-0.5,4.11749
124,-0.5,9
41,-0.5,4.8
69,-0.5,4.1135
67,-0.5,9
58,-0.5,6
58,-0.5,6.4
55,-0.5,5
69,-0.5,5.4
56,-0.5,4.15
63,-0.5,4.13
76,-0.5,7
64,-0.5,4.16
59,-0.5,4.15
54,-0.5,4.113
56,-0.5,7.8
49,-0.5,4.5
63,-0.5,4.2
56,-0.5,7
59,-0.5,4.11358
61,-0.5,8.5
54,-0.5,6
60,-0.5,4.11742
154,-0.5,9
54,-0.5,4.1158
66,-0.5,4.1
53,-0.5,4.11
51,-0.5,2.4
52,-0.5,4.11
61,-0.5,4.11073
77,-0.5,5
74,-0.5,8
52,-0.5,2
56,-0.5,7
50,-0.5,4
59,-0.5,4
60,-0.5,2.5
83,-0.5,4.5
47,-0.5,4.07505
87,-0.5,8
57,-0.5,4.26
58,-0.5,3.5
70,-0.5,8.5
56,-0.5,5.5
49,-0.5,4.14
68,-0.5,3.801
42,-0.5,3.5
49,-0.5,7
52,-0.5,2.5
60,-0.5,4.3
59,-0.5,4
41,-0.5,3.919
56,-0.5,7
54,-0.5,4.113617435
50,-0.5,4.116
65,-0.5,9
88,-0.5,8
65,-0.5,4.11325
69,-0.5,4.2
50,-0.5,4
49,-0.5,4.16
92,-0.5,9
74,-0.5,4.2
85,-0.5,10
67,-0.5,4.5
136,-0.5,4.134
63,-0.5,4.1178
46,-0.5,4.9
5,-0.5,1
82,-0.5,6.5
75,-0.5,6
65,-0.5,4.11362
52,-0.5,4
85,-0.5,8
41,-0.5,4.8
71,-0.5,4.5
60,-0.5,4.4
66,-0.5,4.109
44,-0.5,3.9
82,-0.5,5
158,-0.5,10
60,-0.5,3
49,-0.5,4.11
64,-0.5,4.109
69,-0.5,8
50,-0.5,5.5
35,-0.5,2
78,-0.5,8
54,-0.5,5
53,-0.5,4.13
53,-0.5,5
75,-0.5,4.5
53,-0.5,5
65,-0.5,7.8
60,-0.5,4.111
62,-0.5,6
42,-0.5,2
63,-0.5,4.35
62,-0.5,4.5
40,-0.5,2.8
48,-0.5,2.8
61,-0.5,2.5
57,-0.5,3.5
54,-0.5,5
61,-0.5,4.8
70,-0.5,4.17
65,-0.5,4.13
86,-0.5,3.4
61,-0.5,3
48,-0.5,2.2
70,-0.5,6
76,-0.5,4.1
61,-0.5,6
49,-0.5,7
106,-0.5,10
57,-0.5,4.1
62,-0.5,4.095
46,-0.5,2
96,-0.5,8
51,-0.5,3.5
54,-0.5,4.12
46,-0.5,4.1176
82,-0.5,5.5
93,-0.5,8
43,-0.5,2.7
44,-0.5,4.1
69,-0.5,4.7
43,-0.5,4.115
43,-0.5,2
53,-0.5,4.08
56,-0.5,6
55,-0.5,3.75
47,-0.5,4.082
67,-0.5,4.4
50,-0.5,4.4
51,-0.5,4.3
47,-0.5,4.1137
79,-0.5,7
61,-0.5,4.11723
107,-0.5,6.8
66,-0.5,4.4
58,-0.5,5
49,-0.5,4.1136172
67,-0.5,9
80,-0.5,4.1
78,-0.5,9.6
46,-0.5,4
56,-0.5,7
43,-0.5,3.5
63,-0.5,4.11
52,-0.5,4.04893373
61,-0.5,5
44,-0.2,4.12
82,-0.5,6
87,-0.5,8
71,-0.5,10
72,-0.5,4.1056
69,-0.5,4.085011
53,-0.5,4.1189
73,-0.5,9
70,-0.5,6
67,-0.5,4.1058
58,-0.5,4.1
63,-0.5,5
48,-0.5,4
68,-0.5,2.2
83,-0.5,5.5
53,-0.5,4
60,-0.5,4.2
45,-0.5,4.1
60,-0.5,4.1481
52,-0.5,3
88,-0.5,9
44,-0.5,4.06
56,-0.5,3
88,-0.5,4.2
171,-0.5,10
47,-0.5,4.12
86,-0.5,2
54,-0.5,4.1
64,-0.5,4
67,-0.5,4.11725
41,-0.5,3
50,-0.5,4.19
54,-0.5,5
46,-0.5,2
43,-0.5,4.1164
68,-0.5,7
97,-0.5,9
59,-0.5,8.5
42,-0.5,2.18
52,-0.5,4.113
93,-0.5,9.5
58,-0.5,4.1
54,-0.5,4.1133
43,-0.5,2.24
55,-0.5,3
48,-0.5,4.4
68,-0.5,4.125
50,-0.5,4
62,-0.5,3.2
96,-0.5,6.5
105,-0.5,7
89,-0.5,5
66,-0.5,4
54,-0.5,2.3
68,-0.5,3.5
61,-0.5,4.11702
61,-0.5,4
55,-0.5,4.13362
72,-0.5,4.169
61,-0.5,4
62,-0.5,4.11
58,-0.5,4
74,-0.5,4.146
51,-0.5,4.9
50,-0.5,4.2
87,-0.5,8
59,-0.5,4.14
61,-0.5,4.17
60,-0.5,7
49,-0.5,4.18932
52,-0.5,4.1
63,-0.5,4.0850107
73,-0.5,8
64,-0.5,4.2
51,-0.5,2.2
61,-0.5,4
55,-0.5,4.12
90,-0.5,10
71,-0.5,4.2
71,-0.5,8.8
61,-0.5,4.113617434
55,-0.5,4.11746
86,-0.5,9.5
62,-0.5,4.1133
56,-0.5,4.2
82,-0.5,9
50,-0.5,4.11
51,-0.5,4.14
57,-0.5,6
84,-0.5,8.7
54,-0.5,4.1
65,-0.5,2
75,-0.5,10
100,-0.5,3.99
46,-0.5,2
46,-0.5,2
56,-0.5,4.139
53,-0.5,4.2
85,-0.5,8
84,-0.5,9
51,-0.5,4.107
54,-0.5,4.085014
45,-0.5,4.111
56,-0.5,4.4
77,-0.5,7
44,-0.5,4.15
66,-0.5,4
46,-0.5,4.15
48,-0.5,4.1079
48,-0.5,4.3
72,-0.5,3.9
74,-0.5,4.103
98,-0.5,8
43,-0.5,2
56,-0.5,4.113617435
131,-0.5,10
54,-0.5,4.13
47,-0.5,4.1185
86,-0.5,7
107,-0.5,3.85
76,-0.5,8
74,-0.5,5
51,-0.5,4.1138
52,-0.5,3
81,-0.5,8
67,-0.5,4.118
81,-0.5,5
49,-0.5,3
57,-0.5,4.118
61,-0.5,5
63,-0.5,8.5
60,-0.5,4
57,-0.5,4
57,-0.5,4.222
35,-0.5,3
70,-0.5,7
68,-0.5,4.16
50,-0.5,4.10935
44,-0.5,4.15
61,-0.5,4.1136176
110,-0.5,9.5
68,-0.5,3
54,-0.5,2
52,-0.5,4.13
74,-0.5,4.5
71,-0.5,4.18
75,-0.5,4.1136
59,-0.5,4.1136175
54,-0.5,6
60,-0.5,4
54,-0.5,5
77,-0.5,9.5
3403,-0.5,5
61,-0.5,4.11
57,-0.5,4
44,-0.5,3
81,-0.5,4.11321
53,-0.5,3.5
73,-0.5,4.095
4,-0.5,1.5
66,-0.5,4
42,-0.5,4.25
49,-0.5,2
87,-0.5,9
46,-0.5,3
47,-0.5,2
55,-0.5,3
76,-0.5,9
66,-0.5,6
67,-0.5,4.2
75,-0.5,9.2
36,-0.5,2
42,-0.5,5
64,-0.5,4.17
114,-0.5,4.19
42,-0.5,2
54,-0.5,4.11762
94,-0.5,9.5
96,-0.5,10
66,-0.5,6
100,-0.5,8
65,-0.5,4.2
76,-0.5,7.5
65,-0.5,4.113617435
59,-0.5,4.2
77,-0.5,7
49,-0.5,4
57,-0.5,4.113617435
72,-0.5,4.12
84,-0.5,4.1
53,-0.5,3.2
77,-0.5,4.15
48,-0.5,3
61,-0.5,4.118
76,-0.5,10
54,-0.5,3.5
47,-0.5,4.15
63,-0.5,4.12
51,-0.5,4.1
60,-0.5,4.8
61,-0.5,4.115
78,-0.5,9.5
65,-0.5,4.0949
57,-0.5,3
111,-0.5,8
68,-0.5,4.114
66,-0.5,4.1171
65,-0.5,5
61,-0.5,7
60,-0.5,5
57,-0.5,4
59,-0.5,4.11072
61,-0.5,4.11
64,-0.5,9.9
64,-0.5,4.09
45,-0.5,3.5
103,-0.5,8.6
46,-0.5,3.95
55,-0.5,4.113617435
82,-0.5,4.08
66,-0.5,4.149
51,-0.5,4.1640625
60,-0.5,4
80,-0.5,5
55,-0.5,5
77,-0.5,7.6
56,-0.5,3
77,-0.5,10
5,-0.5,1
50,-0.5,4.15
98,-0.5,8
45,-0.5,4
87,-0.5,10
72,-0.5,4.1
91,-0.5,9.5
64,-0.5,3
66,-0.5,3
75,-0.5,6
49,-0.5,4.3
52,-0.5,4.2
58,-0.5,2
62,-0.5,3.9
89,-0.5,8
75,-0.5,8
34,-0.5,2
69,-0.5,9
50,-0.5,4.14
45,-0.5,2
57,-0.5,3
52,-0.5,2.5
42,-0.5,3
74,-0.5,5.7
84,-0.5,7.6
70,-0.5,9
69,-0.5,7.5
42,-0.5,3.96
57,-0.5,3
74,-0.5,8.6
52,-0.5,4.15
54,-0.5,4.14
73,-0.5,6.5
53,-0.5,4.5
44,-0.5,4.1
63,-0.5,3.9205
46,-0.5,3
71,-0.5,3.95
45,-0.5,5
73,-0.5,4.2
69,-0.5,3.8
29,-0.5,2
69,-0.5,9
121,-0.5,4
95,-0.5,8
100,-0.5,10
61,-0.5,3.3
60,-0.5,4.118
3348,-0.5,2
67,-0.5,4.118
53,-0.5,4.16
91,-0.5,10
38,-0.5,2
56,-0.5,5
52,-0.5,4.14
55,-0.5,3.8
69,-0.5,5.5
70,-0.5,8.5
68,-0.5,4.11708
41,-0.5,2
53,-0.5,4.1122
44,-0.5,3.8
70,-0.5,4.11135
64,-0.5,4.15
70,-0.5,7
63,-0.5,4.115
59,-0.5,6
78,-0.5,4.11
45,-0.5,2
61,-0.5,4.1163
57,-0.5,4.15
60,-0.5,4.18
63,-0.5,4.1106
47,-0.5,2
62,-0.5,4.08
70,-0.5,5.4
41,-0.5,3.8
46,-0.5,4.1
65,-0.5,5
63,-0.5,7
57,-0.5,5
39,-0.5,3
52,-0.5,4.07
101,-0.5,10
100,-0.5,7.5
56,-0.5,4.09
46,-0.5,2.5
49,-0.5,4.15
58,-0.5,4.8
65,-0.5,4.2
47,-0.5,3
52,-0.5,4.048933739
53,-0.5,2.8
82,-0.5,10
48,-0.5,4
68,-0.5,4.2
65,-0.5,4.113617435
69,-0.5,4.8
51,-0.5,4.8
73,-0.5,4.2
78,-0.5,7
71,-0.5,7.6
81,-0.5,4.2
67,-0.5,4.5
43,-0.5,4.083
48,-0.5,2
87,-0.5,4.2
85,-0.5,6
77,-0.5,4.2
61,-0.5,4
44,-0.5,3
47,-0.5,4.08
34,-0.5,2
49,-0.5,4.2
46,-0.5,4
45,-0.5,4.7
43,-0.5,2
56,-0.5,4.17
62,-0.5,4.1136173
38,-0.5,2.5
71,-0.5,8
64,-0.5,4
35,-0.5,2
50,-0.5,4.04
50,-0.5,4.1155
63,-0.5,4.9
45,-0.5,2.5
42,-0.5,5
42,-0.5,2.6
59,-0.5,4.112
50,-0.5,5.5
41,-0.5,4.4
58,-0.5,4.18
68,-0.5,4.11
43,-0.5,3
56,-0.5,4.4
61,-0.5,4
49,-0.5,2
60,-0.5,4.17
50,-0.5,3.2
4,-0.5,1.5
58,-0.5,4.1146
61,-0.5,4.1128
45,-0.5,2.5
75,-0.5,4.09
57,-0.5,2.7
74,-0.5,4.113617435
55,-0.5,4.08
38,-0.5,3
116,-0.5,10
89,-0.5,9.5
83,-0.5,9
58,-0.5,4.115
85,-0.5,8.2
54,-0.5,4.5
3334,-0.5,9
81,-0.5,6.5
85,-0.5,8
101,-0.5,10
61,-0.5,4.5
106,-0.5,8
2896,-0.5,5
77,-0.5,4.12
62,-0.5,4
59,-0.5,3.5
53,-0.5,4.11
77,-0.5,4.12
72,-0.5,4.15
57,-0.5,4
52,-0.5,3
78,-0.5,3.9
70,-0.5,9
70,-0.5,8
88,-0.5,10
55,-0.5,4.11352
61,-0.5,4.048933729
67,-0.5,4.13
85,-0.5,6
52,-0.5,4.112
68,-0.5,4.5
54,-0.5,5
56,-0.5,4.1125
82,-0.5,10
40,-0.5,2.01
44,-0.5,4.112
85,-0.5,4.1135653
105,-0.5,10
70,-0.5,4.085
45,-0.5,3.9
61,-0.5,6
64,-0.5,5
80,-0.5,9
39,-0.5,3
3330,-0.5,3
55,-0.5,4.11765
51,-0.5,3
104,-0.5,10
84,-0.5,3.7
54,-0.5,4.5
60,-0.5,6.3
59,-0.5,3.7
61,-0.5,6
40,-0.5,3
82,-0.5,9
57,-0.5,4.3
67,-0.5,3
93,-0.5,6.5
58,-0.5,7
56,-0.5,4.3
86,-0.5,4.11
62,-0.5,4.087
64,-0.5,4.113617435
69,-0.5,6
44,-0.5,3
65,-0.5,4.11726
59,-0.5,3.5
46,-0.5,2
7,-0.5,0.415
69,-0.5,6
79,-0.5,5
42,-0.5,2.2
79,-0.5,7.5
52,-0.5,3
56,-0.5,4.2
50,-0.5,4
63,-0.5,4.113617435
93,-0.5,4.1463
54,-0.5,2
66,-0.5,3.5
66,-0.5,5
75,-0.5,4.113617435
65,-0.5,4
47,-0.5,4.114
87,-0.5,8
59,-0.5,4.2
37,-0.5,2
69,-0.5,4.1475
42,-0.5,3
81,-0.5,10
47,-0.5,4.1
75,-0.5,4.105
60,-0.5,5.5
78,-0.5,6.5
62,-0.5,4.114
103,-0.5,10
52,-0.5,4.5
38,-0.5,3
34,-0.5,3
70,-0.5,4.1675
55,-0.5,7
56,-0.5,4.128
80,-0.5,9
50,-0.5,4.11
81,-0.5,4.5
59,-0.5,4.1465
55,-0.5,4.115
85,-0.5,4.1285212
78,-0.5,4.106
81,-0.5,6
45,-0.5,3
64,-0.5,4.113617434
44,-0.5,4.12
47,-0.5,2
54,-0.5,6
27,-0.5,1
88,-0.5,10
61,-0.5,7
60,-0.5,4.12
3156,-0.5,4.05
55,-0.5,5
69,-0.5,8
61,-0.5,4.125
75,-0.5,4.111
58,-0.5,6
90,-0.5,9.6
13,-0.5,0.5
56,-0.5,4.106
52,-0.5,4.1
40,-0.5,2
102,-0.5,6
73,-0.5,4.11
59,-0.5,4.12
57,-0.5,4.13
47,-0.5,5
82,-0.5,9
51,-0.5,4.13
68,-0.5,4.1135654
51,-0.5,4.111
61,-0.5,4
68,-0.5,4.5
36,-0.5,3
67,-0.5,4.1177
59,-0.5,4.12
89,-0.5,5
39,-0.5,2
56,-0.5,4.1
48,-0.5,4
82,-0.5,8
63,-0.5,5
48,-0.5,4.48
45,-0.5,4
48,-0.5,4.12
35,-0.5,2
64,-0.5,4.117
74,-0.5,5
65,-0.5,4.1132
65,-0.5,5
55,-0.5,4
4,-0.5,1
9,-0.5,0.4
62,-0.5,4.18
71,-0.5,8
52,-0.5,3.75
72,-0.5,4.117
67,-0.5,4.113566
90,-0.5,10
59,-0.5,4.6
47,-0.5,3
52,-0.5,2.9
54,-0.5,7
38,-0.5,2.8
65,-0.5,7.5
73,-0.5,6
62,-0.5,7
92,-0.5,9
56,-0.5,4.12
71,-0.5,6
79,-0.5,6
54,-0.5,4.128521
62,-0.5,4.116
104,-0.5,10
53,-0.5,4.118
41,-0.5,3
55,-0.5,4.1
112,-0.5,4
70,-0.5,4.085
78,-0.5,6
87,-0.5,4
62,-0.5,7.2
72,-0.5,6
70,-0.5,6
61,-0.5,4.12
56,-0.5,4.11718
66,-0.5,6.9
58,-0.5,4.112
76,-0.5,8
52,-0.5,4.1
49,-0.5,3.8
64,-0.5,4.15
78,-0.5,6
54,-0.5,4.18
65,-0.5,4.2
66,-0.5,6
64,-0.5,6
48,-0.5,3.55
52,-0.5,5
39,-0.5,3
38,-0.5,2.36
77,-0.5,9
89,-0.5,10
55,-0.5,7
81,-0.5,10
55,-0.5,5
59,-0.5,4.11
56,-0.5,4.12
58,-0.5,4.142
53,-0.5,4.112
65,-0.5,6
9,-0.5,0.5
52,-0.5,4.11
71,-0.5,8
44,-0.5,3
52,-0.5,4.115
46,-0.5,4.11395
42,-0.5,4
101,-0.5,10
69,-0.5,4.097
38,-0.5,2.5
68,-0.5,9
69,-0.5,4.15
74,-0.5,4.1
45,-0.5,2
56,-0.5,3.5
48,-0.5,5
70,-0.5,4.2
82,-0.5,8
51,-0.5,4.16
89,-0.5,4.17
74,-0.5,4.2
55,-0.5,4.4
70,-0.5,4.2
92,-0.5,8
69,-0.5,4.105
48,-0.5,4
41,-0.5,2.44
42,-0.5,4.117
52,-0.5,4.04893373
75,-0.5,4.1135655
52,-0.5,4
100,-0.5,10
57,-0.5,4.15
54,-0.5,4.11228
84,-0.5,8
69,-0.5,6
66,-0.5,5.5
47,-0.5,2
17,-0.5,1
64,-0.5,4.1137
9,-0.5,1
114,-0.5,9
51,-0.5,4.111
80,-0.5,3
52,-0.5,4.11355
53,-0.5,3.9
56,-0.5,2.5
32,-0.5,2.6
63,-0.5,4
65,-0.5,4
48,-0.5,2.3
55,-0.5,4.11361745
73,-0.5,5
46,-0.5,4
109,-0.5,4.16
44,-0.5,3
78,-0.5,10
47,-0.5,3
43,-0.5,2.5
52,-0.5,4
30,-0.5,3
44,-0.5,4
41,-0.5,4.15
53,-0.5,4.1
91,-0.5,10
54,-0.5,6
76,-0.5,5
50,-0.5,4.13364
47,-0.5,4.113
62,-0.5,5
78,-0.5,5.5
6,-0.5,1.5
43,-0.5,4.13
121,-0.5,4.1135
67,-0.5,4.5
62,-0.5,5
59,-0.5,4
51,-0.5,4
46,-0.5,4.08
58,-0.5,3.8
70,-0.5,7
51,-0.5,4.1162
62,-0.5,4.11361736
70,-0.5,8.5
84,-0.5,4.11
83,-0.5,4.1
60,-0.5,4.1
61,-0.5,6.6
50,-0.5,3
52,-0.5,2
56,-0.5,4
73,-0.5,5
80,-0.5,3.78
72,-0.5,4.12858
62,-0.5,5
71,-0.5,8
54,-0.5,3
38,-0.5,2
68,-0.5,4.11
12,-0.5,1
52,-0.5,6
70,-0.5,6
59,-0.5,4.05
48,-0.5,4.18
50,-0.5,3
59,-0.5,4
73,-0.5,4.6
40,-0.5,2.8
58,-0.5,4.108026
82,-0.5,4.6
100,-0.5,2.896
71,-0.5,4.14
67,-0.5,4.145
67,-0.5,7.5
72,-0.5,6
59,-0.5,9
43,-0.5,4.107
51,-0.5,4.12
59,-0.5,4
65,-0.5,4
59,-0.5,6
58,-0.5,6.5
60,-0.5,5
84,-0.5,4.122
46,-0.5,2.3
44,-0.5,3.8
82,-0.5,6.5
54,-0.5,2.4
76,-0.5,8
45,-0.5,4.11
64,-0.5,4.111
51,-0.5,3
46,-0.5,2.4
41,-0.5,3
67,-0.5,9
40,-0.5,2
45,-0.5,5
52,-0.5,4.1097
63,-0.5,4.2
51,-0.5,4.14811
88,-0.5,9.8
41,-0.5,3
56,-0.5,4.048933729
45,-0.5,2.2
48,-0.5,4.2
39,-0.5,4.3
59,-0.5,5
57,-0.5,4
59,-0.5,5
55,-0.5,4.17
59,-0.5,5.5
48,-0.5,4.15
75,-0.5,4.5
71,-0.5,4.12
53,-0.5,5
85,-0.5,9
88,-0.5,8
65,-0.5,4.46
57,-0.5,5
79,-0.5,5.5
56,-0.5,4.5
39,-0.5,3
98,-0.5,10
67,-0.5,5
100,-0.5,8.7
49,-0.5,4.112267
57,-0.5,4.112268
82,-0.5,7.5
97,-0.5,3.9
74,-0.5,5
60,-0.5,4.1139
75,-0.5,4.085015
65,-0.5,4.05
37,-0.5,2.9
69,-0.5,4.113891
46,-0.5,4.1173
70,-0.5,7
45,-0.5,3
65,-0.5,4.16
71,-0.5,4
39,-0.5,4.15
63,-0.5,4.18
55,-0.5,4.112
69,-0.5,5
39,-0.5,2
62,-0.5,5
141,-0.5,8
54,-0.5,4.127
93,-0.5,4.6
37,-0.5,3.75
5,-0.5,1
48,-0.5,4.03
63,-0.5,4.115
48,-0.5,4.1
139,-0.5,10
64,-0.5,4.14
38,-0.5,3
107,-0.5,7
49,-0.5,3
56,-0.5,4.06
79,-0.5,8.5
70,-0.5,6
132,-0.5,5
64,-0.5,4.128522
58,-0.5,4
50,-0.5,4
70,-0.5,9
82,-0.5,8
86,-0.5,4.128218
44,-0.5,4
65,-0.5,4.1
74,-0.5,4.1148
43,-0.5,2
49,-0.5,4.136
56,-0.5,4.18
77,-0.5,8
58,-0.5,4.2
64,-0.5,4
73,-0.5,3
55,-0.5,4
85,-0.5,8.5
50,-0.5,4.113617435
79,-0.5,10
57,-0.5,2.16
71,-0.5,10
71,-0.5,4.2
68,-0.5,8
46,-0.5,4.105
88,-0.5,9.8
43,-0.5,4.16
49,-0.5,4
60,-0.5,4.1
82,-0.5,3
54,-0.5,4.2
58,-0.5,4.111
65,-0.5,3.2
54,-0.5,2
45,-0.5,3.9
70,-0.5,8.9
74,-0.5,4
45,-0.5,4.8
49,-0.5,4.114
44,-0.5,4
65,-0.5,4
37,-0.5,2
74,-0.5,4.106
62,-0.5,4.113617435
55,-0.5,4.1135
67,-0.5,5.9
48,-0.5,3
41,-0.5,4.09895
52,-0.4,4
38,-0.5,2
42,-0.5,4.15
83,-0.5,7.2
85,-0.5,4.2
74,-0.5,9
103,-0.5,3.95
57,-0.5,8
72,-0.5,3.85
100,-0.5,8
53,-0.5,4
34,-0.5,2
46,-0.5,4.119
62,-0.5,4
62,-0.5,6
58,-0.5,5
58,-0.5,4.11131
36,-0.5,3
87,-0.5,9
83,-0.5,8
44,-0.5,4.08
55,-0.5,4
101,-0.5,3
55,-0.5,4
53,-0.5,4.11
5,-0.5,0.5
61,-0.5,4.1
43,-0.5,3.2
58,-0.5,4.12
43,-0.5,5
47,-0.5,4.15
58,-0.5,3
68,-0.5,4
52,-0.5,3
46,-0.5,4.115
89,-0.5,9
91,-0.5,9
50,-0.5,4.085014001
41,-0.5,2
46,-0.5,2
73,-0.5,9
64,-0.5,4.1132
77,-0.5,7
59,-0.5,4
46,-0.5,4.048934
54,-0.5,4.2
57,-0.5,4.2
70,-0.5,4.112
58,-0.5,8.5
73,-0.5,6.5
39,-0.5,3
58,-0.5,4.11759
57,-0.5,4.113617435
85,-0.5,4.2
63,-0.5,5
94,-0.5,8
46,-0.5,4.098
23,-0.5,1.7
105,-0.5,5
44,-0.5,4.1
62,-0.5,4.11724
89,-0.5,9.1
89,-0.5,10
48,-0.5,4.147
62,-0.5,9
63,-0.5,4.17
85,-0.5,10
69,-0.5,4.5
91,-0.5,2
84,-0.5,7.5
46,-0.5,5
69,-0.5,3.8
70,-0.5,4.2
42,-0.5,2.21
63,-0.5,2.5
64,-0.5,3.7
62,-0.5,3.5
78,-0.5,4.2
59,-0.5,3.4
85,-0.5,9.2
47,-0.5,4
68,-0.5,3.8
58,-0.5,4.085010005
41,-0.5,2.1
84,-0.5,7.5
74,-0.5,4.14
46,-0.5,4.14
139,-0.5,10
65,-0.5,4.15
48,-0.5,4
74,-0.5,4.128214
70,-0.5,7
53,-0.5,5.2
46,-0.5,4.16
89,-0.5,9.5
60,-0.5,4.08501
76,-0.5,6
76,-0.5,9
57,-0.5,4.11388
72,-0.5,3.5
52,-0.5,5
60,-0.5,3
12,-0.5,1
36,-0.5,2.2
91,-0.5,5.5
77,-0.5,6
60,-0.5,6
47,-0.5,5
59,-0.5,5
58,-0.5,4.11
68,-0.5,4.5
51,-0.5,4.115
63,-0.5,2.8
54,-0.5,4.18
48,-0.5,5
75,-0.5,9
84,-0.5,8
39,-0.5,3.5
41,-0.5,3
95,-0.5,10
52,-0.5,7
47,-0.5,4.8
43,-0.5,4.11736
42,-0.5,4.12
37,-0.5,2.53
64,-0.5,4.4
53,-0.5,4.15
51,-0.5,4.048933729
100,-0.5,9
2978,-0.5,8
45,-0.5,2
70,-0.5,4.116
80,-0.5,3.3
84,-0.5,4.1
64,-0.5,4.127
91,-0.5,8
69,-0.5,3.6
66,-0.5,6
51,-0.5,4.11354
92,-0.5,8.5
56,-0.5,4.3
65,-0.5,4.1113
64,-0.5,4.1
59,-0.5,4.12
62,-0.5,9
55,-0.5,4.1137
77,-0.5,7
50,-0.5,4.1195
47,-0.5,3
57,-0.5,4.5
56,-0.5,4.6
65,-0.5,4.08
84,-0.5,4.1285218
80,-0.5,7
70,-0.5,7
42,-0.5,2.48
65,-0.5,4.11
68,-0.5,7
67,-0.5,4.11703
47,-0.5,2.5
59,-0.5,4.117
59,-0.5,4.13
36,-0.5,2
50,-0.5,4.3
62,-0.5,4.13
83,-0.5,4.11361741
58,-0.5,4.14
60,-0.5,4
60,-0.5,4.15
32,-0.5,2
7,-0.5,1
64,-0.2,4.11
54,-0.5,3
64,-0.5,4.114
49,-0.5,5
81,-0.5,10
43,-0.5,4.4
66,-0.5,4.13
94,-0.5,9
55,-0.5,2.9
91,-0.5,4.5
148,-0.5,3.8
38,-0.5,3.3
75,-0.5,5
72,-0.5,4.113
77,-0.5,3
60,-0.5,4.1129
48,-0.5,4.11356503
45,-0.5,3
54,-0.5,4.15
51,-0.5,3
61,-0.5,4.3
54,-0.5,6
40,-0.5,2.5
91,-0.5,5.5
46,-0.5,3
78,-0.5,5
38,-0.5,2.01
120,-0.5,5
67,-0.5,6
46,-0.5,4.11
57,-0.5,4.14
54,-0.5,4
50,-0.5,4.13
68,-0.5,9
82,-0.5,6.5
78,-0.5,7
45,-0.5,4.12
59,-0.5,5.8
81,-0.5,10
40,-0.5,2.28
80,-0.5,6
46,-0.5,3.8
67,-0.5,7
52,-0.5,5.2
84,-0.5,4.15
81,-0.5,8
89,-0.5,9
43,-0.5,3.9209
54,-0.5,5
75,-0.5,10
64,-0.5,4.11705
57,-0.5,5
51,-0.5,2
96,-0.5,10
72,-0.5,4.11
69,-0.5,8
59,-0.5,4.1144
52,-0.5,4.4
79,-0.5,6
41,-0.5,3.8
106,-0.5,10
63,-0.5,4.13
55,-0.5,5
69,-0.5,4.15
54,-0.5,4.11
49,-0.5,4.098
54,-0.5,3
39,-0.5,4.15
73,-0.5,9
67,-0.5,6
36,-0.5,3
61,-0.5,2
49,-0.5,4.2
97,-0.5,10
40,-0.5,2.5
92,-0.5,9
44,-0.5,2.4
44,-0.5,4.16
59,-0.5,4.15
72,-0.5,4.19
74,-0.5,4.112
72,-0.5,6
68,-0.5,4.2
61,-0.5,6
51,-0.5,4.15
104,-0.5,8
66,-0.5,5
69,-0.5,4.6
42,-0.5,2
48,-0.5,4.16
59,-0.5,3.3
75,-0.5,4.125
54,-0.5,4.18
88,-0.5,6.5
76,-0.5,7.6
40,-0.5,2
51,-0.5,7
61,-0.5,6
77,-0.5,8
45,-0.5,4.1
76,-0.5,6
46,-0.5,3.06725
62,-0.5,6
57,-0.5,4
76,-0.5,4.118
60,-0.5,4.113617435
83,-0.5,8
90,-0.5,7
74,-0.5,9
42,-0.5,2
62,-0.5,4.12
55,-0.5,4.113564
38,-0.5,3
46,-0.5,2
74,-0.5,4.2
81,-0.5,3
65,-0.5,4
61,-0.5,4.1
68,-0.5,4.2
56,-0.5,3
63,-0.5,5
65,-0.5,4.11721
71,-0.5,4.118
60,-0.5,3
35,-0.5,3
59,-0.5,6
65,-0.5,4.15
49,-0.5,4.1
47,-0.5,3.2
42,-0.5,2.3
50,-0.5,3.2
105,-0.5,8.2
74,-0.5,5.5
71,-0.5,7
52,-0.5,4
61,-0.5,4.1136178
32,-0.5,2.6
52,-0.5,2
62,-0.5,4.9
47,-0.5,4.112263
39,-0.5,3
50,-0.5,2.09
55,-0.5,4
68,-0.5,7
39,-0.5,2.5
57,-0.5,3.9
89,-0.5,5.5
72,-0.5,5
60,-0.5,4.11735
44,-0.5,5
39,-0.5,4.8
67,-0.5,5
58,-0.5,4.12852
68,-0.5,4.17
41,-0.5,2
55,-0.5,4.025
79,-0.5,5
38,-0.5,2.4
51,-0.5,4.13
58,-0.5,6.8
52,-0.5,4.1
51,-0.5,6
52,-0.5,4.05
71,-0.5,4.113617432
138,-0.5,9
56,-0.5,4.5
89,-0.5,8
80,-0.5,6
67,-0.5,3.5
40,-0.5,2.52
47,-0.5,4.125
53,-0.5,4.126
78,-0.5,9
52,-0.5,6
64,-0.5,8.6
85,-0.5,4.1
65,-0.5,5
63,-0.5,7.5
106,-0.5,7.5
38,-0.5,2.5
63,-0.5,4
60,-0.5,6
42,-0.5,4.12
59,-0.5,4.5
92,-0.5,4.11
50,-0.5,4.13
39,-0.5,3.5
39,-0.5,2
49,-0.5,3
38,-0.5,4
50,-0.5,4.1157
55,-0.5,4.11
7,-0.5,0.5
66,-0.5,4.143
56,-0.5,4.1
68,-0.5,6
55,-0.5,5.6
97,-0.5,8
51,-0.5,4.11219
51,-0.5,4.25
71,-0.5,4.5
69,-0.5,4.12
91,-0.5,10
73,-0.5,4.09
76,-0.5,9
57,-0.5,4.1092
57,-0.5,5.5
56,-0.5,4
79,-0.5,4
60,-0.5,4.12
51,-0.5,6
42,-0.5,4.15
66,-0.5,4.1
36,-0.5,3.95
56,-0.5,3.997
63,-0.5,4.1136177
51,-0.5,3.8
60,-0.5,4.11712
12,-0.5,1
45,-0.5,4.18
73,-0.5,7
51,-0.5,4.12
47,-0.5,5
67,-0.5,4.109
64,-0.5,7.5
77,-0.5,3.8
58,-0.5,2.5
58,-0.5,2.8
78,-0.5,4.8
80,-0.5,4.11
50,-0.5,3.7
59,-0.5,4.12
49,-0.5,3
58,-0.5,8
49,-0.5,4.167
64,-0.5,4
67,-0.5,8
66,-0.5,3.4
54,-0.5,7
44,-0.5,3
63,-0.5,4.101
51,-0.5,5
73,-0.5,4.109
48,-0.5,7
61,-0.5,5
59,-0.5,4
93,-0.5,9.3
64,-0.5,3.8
82,-0.5,10
52,-0.5,4.6
62,-0.5,2.5
43,-0.5,4.075
66,-0.5,4.13
58,-0.5,6.7
87,-0.5,4.103
81,-0.5,10
55,-0.5,4.12
63,-0.5,5
50,-0.5,5
71,-0.5,4
131,-0.5,4.2
90,-0.5,4.1
76,-0.5,7.5
58,-0.5,9
71,-0.5,4
55,-0.5,4.119
69,-0.5,4.3
56,-0.5,5.5
56,-0.5,6
67,-0.5,4.11
71,-0.5,4.121
70,-0.5,4.15
120,-0.5,8.8
5,-0.5,0.2
71,-0.5,5
51,-0.5,5
59,-0.5,6.5
77,-0.5,4.166
55,-0.5,5
34,-0.5,2
116,-0.5,8
69,-0.5,4.11
72,-0.5,4
54,-0.5,4.5
49,-0.5,4.149
58,-0.5,4.18
77,-0.5,7
62,-0.5,7
40,-0.5,2.5
90,-0.5,7
45,-0.5,5
61,-0.5,4.05
107,-0.5,8
56,-0.5,6
68,-0.5,4.1173
46,-0.5,4.113
73,-0.5,3.1
74,-0.5,9.7
65,-0.5,4.15
52,-0.5,4.15
57,-0.5,4.5
72,-0.5,7
65,-0.5,6
65,-0.5,3.5
66,-0.5,7
67,-0.5,8
77,-0.5,4.1139
61,-0.5,5
74,-0.5,4.07
62,-0.5,4.18
42,-0.5,4.093
61,-0.5,4.2
70,-0.5,4.1135
65,-0.5,3.1
55,-0.5,5
55,-0.5,5.7
47,-0.5,4.15
72,-0.5,5
45,-0.5,3.2
88,-0.5,7
41,-0.5,2
58,-0.5,3.85
46,-0.5,4
57,-0.5,6.2
48,-0.5,4.1269
68,-0.5,7.6
58,-0.5,4.14
48,-0.5,4.113617435
56,-0.5,4.14
62,-0.5,3
71,-0.5,9.6
97,-0.5,10
62,-0.5,4.13
91,-0.5,10
50,-0.5,4.3
75,-0.5,8
53,-0.5,2
47,-0.5,4.113561
61,-0.5,4.6
61,-0.5,5
45,-0.5,4.11
60,-0.5,3
55,-0.5,4.12
66,-0.5,3.99
45,-0.5,2.02
71,-0.5,4.114
78,-0.5,8
71,-0.5,4
71,-0.5,4.1
100,-0.5,4.2
82,-0.5,3.5
46,-0.5,3.5
53,-0.5,4.1125
49,-0.5,4.1
63,-0.5,4.3
49,-0.5,5
50,-0.5,5
48,-0.5,3.8
45,-0.5,4.117
74,-0.5,6.8
74,-0.5,5
57,-0.5,6.5
63,-0.5,4.2
54,-0.5,7
79,-0.5,4.2
63,-0.5,7
65,-0.5,6
73,-0.5,3.5
54,-0.5,5
47,-0.5,3.5
60,-0.5,4.112
76,-0.5,6
54,-0.5,6
39,-0.5,4.12
42,-0.5,2.5
60,-0.5,4.05
58,-0.5,2.4
89,-0.5,7
69,-0.5,4
71,-0.5,8.2
62,-0.5,5
108,-0.5,7.5
47,-0.5,4.2
68,-0.5,5
75,-0.5,9
72,-0.5,4.01
46,-0.5,2
64,-0.5,4
53,-0.5,4.15
91,-0.5,8
45,-0.5,4.1161
70,-0.5,4.2
81,-0.5,8
62,-0.5,7.7
70,-0.5,4.1175
86,-0.5,4.13
57,-0.5,4.2
46,-0.5,5
73,-0.5,4.07
46,-0.5,4.11764
61,-0.5,2
46,-0.5,3
72,-0.5,4.4
47,-0.5,3.9
107,-0.5,9.5
78,-0.5,4.12024
141,-0.5,4.107
18,-0.5,1.5
115,-0.5,4.2
53,-0.5,4.25
61,-0.5,9
71,-0.5,4.1
62,-0.5,4
71,-0.5,4.113
59,-0.5,4
120,-0.5,3
66,-0.5,4.115
46,-0.5,4.11
60,-0.5,4
46,-0.5,4.11066
58,-0.5,5
56,-0.5,4.15
48,-0.5,4.05
37,-0.5,3
71,-0.5,8
59,-0.5,6.8
71,-0.5,9
85,-0.5,4.11
68,-0.5,4.2
64,-0.5,4.8
60,-0.5,4
81,-0.5,8
58,-0.5,9
59,-0.5,6
77,-0.5,2.5
78,-0.5,6
64,-0.5,4.1
79,-0.5,6
82,-0.5,9
48,-0.5,4.18
88,-0.5,9.3
71,-0.5,3
50,-0.5,2
51,-0.5,4
54,-0.5,4.14
60,-0.5,5
59,-0.5,6.5
45,-0.5,2
55,-0.5,4.14
60,-0.5,7.5
93,-0.5,10
60,-0.5,4.111
7,-0.5,0.2
58,-0.5,3.91
56,-0.5,5
57,-0.5,4.13
49,-0.5,4.115
58,-0.5,4.113617435
62,-0.5,8.5
45,-0.5,4.113617434
67,-0.5,4
51,-0.5,4.05
35,-0.5,2
56,-0.5,4.0851
63,-0.5,4.145
65,-0.5,5
88,-0.5,10
70,-0.5,4.112
79,-0.5,9
59,-0.5,6.5
103,-0.5,4.15
39,-0.5,2
70,-0.5,4.4
40,-0.5,2.11
66,-0.5,4.11731
49,-0.5,4.049
55,-0.5,4.15
32,-0.5,2
59,-0.5,4.1
58,-0.5,4.113617435
45,-0.5,4.4
56,-0.5,3
66,-0.5,6
78,-0.5,9
63,-0.5,4.3
62,-0.5,7.2
58,-0.5,4
71,-0.5,10
49,-0.5,3.8
67,-0.5,4.113617435
56,-0.5,4.02
49,-0.5,3.5
59,-0.5,7
84,-0.5,5.2
52,-0.5,4.12
48,-0.5,4.1144
59,-0.5,7
138,-0.5,9
54,-0.5,7
43,-0.5,3
65,-0.5,3.9
55,-0.5,4.1
44,-0.5,4.08
53,-0.5,3.8
52,-0.5,3
59,-0.5,7
54,-0.5,6
71,-0.5,4.2
53,-0.5,6
50,-0.5,3.5
63,-0.5,4
51,-0.5,3
46,-0.5,4.11745
75,-0.5,4.5
62,-0.5,4.1122
77,-0.5,5.5
55,-0.5,4.118
37,-0.5,3
44,-0.5,4.7
50,-0.5,4.06
43,-0.5,4.17
61,-0.5,4
77,-0.5,5.6
49,-0.5,3.75
54,-0.5,4.04893372
75,-0.5,4.2
57,-0.5,4.14
58,-0.5,7
75,-0.5,4.1
39,-0.5,4.12
75,-0.5,6
57,-0.5,3
150,-0.5,9
83,-0.5,7
44,-0.5,4.05
78,-0.5,10
63,-0.5,4.5
77,-0.5,6
44,-0.5,4.25
65,-0.5,7
73,-0.5,4.2
41,-0.5,4.08
57,-0.5,5
54,-0.5,2
50,-0.5,4.1
57,-0.5,4.125
63,-0.5,4.114
42,-0.5,3
59,-0.5,3.5
60,-0.5,2
63,-0.5,3
92,-0.5,9.5
69,-0.5,10
52,-0.5,5
63,-0.5,4.11738
67,-0.5,4.14812
42,-0.5,4.119
58,-0.5,4.1136172
74,-0.5,7
49,-0.5,3.4
80,-0.5,9
55,-0.5,4.1
83,-0.5,9
36,-0.5,2
62,-0.5,9
49,-0.5,4
59,-0.5,4.16
54,-0.5,4.113617435
68,-0.5,4.0849
122,-0.5,10
75,-0.5,4.11
81,-0.5,9
55,-0.5,7
74,-0.5,10
89,-0.5,8
70,-0.5,4
72,-0.5,4.10575
82,-0.5,9
3113,-0.5,4.15
38,-0.5,2
54,-0.5,4
77,-0.5,4
34,-0.5,2
83,-0.5,4.1875
52,-0.5,4
47,-0.5,4.3
57,-0.5,4.5
122,-0.5,6.4
51,-0.5,5
53,-0.5,4.1
56,-0.5,3.5
61,-0.5,6.5
58,-0.5,4.1125
61,-0.5,4.4
84,-0.5,9.5
50,-0.5,3.95
63,-0.5,4
55,-0.5,2.5
54,-0.5,4.1
52,-0.5,5
59,-0.5,4.5
68,-0.5,4.2
72,-0.5,9
50,-0.5,4.1149
45,-0.5,3
62,-0.5,5
55,-0.5,3
56,-0.5,4.1282
66,-0.5,4.12
80,-0.5,3.5
104,-0.5,9.5
42,-0.5,3
84,-0.5,6
59,-0.5,5.5
82,-0.5,6.5
54,-0.5,4.2
64,-0.5,7.5
45,-0.5,5
41,-0.5,2
50,-0.5,4.9
67,-0.5,5
72,-0.5,6
43,-0.5,4.4
60,-0.5,3.9
51,-0.5,4.16
63,-0.5,5
61,-0.5,4.1122
57,-0.5,4.118
30,-0.5,3
78,-0.5,4
71,-0.5,6
42,-0.5,2
53,-0.5,4.1
33,-0.5,2
12,-0.5,1
91,-0.5,5.6
53,-0.5,5
5,-0.5,1
68,-0.5,4.113617435
80,-0.5,4.6
74,-0.5,4.138
65,-0.5,9
49,-0.5,4
4,-0.5,1.8
67,-0.5,8
69,-0.5,4.04
56,-0.5,4.116
39,-0.5,4.12
65,-0.5,4
79,-0.5,8
42,-0.5,5
79,-0.5,7
30,-0.5,0.75
61,-0.5,3.5
65,-0.5,8.5
51,-0.5,3
52,-0.5,4.1135651
66,-0.5,6
69,-0.5,7
52,-0.5,4
54,-0.5,4.112
46,-0.5,4.3
51,-0.5,4.2
66,-0.5,4
62,-0.5,4.13
59,-0.5,7
45,-0.5,3.9
57,-5,5
93,-0.5,8
73,-0.5,4.18
41,-0.5,4.8
48,-0.5,5.1
52,-0.5,4.11
79,-0.5,4.12
45,-0.5,4.12
43,-0.5,3.93
48,-0.5,3.5
38,-0.5,3
6,-0.5,5.5
60,-0.5,5.6
46,-0.5,5
67,-0.5,2
59,-0.5,5
77,-0.5,6
50,-0.5,3.93
3161,-0.5,4.1
46,-0.5,4.08
56,-0.5,4.6
66,-0.5,5.5
43,-0.5,3.1
135,-0.5,7
106,-0.5,10
45,-0.5,4.113
62,-0.5,7
47,-0.5,3
54,-0.5,6
37,-0.5,2
60,-0.5,4.25
53,-0.5,4.1
42,-0.5,4.12
71,-0.5,2.5
53,-0.5,6
41,-0.5,4.1108
52,-0.5,4.11361744
52,-0.5,4
70,-0.5,4.16
64,-0.5,4
68,-0.5,8.4
47,-0.5,4.13
81,-0.5,10
53,-0.5,4.1
47,-0.5,4.1136
64,-0.5,9
60,-0.5,4.4
74,-0.5,6
58,-0.5,4.5
60,-0.5,8.5
67,-0.5,7
54,-0.5,4.5
73,-0.5,4.128528
106,-0.5,4.06
69,-0.5,4.135
80,-0.5,3.83
63,-0.5,5
102,-0.5,6.7
44,-0.5,2
56,-0.5,4.5
58,-0.5,7
65,-0.5,4.11
70,-0.5,6
59,-0.5,4.1138
63,-0.5,8
135,-0.5,9.7
63,-0.5,5
62,-0.5,4.11065
90,-0.5,9
63,-0.5,7
51,-0.5,4
49,-0.5,4.15
111,-0.5,10
83,-0.5,9.5
53,-0.5,4.2
53,-0.5,4.17
48,-0.5,3.5
59,-0.5,4.11
65,-0.5,4.1132
110,-0.5,8
47,-0.5,3
57,-0.5,4
56,-0.5,6
65,-0.5,4.11707
83,-0.5,4.01
60,-0.5,7
65,-0.5,4.2
62,-0.5,6.5
50,-0.5,4.13
52,-0.5,4.119
115,-0.5,7
0,-0.5,5
39,-0.5,2.04
64,-0.5,4.11361742
39,-0.5,4.12
49,-0.5,4.6
58,-0.5,2.5
54,-0.5,4.171875
57,-0.5,4.4
58,-0.5,4
50,-0.5,4.05
75,-0.5,10
39,-0.5,3.1
64,-0.5,4.8
52,-0.5,4.025
118,-0.5,5
63,-0.5,6
67,-0.5,4.15
8,-0.5,1
56,-0.5,3.5
62,-0.5,4.5
72,-0.5,2
38,-0.5,2.9
73,-0.5,3.9
66,-0.5,8.3
109,-0.5,8
68,-0.5,9.9
77,-0.5,5.5
65,-0.5,8
53,-0.5,2.5
81,-0.5,7
56,-0.5,5
52,-0.5,7
46,-0.5,5
53,-0.5,5
57,-0.5,4
52,-0.5,4.11351
41,-0.5,3
70,-0.5,7
56,-0.5,5
57,-0.5,5
67,-0.5,4.117
45,-0.5,4.1136173
77,-0.5,7.5
40,-0.5,3
52,-0.5,6
38,-0.5,2
52,-0.5,4.108
38,-0.5,2.4
68,-0.5,4.15
46,-0.5,2.5
55,-0.5,5
55,-0.5,4.116
66,-0.5,2
74,-0.5,8
63,-0.5,4.1
69,-0.5,8
49,-0.5,4.5
86,-0.5,4.11
60,-0.5,4.11
59,-0.5,2.07
45,-0.5,4.3
46,-0.5,4.4
70,-0.5,4.2
50,-0.5,4.111
98,-0.5,10
6,-0.5,0.2
52,-0.5,4.1109
61,-0.5,4.15
61,-0.5,2.7
69,-0.5,9
58,-0.5,5
67,-0.5,4.11
44,-0.5,4.13
98,-0.5,7
56,-0.5,4.75
72,-0.5,4.1
108,-0.5,10
51,-0.5,4.02
58,-0.5,4.05
72,-0.5,5
69,-0.5,9
69,-0.5,8
52,-0.5,3
73,-0.5,9
47,-0.5,4.7
46,-0.5,3
75,-0.5,9
64,-0.5,6
44,-0.5,4.13
68,-0.5,5
93,-0.5,9.5
51,-0.5,6
63,-0.5,6
67,-0.5,4.04
59,-0.5,7
65,-0.5,4.127
65,-0.5,4.15
43,-0.5,3
61,-0.5,7
54,-0.5,3.47
46,-0.5,2.6
44,-0.5,4.14815
79,-0.5,9
62,-0.5,4.1
92,-0.5,9
52,-0.5,4.11
61,-0.5,4
65,-0.5,3.3
69,-0.5,4.113617435
66,-0.5,6
76,-0.5,8
68,-0.5,9
45,-0.5,4.16
48,-0.5,2.5
45,-0.5,5
63,-0.5,4
56,-0.5,2.9
51,-0.5,4.095
35,-0.5,2
63,-0.5,3.5
73,-0.5,9
69,-0.5,4.095
46,-0.5,2.5
58,-0.5,4.1284
63,-0.5,4.1174
82,-0.5,8.5
58,-0.5,4
63,-0.5,4.111
43,-0.5,4
106,-0.5,9
55,-0.5,4.113617435
57,-0.5,7
56,-0.5,4.1176
11,-0.5,0.2
46,-0.5,3.9
65,-0.5,4.12
45,-0.5,4.11351
43,-0.5,2
48,-0.5,4.1
61,-0.5,4.15
59,-0.5,4
52,-0.5,4.113617435
34,-0.5,2
51,-0.5,4
89,-0.5,9.8
63,-0.5,2
44,-0.5,4.1
56,-0.5,4
50,-0.5,4.118
47,-0.5,4.3
46,-0.5,4
62,-0.5,5.8
61,-0.5,4.02
54,-0.5,4.19
73,-0.5,6
89,-0.5,8.6
56,-0.5,7
56,-0.5,3.5
69,-0.5,5
40,-0.5,3
53,-0.5,4.15
62,-0.5,2.4
46,-0.5,4.15
62,-0.5,5.6
69,-0.5,4.119
69,-0.5,4.19
71,-0.5,7.3
64,-0.5,4.19
66,-0.5,4.15
56,-0.5,4.12
66,-0.5,8
58,-0.5,5
57,-0.5,4.113616
60,-0.5,3
62,-0.5,4.5
58,-0.5,4.13
51,-0.5,3
72,-0.5,7.5
49,-0.5,2.3
47,-0.5,2.23
6,-0.5,0.2
70,-0.5,8.5
47,-0.5,4.3
75,-0.5,5.5
48,-0.5,3.8
65,-0.5,4.12076
56,-0.5,5.5
59,-0.5,4
69,-0.5,6
47,-0.5,4.1112
72,-0.5,3
80,-0.5,8.5
45,-0.5,3.95
49,-0.5,4
85,-0.5,4.1285214
