runtime,in01,in02,in03,in04,in05,in06,in07,in08,in09,in10,in11,in12,in13,in14,in15,in16,in17,in18,in19
449,A06,0.2,3000000,0.000001,3000,3,1,1,1,0,0,0,0,0,0,0,0,0,0
346,A05,0.0034,155719,0.000001,3000,30,1,1,1,30,30,30,30,30,30,30,30,30,30
34786,A01,0.0588,40166,0.0000001,50000,30,1,1,8,0,5,10,15,20,25,30,35,0,0
16881,A04,0.45,450000,0.00001,30000,3,1,4,10,-2,0,2,4,6,8,10,12,14,16
232,A09,0.11,2400,0.000001,3000,30,1,1,1,0,0,0,0,0,0,0,0,0,0
111,A04,0.2,3000000,0.000001,3000,3,1,1,1,0,2,4,6,8,10,12,14,16,0
453,A04,0.2,3000000,0.000001,3000,3,1,1,1,16,0,0,0,0,0,0,0,0,0
266,A06,0.2,3000000,0.000001,3000,30,1,3,2,15,18,0,0,0,0,0,0,0,0
187,A04,0.2,3000000,0.000001,3000,3,1,1,1,12,0,0,0,0,0,0,0,0,0
22951,A05,0.2,3000000,0.000001,30000,3,1,1,10,1,2,3,4,5,6,7,8,9,10
1949,A04,0.2,3000000,0.000001,10000,3,1,1,1,0,2,4,6,8,10,12,14,16,0
485,A06,0.2,3000000,0.000001,3000,3,1,1,1,2,0,0,0,0,0,0,0,0,0
125,A04,0.2,3000000,0.000001,3000,3,1,1,1,16,0,0,0,0,0,0,0,0,0
137,A12,0.28,3000000,0.000001,3000,3,1,1,1,0,0,0,0,0,0,0,0,0,0
10447,A04,0.2,3000000,0.000001,3000,3,1,1,9,0,2,4,6,8,10,12,14,16,0
1326,A06,0.2,3000000,0.000001,3000,30,1,3,10,18,18.1,18.2,18.3,18.4,18.5,18.6,18.7,18.8,18.9
154,A12,0.38,3000000,0.000001,3000,3,1,1,1,0,0,0,0,0,0,0,0,0,0
24436,A04,0.2,3000000,0.000001,30000,3,1,1,10,0,2,4,6,8,10,12,14,16,0
123,A04,0.2,3000000,0.000001,3000,3,1,1,1,8,0,0,0,0,0,0,0,0,0
46829,A04,0.2,3000000,0.000001,30000,3,1,1,9,0,2,4,6,8,10,12,14,16,0
32209,A03,0.3,300000,0.00001,60000,3,1,4,10,10,11,12,13,14,15,16,17,18,19
1342,A06,0.2,3000000,0.000001,3000,3,1,1,9,0,2,4,6,8,10,12,14,16,0
266,A05,0.2,3000000,0.000001,3000,3,1,1,1,0,0,0,0,0,0,0,0,0,0
391,A04,0.2,3000000,0.000001,3000,3,1,1,1,0,0,0,0,0,0,0,0,0,0
2706,A04,0.2,3000000,0.000001,50000,3,1,1,1,10,0,0,0,0,0,0,0,0,0
2325,A08,0.2,3000000,0.000001,3000,3,1,1,9,0,2,4,6,8,10,12,14,16,0
1721,A04,0.2,3000000,0.000001,3000,3,1,1,9,0,2,4,6,8,10,12,14,16,0
127,A04,0.2,3000000,0.000001,3000,3,1,1,1,8,0,0,0,0,0,0,0,0,0
498,A06,0.2,3000000,0.000001,3000,3,1,1,1,10,0,0,0,0,0,0,0,0,0
126,A04,0.2,3000000,0.000001,3000,3,1,1,1,10,0,0,0,0,0,0,0,0,0
1300,A06,0.2,3000000,0.000001,3000,30,1,3,10,15,20,25,30,35,40,45,50,55,60
151,A12,0.22,3000000,0.000001,3000,3,1,1,1,0,0,0,0,0,0,0,0,0,0
2533,A04,0.2,3000000,0.000001,3000,3,1,1,9,0,2,4,6,8,10,12,14,16,0
193,A04,0.2,3000000,0.000001,3000,3,1,1,1,0,0,0,0,0,0,0,0,0,0
1435,A04,0.2,3000000,0.000001,3000,3,1,1,8,-10,-5,0,5,10,15,20,25,0,0
1592,A04,0.2,3000000,0.000001,3000,30,1,1,9,0,2,4,6,8,10,12,14,16,0
3541,A04,0.2,3000000,0.000001,3000,3,1,1,10,1,2,3,4,0,0,0,0,0,0
1641,A06,0.2,3000000,0.000001,3000,3,1,1,9,0,2,4,6,8,10,12,14,16,0
1298,A06,0.2,3000000,0.000001,3000,30,1,3,10,2,4,6,8,10,12,14,16,18,20
2705,A04,0.2,3000000,0.000001,3000,3,1,1,9,0,2,4,6,8,10,12,14,16,0
13034,A02,0.3,300000,0.00001,60000,3,1,4,10,0,1,2,3,4,5,6,7,8,9
11206,A06,0.1,120000,0.00001,50000,3,1,4,10,10,11,12,13,14,15,16,17,18,19
1956,A04,0.2,3000000,0.000001,3000,3,1,1,9,0,2,4,6,8,10,12,14,16,0
1505,A04,0.2,3000000,0.000001,3000,3,1,1,9,0,2,4,6,8,10,12,14,16,0
2726,A04,0.2,3000000,0.000001,50000,3,1,1,1,6,0,0,0,0,0,0,0,0,0
188,A01,0.0034,155719,0.000001,3000,30,1,1,1,30,30,0,0,0,0,0,0,0,0
365,A06,0.0034,155719,0.000001,3000,30,1,1,1,30,30,30,30,30,30,30,30,30,30
21446,A09,0.39,390000,0.00001,50000,3,1,4,10,10,11,12,13,14,15,16,17,18,19
129,A06,0.11,2400,0.000001,3000,30,1,1,1,0,0,0,0,0,0,0,0,0,0
105182,A04,0.2,3000000,0.000001,30000,3,1,1,9,0,2,4,6,8,10,12,14,16,0
10172,A06,0.2,3000000,0.000001,3000,3,1,1,9,0,2,4,6,8,10,12,14,16,0
248,A12,0.0034,155719,0.000001,3000,30,1,1,1,10,10,10,10,10,10,10,10,10,10
253,A09,0.0034,155719,0.000001,3000,30,1,1,1,10,10,10,10,10,10,10,10,10,10
879,A10,0.2,3100000,1.00E-12,100,3,1,1,1,-8,-4,0,4,8,12,16,20,22,24
18710,A06,0.04,40000,0.00001,50000,30,1,4,10,3,7,18,20,22,25,30,35,40,45
874,A10,0.2,3000000,0.000001,3000,3,1,1,5,0,2,4,6,8,0,0,0,0,0
82,A01,0.5,5000000,0.00001,10000,3,1,1,1,-8,-6,-4,-2,0,2,4,6,8,10
138,A04,0.2,3000000,0.000001,3000,3,1,1,1,0,0,0,0,0,0,0,0,0,0
147,A12,0.3,3000000,0.000001,3000,3,1,1,1,0,0,0,0,0,0,0,0,0,0
133,A04,0.2,3000000,0.000001,3000,3,1,1,1,0,0,0,0,0,0,0,0,0,0
30839,A05,0.2,3000000,0.000001,30000,3,1,1,10,0,1,2,3,4,0,0,0,0,0
2222,A06,0.2,3000000,0.000001,3000,3,1,1,9,0,2,4,6,8,10,12,14,16,0
49791,A04,0.2,3000000,0.000001,50000,3,1,1,10,0,2,4,6,8,10,12,14,16,0
13867,A06,0.3,240000,0.00001,50000,3,1,4,10,0,1,2,3,4,5,6,7,8,9
427,A04,0.2,300000,0.00001,100000,30,1,4,1,8,0,0,0,0,0,0,0,0,0
440,A12,0.2,3000000,0.000001,3000,3,1,1,1,0,0,0,0,0,0,0,0,0,0
5264,A06,0.2,3000000,0.000001,100000,3,1,1,1,0,2,4,6,8,10,12,14,16,0
761,A04,0.2,3000000,0.000001,3000,3,1,1,5,0,2,4,6,8,0,0,0,0,0
12598,A04,0.65,3000000,0.000001,30000,3,1,1,9,0,2,4,6,8,10,12,14,16,0
16480,A04,0.2,3000000,0.000001,30000,3,1,1,10,1,2,3,4,0,0,0,0,0,0
19392,A04,0.2,3000000,0.000001,30000,3,1,1,9,0,2,4,6,8,10,12,14,16,0
23538,A06,0.2,3000000,0.000001,3000,3,1,1,10,0,2,4,6,8,10,12,14,16,18
26258,A12,0.3,300000,0.00001,60000,3,1,4,10,10,11,12,13,14,15,16,17,18,19
31053,A05,0.2,3000000,0.000001,30000,3,1,1,10,1,2,3,4,0,0,0,0,0,0
68,A04,0.0034,155719,0.000001,1000,30,1,1,1,0,5,10,15,20,25,30,35,40,45
884,A01,2,3000,0.000001,3000,30,1,3,10,0,5,10,15,20,25,30,35,40,45
14003,A06,0.2,3000000,0.000001,30000,3,1,1,9,0,2,4,6,8,10,12,14,16,0
312,A04,0.75,1000000,0.000001,3000,3,1,1,1,6,0,0,0,0,0,0,0,0,0
6264,A07,0.4,2080000,0.000001,50000,30,1,1,1,0,5,10,15,20,25,30,35,40,45
17037,A06,0.2,160000,0.00001,50000,3,1,4,10,10,11,12,13,14,15,16,17,18,19
37605,A04,0.2,5000000,0.000001,30000,3,1,1,9,0,2,4,6,8,10,12,14,16,0
23834,A05,0.2,3000000,0.000001,30000,3,1,1,10,1,2,3,4,5,6,7,8,9,10
134,A04,0.2,3000000,0.000001,3000,3,1,1,1,0,0,0,0,0,0,0,0,0,0
611,A01,0.0588,2080000,0.0000001,5000,30,1,1,1,-20,5,10,15,20,25,30,35,0,0
361,A04,0.2,3000000,0.000001,3000,3,1,1,2,0,10,0,0,0,0,0,0,0,0
765,A04,0.2,3000000,0.000001,6000,3,1,1,2,1,5,0,0,0,0,0,0,0,0
9162,A05,0.3,300000,0.00001,60000,3,1,4,10,0,1,2,3,4,5,6,7,8,9
124,A03,0.2,3000000,0.000001,3000,3,1,1,1,1,0,0,0,0,0,0,0,0,0
4935,A05,0.2,3000000,0.000001,30000,3,1,1,1,1,2,3,4,0,0,0,0,0,0
975,A07,0.5,5000000,0.00001,10000,3,1,1,1,-8,-6,-4,-2,0,2,4,6,8,10
10676,A06,0.2,240000,0.00001,50000,3,1,4,10,0,1,2,3,4,5,6,7,8,9
13424,A09,0.065,65000,0.00001,50000,3,1,4,10,10,11,12,13,14,15,16,17,18,19
2265,A04,0.2,3000000,0.000001,50000,3,1,1,1,13,0,0,0,0,0,0,0,0,0
45506,A04,0.2,3000000,0.000001,30000,3,1,1,9,0,2,4,6,8,10,12,14,16,0
12023,A06,0.13,130000,0.00001,60000,3,1,4,10,0,2,4,6,8,10,12,14,16,18
357,A02,0.0034,155719,0.000001,3000,30,1,1,1,10,10,10,10,10,10,10,10,10,10
482,A04,0.0034,155719,0.000001,1000,30,1,1,8,0,5,10,15,20,25,30,35,0,0
412,A04,0.2,3000000,0.000001,3000,3,1,1,1,0,0,0,0,0,0,0,0,0,0
240,A04,0.2,3000000,0.000001,3000,3,1,1,1,-10,-5,0,5,10,15,20,25,0,0
17396,A07,0.3,300000,0.00001,60000,3,1,4,10,10,11,12,13,14,15,16,17,18,19
290,A01,0.0034,155719,0.000001,3000,30,1,1,1,10,10,10,10,10,10,10,10,10,10
123,A04,0.2,3000000,0.000001,3000,3,1,1,1,0,0,0,0,0,0,0,0,0,0
15067,A03,0.13,130000,0.00001,60000,3,1,4,10,18,20,22,25,28,31,34,37,41,45
14257,A06,0.2,3000000,0.000001,30000,3,1,1,9,0,2,4,6,8,10,12,14,16,0
46068,A06,0.04,40000,0.00001,50000,30,5,4,10,3,7,18,20,22,25,30,35,40,45
9443,A10,0.3,300000,0.00001,60000,3,1,4,10,0,1,2,3,4,5,6,7,8,9
6907,A09,0.065,65000,0.00001,50000,3,1,4,10,0,1,2,3,4,5,6,7,8,9
126,A04,0.2,3000000,0.000001,3000,3,1,1,1,0,0,0,0,0,0,0,0,0,0
287,A12,0.0588,2080000,0.0000001,5000,30,1,1,1,-20,5,10,15,20,25,30,35,0,0
17526,A06,0.2,3000000,0.000001,50000,3,1,1,10,0,2,4,6,8,10,12,14,16,0
1238,A06,0.2,3000000,0.000001,3000,10,1,3,5,3,5,7,10,12,14,16,18,20,22
124,A04,0.2,3000000,0.000001,3000,3,1,1,1,6,0,0,0,0,0,0,0,0,0
224,A11,0.11,2400,0.000001,3000,30,1,1,1,0,0,0,0,0,0,0,0,0,0
10241,A06,0.15,180000,0.00001,50000,3,1,4,10,0,1,2,3,4,5,6,7,8,9
160,A09,0.0034,155719,0.000001,3000,30,1,1,1,30,30,0,0,0,0,0,0,0,0
358,A02,0.0034,155719,0.000001,3000,30,1,1,1,0,0,0,0,0,0,0,0,0,0
247,A01,0.0034,155719,0.000001,3000,30,1,1,1,0,0,0,0,0,0,0,0,0,0
24547,A11,0.3,300000,0.00001,60000,3,1,4,10,10,11,12,13,14,15,16,17,18,19
995,A04,0.2,3000000,0.000001,3000,3,1,1,9,0,2,4,6,8,10,12,14,16,0
1284,A03,0.2,6000000,0.000001,3000,3,1,1,8,-20,-15,-10,-5,0,5,10,15,20,25
1351,A04,0.2,3000000,0.000001,3000,3,1,1,9,0,2,4,6,8,10,12,14,16,0
33206,A06,0.13,130000,0.00001,60000,60,1,4,10,0,2,4,6,8,10,12,14,16,18
828,A12,0.2,6000000,0.000001,6000,3,1,2,2,1,5,0,0,0,0,0,0,0,0
1322,A06,0.2,3000000,0.000001,3000,30,1,3,10,5,10,15,25,30,35,40,45,50,55
22852,A05,0.2,3000000,0.000001,30000,3,1,1,10,1,2,3,4,0,0,0,0,0,0
126,A04,0.2,3000000,0.000001,3000,3,1,1,1,0,0,0,0,0,0,0,0,0,0
18474,A09,0.4,2080000,0.000001,50000,30,1,1,10,0,5,10,15,20,25,30,35,40,45
1282,A06,0.5,5000000,0.00001,10000,3,1,1,1,-8,-6,-4,-2,0,2,4,6,8,10
11079,A06,0.3,240000,0.00001,50000,3,1,4,10,0,1,2,3,4,5,6,7,8,9
456,A04,0.2,3000000,0.000001,3000,3,1,1,1,12,0,0,0,0,0,0,0,0,0
214,A04,0.75,1000000,0.000001,3000,3,1,1,3,6,10,16,0,0,0,0,0,0,0
2806,A04,0.2,3000000,0.000001,50000,3,1,1,1,9,0,0,0,0,0,0,0,0,0
13982,A11,0.065,65000,0.00001,50000,3,1,4,10,10,11,12,13,14,15,16,17,18,19
156,A06,0.2,3000000,0.000001,3000,3,1,1,1,5,5,5,5,5,5,5,5,5,5
1338,A06,0.2,3000000,0.000001,3000,30,1,3,10,56,58,60,62,64,66,68,70,72,74
1681,A04,0.2,3000000,0.000001,3000,3,1,1,9,0,2,4,6,8,10,12,14,16,0
115,A01,0.11,2400,0.000001,3000,30,1,1,1,0,0,0,0,0,0,0,0,0,0
1370,A06,0.04,40000,0.00001,50000,3,1,4,1,11,13,15,17,19,21,23,27.5,32.5,37.5
218,A04,0.2,3000000,0.000001,3000,3,1,1,1,0,0,0,0,0,0,0,0,0,0
816,A06,0.2,3000000,0.000001,3000,3,1,1,5,0,2,4,6,8,0,0,0,0,0
185,A06,0.2,3000000,0.000001,3000,3,1,1,1,0,2,4,6,8,10,12,14,16,0
168,A04,0.2,3000000,0.000001,3000,3,1,1,1,0,0,0,0,0,0,0,0,0,0
3755,A06,0.04,40000,0.00001,50000,60,1,4,1,11,13,15,17,19,21,23,27.5,32.5,37.5
119,A04,0.2,3000000,0.000001,3000,3,1,1,1,0,0,0,0,0,0,0,0,0,0
27414,A06,0.0588,40166,0.0000001,50000,30,1,1,8,0,5,10,15,20,25,30,35,0,0
13304,A06,0.35,280000,0.00001,50000,3,1,4,10,0,1,2,3,4,5,6,7,8,9
32160,A06,0.2,3000000,0.000001,30000,3,1,1,9,0,2,4,6,8,10,12,14,16,0
1036,A06,0.2,3000000,0.000001,3000,3,1,1,9,0,2,4,6,8,10,12,14,16,0
9881,A09,0.5,500000,0.00001,50000,3,1,4,10,0,1,2,3,4,5,6,7,8,9
3060,A05,0.2,3000000,0.000001,30000,3,1,1,1,0,1,2,3,4,5,0,0,0,0
2406,A04,0.2,3000000,0.000001,3000,3,1,1,9,0,2,4,6,8,10,12,14,16,0
35173,A09,0.0588,40166,0.0000001,50000,30,1,1,8,0,5,10,15,20,25,30,35,0,0
267,A03,0.0034,155719,0.000001,3000,30,1,1,1,10,10,10,10,10,10,10,10,10,10
11106,A06,0.2,3000000,0.000001,30000,3,1,1,9,0,2,4,6,8,10,12,14,16,0
30051,A05,0.2,3000000,0.000001,30000,3,1,1,10,0,1,2,3,4,0,0,0,0,0
1173,A04,0.2,3000000,0.000001,3000,3,1,1,9,-20,-15,-10,-5,0,5,10,15,20,0
179,A12,0.2,155719,0.000001,3000,30,1,1,1,30,30,30,30,30,30,30,30,30,30
6220,A05,0.2,3000000,0.000001,30000,3,1,1,1,0,1,2,3,4,0,0,0,0,0
1558,A06,0.2,3000000,0.000001,3000,30,1,3,10,54,54.2,54.4,54.6,54.8,55,55.1,55.2,55.3,55.4
24748,A04,0.2,3000000,0.000001,3000,3,1,1,10,0,2,4,6,8,10,12,14,16,20
7141,A09,0.26,260000,0.00001,50000,3,1,4,10,0,1,2,3,4,5,6,7,8,9
431,A06,0.2,3000000,0.000001,3000,3,1,1,1,6,0,0,0,0,0,0,0,0,0
16932,A10,0.39,390000,0.00001,50000,3,1,4,10,10,11,12,13,14,15,16,17,18,19
7558,A11,0.13,130000,0.00001,60000,3,1,4,10,0,2,4,6,7,8,10,12,14,16
35152,A05,0.0588,40166,0.0000001,50000,30,1,1,8,0,5,10,15,20,25,30,35,0,0
7076,A10,0.26,260000,0.00001,50000,3,1,4,10,0,1,2,3,4,5,6,7,8,9
1336,A06,0.3,3000000,0.000001,3000,30,1,3,10,56,58,60,62,64,66,68,70,72,74
652,A06,0.2,3000000,0.000001,3000,3,1,1,1,14,0,0,0,0,0,0,0,0,0
8716,A09,0.39,390000,0.00001,50000,3,1,4,10,0,1,2,3,4,5,6,7,8,9
13492,A06,0.04,40000,0.00001,50000,3,1,4,10,3,7,18,20,22,25,30,35,40,45
116,A10,0.11,2400,0.000001,3000,30,1,1,1,0,0,0,0,0,0,0,0,0,0
121,A04,0.2,3000000,0.000001,3000,3,1,1,1,2,0,0,0,0,0,0,0,0,0
362,A04,0.2,3000000,0.000001,3000,3,1,1,1,0,2,4,6,8,10,12,14,16,18
122,A04,0.2,3000000,0.000001,3000,3,1,1,1,0,0,0,0,0,0,0,0,0,0
13621,A04,0.2,3000000,0.000001,30000,3,1,1,9,0,2,4,6,8,10,12,14,16,0
124,A04,0.2,3000000,0.000001,3000,3,1,1,1,0,0,0,0,0,0,0,0,0,0
1265,A04,0.2,3000000,0.000001,3000,3,1,1,8,-10,-5,0,5,10,15,20,25,0,0
40884,A11,0.2,3000000,0.000001,60000,3,1,1,10,0,2,4,6,8,10,12,14,16,18
174,A06,0.2,3000000,0.000001,3000,3,1,1,1,15,15,15,15,15,15,15,15,15,15
3193,A04,0.2,6636600,0.000001,3000,3,1,1,8,-20,10,5,4,20,6,7,-10,0,0
16447,A05,0.2,3000000,0.000001,30000,3,1,1,10,1,2,3,4,0,0,0,0,0,0
127,A04,0.2,3000000,0.000001,3000,3,1,1,1,0,0,0,0,0,0,0,0,0,0
360,A03,0.0034,155719,0.000001,3000,30,1,1,1,30,30,30,30,30,30,30,30,30,30
16614,A05,0.2,3000000,0.000001,30000,3,1,1,10,1,2,3,4,0,0,0,0,0,0
531,A08,0.2,3000000,0.000001,3000,3,1,1,1,0,2,4,6,8,10,12,14,16,0
10416,A08,0.3,300000,0.00001,60000,3,1,4,10,0,1,2,3,4,5,6,7,8,9
4016,A04,0.2,3000000,0.000001,3000,3,1,1,10,0,2,4,6,8,10,12,14,16,0
1126,A04,0.2,3000000,0.000001,3000,10,1,1,9,0,2,4,6,8,10,12,14,16,0
342,A07,0.0034,155719,0.000001,3000,30,1,1,1,30,30,30,30,30,30,30,30,30,30
3640,A04,0.2,3000000,0.000001,3000,3,1,1,9,0,2,4,6,8,10,12,14,16,0
24483,A06,0.2,3000000,0.000001,30000,3,1,1,9,0,2,4,6,8,10,12,14,16,0
404,A06,0.2,3000000,0.000001,3000,3,1,1,1,8,0,0,0,0,0,0,0,0,0
41420,A06,0.04,40000,0.00001,50000,3,5,4,10,3,7,18,20,22,25,30,35,40,45
1413,A04,0.2,3000000,0.000001,3000,3,1,1,9,0,2,4,6,8,10,12,14,16,0
1576,A04,0.2,6500000,0.000001,3000,3,1,1,8,-10,-5,0,5,10,15,20,25,0,0
573,A06,0.5,3000000,0.000001,3000,30,1,3,10,0,5,10,15,25,30,35,40,45,50
422,A07,0.0034,155719,0.000001,3000,30,1,1,1,0,10,20,30,40,50,60,70,75,80
802,A04,0.5,5000000,0.00001,10000,3,1,1,1,-8,-6,-4,-2,0,2,4,6,8,10
20865,A05,0.2,3000000,0.000001,30000,3,1,1,10,1,2,3,4,5,6,7,8,9,10
21002,A06,0.13,130000,0.00001,60000,3,1,4,10,20,22,24,26,29,32,35,38,41,45
5018,A06,0.2,3000000,0.000001,3000,3,1,1,9,0,2,4,6,8,10,12,14,16,0
2817,A06,0.2,3000000,0.000001,5000,3,1,1,9,0,2,4,6,8,10,12,14,16,0
203,A01,0.0034,155719,0.000001,3000,30,1,1,1,-10,-5,0,5,10,15,20,25,30,35
135,A06,0.2,3000000,0.000001,3000,3,1,1,1,0,0,0,0,0,0,0,0,0,0
580,A02,0.0588,2080000,0.0000001,5000,30,1,1,1,-20,5,10,15,20,25,30,35,0,0
364,A02,0.0034,155719,0.000001,3000,30,1,1,1,30,30,30,30,30,30,30,30,30,30
145,A06,0.2,3000000,0.000001,3000,3,1,1,1,0,2,4,6,8,10,12,14,16,18
637,A04,0.2,3000000,0.000001,3000,3,1,1,5,10,12,14,16,18,0,0,0,0,0
20179,A04,0.2,3000000,0.000001,30000,3,1,1,9,0,2,4,6,8,10,12,14,16,0
1962,A04,0.35,3000000,0.000001,3000,3,1,1,8,-10,-5,0,5,10,15,20,25,0,0
152,A05,0.0034,155719,0.000001,3000,30,1,1,1,30,30,0,0,0,0,0,0,0,0
15067,A09,0.45,450000,0.00001,30000,3,1,4,10,-2,0,2,4,6,8,10,12,14,16
134,A06,0.2,3000000,0.000001,3000,3,1,1,1,0,0,0,0,0,0,0,0,0,0
21855,A06,0.04,40000,0.00001,50000,10,1,4,10,13,15,17,19,21,23,27.5,32.5,37.5,42.5
6882,A05,0.2,3000000,0.000001,30000,3,1,1,1,0,1,2,3,4,0,0,0,0,0
145,A06,0.5,3000000,0.000001,3000,3,1,1,1,2,4,6,8,10,12,14,16,18,20
151,A12,0.0034,155719,0.000001,3000,30,1,1,1,-10,-5,0,5,10,15,20,25,30,35
204,A03,0.4,3000000,0.000001,3000,10,5,1,1,10,12,45,453,378,30.783,0,0,783,0
3933,A04,0.2,3000000,0.000001,3000,3,1,1,9,0,2,4,6,8,10,12,14,16,0
27502,A02,0.0588,40166,0.0000001,50000,30,1,1,8,0,5,10,15,20,25,30,35,0,0
2810,A04,0.2,3000000,0.000001,50000,3,1,1,1,7,0,0,0,0,0,0,0,0,0
182,A04,0.2,3000000,0.000001,3000,3,1,1,1,0,2,4,6,8,10,12,14,16,0
21835,A04,0.2,3000000,0.000001,30000,3,1,1,10,2,3,4,5,6,7,8,9,10,11
24254,A06,0.25,300000,0.00001,50000,3,1,4,10,10,11,12,13,14,15,16,17,18,19
24479,A05,0.2,3000000,0.000001,30000,3,1,1,10,1,2,3,4,0,0,0,0,0,0
112,A04,0.2,3000000,0.000001,3000,3,1,1,1,0,0,0,0,0,0,0,0,0,0
1302,A06,0.2,3000000,0.000001,3000,30,1,3,10,16,17,18,19,20,21,22,23,24,25
354,A09,0.0588,2080000,0.0000001,5000,30,1,1,1,-20,5,10,15,20,25,30,35,0,0
452,A06,0.2,3000000,0.000001,3000,3,1,1,1,12,0,0,0,0,0,0,0,0,0
530,A04,0.2,3000000,0.000001,3000,3,1,1,2,0,2,0,0,0,0,0,0,0,0
27750,A03,0.0588,40166,0.0000001,50000,30,1,1,8,0,5,10,15,20,25,30,35,0,0
17597,A09,0.4,2080000,0.000001,50000,30,1,1,10,0,5,10,15,20,25,30,35,40,45
1114,A04,0.2,3000000,0.000001,3000,3,1,1,9,0,2,4,6,8,10,12,14,16,0
8431,A11,0.3,300000,0.00001,60000,3,1,4,10,0,1,2,3,4,5,6,7,8,9
59646,A12,0.4,2080000,0.000001,50000,30,1,1,10,0,5,10,15,20,25,30,35,40,45
5621,A04,0.2,3000000,0.000001,3000,3,1,1,9,0,2,4,6,8,10,12,14,16,0
9287,A10,0.5,500000,0.00001,50000,3,1,4,10,0,1,2,3,4,5,6,7,8,9
1347,A04,0.1,6000000,0.000001,3000,3,1,1,3,1,2,3,0,0,0,0,0,0,0
92,A04,0.2,3000000,0.000001,3000,3,1,1,1,0,0,0,0,0,0,0,0,0,0
136,A12,0.2,3000000,0.000001,3000,3,1,1,1,0,0,0,0,0,0,0,0,0,0
7445,A05,0.2,3000000,0.000001,30000,3,1,1,1,0,1,2,3,4,5,0,0,0,0
16863,A04,0.2,3000000,0.000001,30000,3,1,1,9,0,2,4,6,8,10,12,14,16,0
156,A12,0.24,3000000,0.000001,3000,3,1,1,1,0,0,0,0,0,0,0,0,0,0
288,A01,0.0034,155719,0.000001,3000,30,1,1,1,20,20,20,20,20,20,20,20,20,20
9222,A11,0.5,500000,0.00001,50000,3,1,4,10,10,11,12,13,14,15,16,17,18,19
123,A04,0.2,3000000,0.000001,3000,3,1,1,1,0,5,10,15,20,25,30,35,40,45
9741,A06,0.15,180000,0.00001,50000,3,1,4,10,10,11,12,13,14,15,16,17,18,19
128,A02,0.11,2400,0.000001,3000,30,1,1,1,0,0,0,0,0,0,0,0,0,0
941,A04,0.2,3000000,0.000001,3000,3,1,1,1,0,0,0,0,0,0,0,0,0,0
16965,A06,0.35,280000,0.00001,50000,3,1,4,10,10,11,12,13,14,15,16,17,18,19
1314,A06,0.2,3000000,0.000001,3000,30,1,3,10,0,5,10,15,20,25,30,35,40,45
29990,A06,0.2,3000000,0.000001,30000,3,1,1,10,0,2,4,6,8,10,12,14,16,0
193,A06,0.2,3000000,0.000001,3000,3,1,1,1,1,1,1,1,1,1,1,1,1,1
1219,A04,0.2,7632000,0.000001,3000,3,1,1,9,-20,-15,-10,-5,0,5,10,15,20,0
12,A06,0.5,3000000,0.000001,3000,30,1,3,9,50,55,60,65,70,75,80,85,90,0
150,A12,0.34,3000000,0.000001,3000,3,1,1,1,0,0,0,0,0,0,0,0,0,0
3080,A04,0.2,3000000,0.000001,3000,3,1,1,9,0,2,4,6,8,10,12,14,16,0
6130,A04,0.2,3000000,0.000001,10000,3,1,1,9,0,2,4,6,8,10,12,14,16,0
1267,A06,0.2,3000000,0.000001,3000,3,1,1,9,0,2,4,6,8,10,12,14,16,0
1022,A04,0.2,3000000,0.000001,3000,3,1,1,9,0,2,4,6,8,10,12,14,16,0
2068,A04,0.2,3000000,0.000001,30000,3,1,1,1,0,2,4,6,8,10,12,14,16,0
272,A05,0.0034,155719,0.000001,3000,30,1,1,1,20,20,20,20,20,20,20,20,20,20
781,A07,0.0588,2080000,0.0000001,10000,30,1,1,1,-20,5,10,15,20,25,30,35,0,0
16736,A06,0.2,3000000,0.000001,30000,3,1,1,9,0,2,4,6,8,10,12,14,16,0
241,A06,0.0034,155719,0.000001,3000,30,1,1,1,20,20,20,20,20,20,20,20,20,20
2801,A08,0.2,300000,0.000001,3000,3,1,1,10,2,4,6,8,10,12,14,16,18,20
184,A04,0.2,155719,0.000001,3000,30,1,1,1,30,30,30,30,30,30,30,30,30,30
990,A06,0.2,3000000,0.000001,3000,3,1,1,9,0,2,4,6,8,10,12,14,16,0
125,A04,0.2,3000000,0.000001,3000,3,1,1,1,12,0,0,0,0,0,0,0,0,0
141,A04,0.2,3000000,0.000001,3000,3,1,1,1,0,2,4,6,8,10,12,14,16,18
27956,A12,0.0588,40166,0.0000001,50000,30,1,1,8,0,5,10,15,20,25,30,35,0,0
11738,A06,0.1,3000000,0.000001,30000,3,1,1,9,0,2,4,6,8,10,12,14,16,0
15522,A06,0.3,240000,0.00001,50000,3,1,4,10,10,11,12,13,14,15,16,17,18,19
16407,A06,0.2,3000000,0.000001,30000,3,1,1,9,0,2,4,6,8,10,12,14,16,0
13741,A06,0.2,160000,0.00001,50000,3,1,4,10,0,1,2,3,4,5,6,7,8,9
124,A06,0.2,3000000,0.000001,3000,10,1,5,1,10,25,0,0,0,0,0,0,0,0
23228,A05,0.2,3000000,0.000001,30000,3,1,1,10,1,2,3,4,5,6,7,8,9,10
167,A02,0.0034,155719,0.000001,3000,30,1,1,1,30,30,0,0,0,0,0,0,0,0
20642,A06,0.2,3000000,0.000001,30000,3,1,1,9,0,2,4,6,8,10,12,14,16,0
17235,A05,0.2,3000000,0.000001,30000,3,1,1,10,0,1,2,3,4,5,6,7,8,9
947,A03,0.5,5000000,0.00001,10000,3,1,1,1,-8,-6,-4,-2,0,2,4,6,8,10
8313,A06,0.2,3000000,0.000001,3000,3,1,1,9,0,2,4,6,8,10,12,14,16,0
11778,A04,0.2,3000000,0.000001,30000,3,1,1,9,0,2,4,6,8,10,12,14,16,0
16740,A06,0.2,3000000,0.000001,30000,3,1,1,10,0,2,4,6,8,10,12,14,16,0
759,A09,0.0588,2080000,0.0000001,10000,30,1,1,1,-20,5,10,15,20,25,30,35,0,0
17565,A05,0.2,3000000,0.000001,30000,3,1,1,10,1,2,3,4,0,0,0,0,0,0
9000,A07,0.5,5000000,0.00001,10000,3,1,1,10,-8,-6,-4,-2,0,2,4,6,8,10
191,A03,0.11,2400,0.000001,3000,30,1,1,1,0,0,0,0,0,0,0,0,0,0
40448,A04,0.2,3000000,0.000001,30000,3,1,1,9,0,2,4,6,8,10,12,14,16,0
1395,A04,0.2,3000000,0.000001,3000,3,1,1,9,0,2,4,6,8,10,12,14,16,0
176,A09,0.0034,155719,0.000001,3000,30,1,1,1,30,30,30,30,30,30,30,30,30,30
125,A04,0.2,3000000,0.000001,3000,3,1,1,1,10,0,0,0,0,0,0,0,0,0
29511,A04,0.2,3000000,0.000001,30000,3,1,1,10,1,2,3,4,0,0,0,0,0,0
312,A04,0.0588,2080000,0.0000001,5000,30,1,1,1,-20,5,10,15,20,25,30,35,0,0
1128,A04,0.2,3000000,0.000001,3000,3,1,1,9,0,2,4,6,8,10,12,14,16,0
1290,A04,0.2,3000000,0.000001,3000,3,1,5,8,-10,-5,0,5,10,15,20,25,0,0
22978,A06,0.2,3000000,0.000001,30000,3,1,1,9,0,2,4,6,8,10,12,14,16,0
174,A06,0.0034,155719,0.000001,3000,30,1,1,1,-10,-5,0,5,10,15,20,25,30,35
181,A07,0.2,155719,0.000001,3000,30,1,1,1,30,30,30,30,30,30,30,30,30,30
206,A06,0.2,3000000,0.000001,3000,3,1,1,1,2,4,6,8,10,12,14,16,18,20
157,A06,0.8,3000000,0.000001,3000,30,1,3,10,5,10,15,20,25,30,35,40,45,50
20662,A05,0.2,3000000,0.000001,30000,3,1,1,10,1,2,3,4,0,0,0,0,0,0
6353,A05,0.2,3000000,0.000001,30000,3,1,1,3,0,10,20,0,0,0,0,0,0,0
12872,A06,0.13,130000,0.00001,60000,10,1,4,10,0,2,4,6,8,10,12,14,16,18
7910,A06,0.1,120000,0.00001,50000,3,1,4,10,0,1,2,3,4,5,6,7,8,9
13379,A11,0.5,500000,0.00001,30000,3,1,4,10,-2,0,2,4,6,8,10,12,14,16
1702,A04,0.2,3000000,0.000001,3000,60,1,1,9,0,2,4,6,8,10,12,14,16,0
559,A12,0.2,6000000,0.000001,6000,3,1,8,2,1,5,0,0,0,0,0,0,0,0
381,A04,0.2,3000000,0.000001,3000,3,1,1,1,0,0,0,0,0,0,0,0,0,0
269,A02,0.0034,155719,0.000001,3000,30,1,1,1,20,20,20,20,20,20,20,20,20,20
15211,A09,0.5,3300000,0.00001,50000,3,1,1,9,0,2,4,6,8,10,12,14,16,0
2025,A06,0.2,3000000,0.000001,30000,3,1,1,1,0,2,4,6,8,10,12,14,16,0
5695,A04,0.2,3000000,0.000001,3000,3,1,1,10,0,2,4,6,8,10,12,14,16,18
2527,A04,0.2,3000000,0.000001,30000,3,1,1,1,0,1,2,3,4,0,0,0,0,0
5815,A05,0.2,3000000,0.000001,30000,3,1,1,5,0,10,20,30,40,0,0,0,0,0
8058,A05,0.2,3000000,0.000001,30000,3,1,1,1,0,1,2,3,0,0,0,0,0,0
8132,A03,0.5,5000000,0.00001,10000,3,1,1,10,-8,-6,-4,-2,0,2,4,6,8,10
19383,A04,0.2,3000000,0.000001,30000,3,1,1,9,0,2,4,6,8,10,12,14,16,0
120,A04,0.2,3000000,0.000001,3000,3,1,1,1,2,0,0,0,0,0,0,0,0,0
896,A12,0.5,5000000,0.00001,10000,3,1,1,1,-8,-6,-4,-2,0,2,4,6,8,10
146,A04,0.2,3000000,0.000001,3000,3,1,1,1,0,0,0,0,0,0,0,0,0,0
1223,A06,0.2,3000000,0.000001,3000,3,1,1,9,0,2,4,6,8,10,12,14,16,0
3071,A04,0.2,3000000,0.000001,3000,3,1,1,9,0,2,4,6,8,10,12,14,16,0
144,A06,0.2,3000000,0.000001,3000,3,1,1,1,0,0,0,0,0,0,0,0,0,0
733,A07,0.2,3000000,0.000001,3000,3,1,1,5,-10,-5,0,5,10,0,0,0,0,0
28,A04,0.2,3000000,0.000001,100,30,1,1,1,0,0,0,0,0,0,0,0,0,0
217,A05,0.0034,155719,0.000001,3000,30,1,1,1,10,10,10,10,10,10,10,10,10,10
1288,A04,0.2,3000000,0.000001,3000,3,1,1,9,0,2,4,6,8,10,12,14,16,0
157,A04,0.5,3000000,0.000001,3000,3,1,1,1,2,4,6,8,10,12,14,16,18,20
24124,A05,0.2,3000000,0.000001,30000,3,1,1,10,1,2,3,4,0,0,0,0,0,0
217,A04,0.2,3000000,0.000001,3000,3,1,1,1,0,2,4,6,8,10,12,14,16,0
22288,A04,0.2,3000000,0.000001,30000,3,1,1,9,0,2,4,6,8,10,12,14,16,0
125,A04,0.2,3000000,0.000001,3000,3,1,1,1,16,0,0,0,0,0,0,0,0,0
133,A04,0.2,3000000,0.000001,3000,3,1,1,1,14,0,0,0,0,0,0,0,0,0
375,A05,0.0034,155719,0.000001,3000,30,1,1,1,0,0,0,0,0,0,0,0,0,0
18232,A05,0.2,3000000,0.000001,30000,3,1,1,10,0,1,2,3,4,5,0,0,0,0
331,A04,0.2,3000000,0.000001,3000,3,1,1,1,0,2,4,6,8,10,12,14,16,0
7475,A04,0.3,300000,0.00001,60000,3,1,4,10,0,1,2,3,4,5,6,7,8,9
129,A01,0.2,3000000,0.000001,3000,3,1,5,1,0,0,0,0,0,0,0,0,0,0
1294,A06,0.2,3000000,0.000001,3000,30,1,3,10,16,17,18,19,20,21,22,23,24,25
408,A06,0.2,3100000,0.000001,3000,3,1,1,1,0,0.5,1,2,3,4,5,6,7,10
183,A04,0.2,3000000,0.000001,3000,3,1,1,1,0,5,10,15,20,25,30,35,40,45
6547,A05,0.4,2080000,0.000001,50000,30,1,1,1,0,5,10,15,20,25,30,35,40,45
21508,A06,0.2,3000000,0.000001,3000,3,1,1,9,0,2,4,6,8,10,12,14,16,0
1934,A04,0.2,5000000,0.000001,3000,3,1,1,8,-10,-5,0,5,10,15,20,25,0,0
139,A04,0.2,3000000,0.000001,3000,3,1,1,1,0,5,10,15,20,25,30,35,40,45
326,A01,0.0034,155719,0.000001,3000,30,1,1,1,30,30,30,30,30,30,30,30,30,30
2299,A06,0.2,3000000,0.000001,3000,3,1,1,9,0,2,4,6,8,10,12,14,16,0
942,A04,0.2,3000000,0.000001,3000,3,1,1,5,0,1,2,3,4,5,6,7,8,9
2464,A04,0.2,3000000,0.000001,50000,3,1,1,1,5,6,7,8,9,10,11,12,13,14
24375,A01,0.3,300000,0.00001,60000,3,1,4,10,10,11,12,13,14,15,16,17,18,19
125,A07,0.11,2400,0.000001,3000,30,1,1,1,0,0,0,0,0,0,0,0,0,0
464,A04,0.2,3000000,0.000001,3000,3,1,1,1,6,0,0,0,0,0,0,0,0,0
219,A04,0.2,3000000,0.000001,3000,3,1,1,1,0,0,0,0,0,0,0,0,0,0
2638,A04,0.2,3000000,0.000001,50000,3,1,1,1,12,0,0,0,0,0,0,0,0,0
20039,A06,0.04,40000,0.00001,50000,60,1,4,10,13,15,17,19,21,23,27.5,32.5,37.5,42.5
302,A06,0.0034,155719,0.000001,3000,30,1,1,1,10,10,10,10,10,10,10,10,10,10
23988,A05,0.2,3000000,0.000001,30000,3,1,1,10,0,1,2,3,4,0,0,0,0,0
138,A06,0.2,3000000,0.000001,3000,3,1,1,1,0,0,0,0,0,0,0,0,0,0
1898,A05,0.2,3000000,0.000001,3000,3,1,1,10,1,2,3,4,5,6,0,0,0,0
175,A09,0.0034,155719,0.000001,3000,30,1,1,1,-10,-5,0,5,10,15,20,25,30,35
8436,A12,0.3,300000,0.00001,60000,3,1,4,10,0,1,2,3,4,5,6,7,8,9
143,A04,0.2,3000000,0.000001,3000,3,1,1,1,2,0,0,0,0,0,0,0,0,0
399,A04,0.2,3000000,0.000001,3000,3,1,1,1,0,0,0,0,0,0,0,0,0,0
466,A04,0.2,3000000,0.000001,3000,3,1,1,1,-20,10,15,20,0,-10,-5,10,0,0
28689,A04,0.2,3000000,0.000001,30000,3,1,1,10,2,3,4,5,6,7,8,9,10,11
629,A05,0.0588,2080000,0.0000001,5000,30,1,1,1,-20,5,10,15,20,25,30,35,0,0
319,A04,0.2,2700000,0.000001,3000,3,1,1,1,0,0,0,0,0,0,0,0,0,0
306,A07,0.0034,155719,0.000001,3000,30,1,1,1,0,0,0,0,0,0,0,0,0,0
361,A12,0.0034,155719,0.000001,3000,30,1,1,1,30,30,30,30,30,30,30,30,30,30
992,A06,0.2,3000000,0.000001,3000,30,1,3,7,60,65,70,75,80,85,90,0,0,0
3034,A06,0.2,3000000,0.000001,5000,3,1,1,10,0,2,4,6,8,10,12,14,16,0
528,A03,0.0588,2080000,0.0000001,5000,30,1,1,1,-20,5,10,15,20,25,30,35,0,0
3288,A04,0.2,6000000,0.000001,3000,3,1,1,8,-10,-5,0,5,10,15,20,25,0,0
2240,A06,0.2,3000000,0.000001,3000,3,1,1,9,0,2,4,6,8,10,12,14,16,0
519,A04,0.2,30,1,3000,3,1,1,1,0,0,0,0,0,0,0,0,0,0
628,A07,0.0588,2080000,0.0000001,5000,30,1,1,1,-20,5,10,15,20,25,30,35,0,0
15796,A10,0.26,260000,0.00001,50000,3,1,4,10,10,11,12,13,14,15,16,17,18,19
20164,A10,0.3,300000,0.00001,60000,3,1,4,10,10,11,12,13,14,15,16,17,18,19
81364,A01,0.2,3000000,0.000001,300000,3,1,1,10,0,2,4,6,8,10,12,14,16,18
171,A04,0.2,3000000,0.000001,3000,3,1,1,1,0,0,0,0,0,0,0,0,0,0
898,A08,0.5,5000000,0.00001,10000,3,1,1,1,-8,-6,-4,-2,0,2,4,6,8,10
19393,A05,0.3,300000,0.00001,60000,3,1,4,10,10,11,12,13,14,15,16,17,18,19
156,A12,0.32,3000000,0.000001,3000,3,1,1,1,0,0,0,0,0,0,0,0,0,0
35539,A06,0.2,3000000,0.000001,30000,3,1,1,9,0,2,4,6,8,10,12,14,16,0
347,A09,0.0034,155719,0.000001,3000,30,1,1,1,0,0,0,0,0,0,0,0,0,0
293,A12,0.0034,155719,0.000001,3000,30,1,1,1,20,20,20,20,20,20,20,20,20,20
1214,A04,0.2,3000000,0.000001,3000,3,1,1,10,70,71,72,73,74,75,76,77,78,79
3318,A05,0.2,3000000,0.000001,30000,3,1,1,1,0,0,0,0,0,0,0,0,0,0
7624,A04,0.2,3000000,0.000001,3000,3,1,1,10,0,2,4,6,8,10,12,14,16,18
20374,A01,0.13,130000,0.00001,60000,3,1,4,10,18,20,22,25,28,31,34,37,41,45
9221,A11,0.5,500000,0.00001,50000,3,1,4,10,0,1,2,3,4,5,6,7,8,9
45692,A04,0.2,3000000,0.000001,30000,3,1,1,9,0,2,4,6,8,10,12,14,16,0
45796,A06,0.04,40000,0.00001,50000,10,5,4,10,3,7,18,20,22,25,30,35,40,45
363,A04,0.2,3000000,0.000001,3000,3,1,1,1,2,0,0,0,0,0,0,0,0,0
171,A04,0.2,3000000,0.000001,3000,3,1,1,1,0,0,0,0,0,0,0,0,0,0
142,A04,0.2,3000000,0.000001,3000,3,1,1,1,0,0,0,0,0,0,0,0,0,0
2409,A06,0.2,300000,0.000001,3000,3,1,1,9,0,2,4,6,8,10,12,14,16,0
300,A03,0.0034,155719,0.000001,3000,30,1,1,1,0,0,0,0,0,0,0,0,0,0
1291,A06,0.2,3000000,0.000001,3000,30,1,3,10,55,55.1,55.2,55.3,55.4,55.5,55.6,55.7,55.8,55.9
45027,A08,0.5,5000000,0.00001,10000,3,1,1,10,-8,-6,-4,-2,0,2,4,6,8,10
355,A06,0.0034,155719,0.000001,3000,30,1,1,1,0,0,0,0,0,0,0,0,0,0
30286,A06,0.2,3000000,0.000001,30000,3,1,1,9,0,2,4,6,8,10,12,14,16,0
230,A04,0.2,3000000,0.000001,3000,3,1,1,1,0,2,4,6,8,10,12,14,16,0
144,A12,0.26,3000000,0.000001,3000,3,1,1,1,0,0,0,0,0,0,0,0,0,0
25875,A06,0.2,3000000,0.000001,30000,3,1,1,10,0,2,4,6,8,10,12,14,16,0
22036,A04,0.2,3000000,0.000001,30000,3,1,1,9,0,2,4,6,8,10,12,14,16,0
590,A06,0.0588,2080000,0.0000001,5000,30,1,1,1,-20,5,10,15,20,25,30,35,0,0
6854,A10,0.065,65000,0.00001,50000,3,1,4,10,0,1,2,3,4,5,6,7,8,9
30270,A04,0.2,3000000,0.000001,30000,3,1,1,9,0,2,4,6,8,10,12,14,16,0
45,A06,0.0034,155719,0.000001,500,30,1,1,1,30,0,0,0,0,0,0,0,0,0
8589,A05,0.2,3000000,0.000001,30000,3,1,1,2,70,35,0,0,0,0,0,0,0,0
25839,A09,0.3,300000,0.00001,60000,3,1,4,10,10,11,12,13,14,15,16,17,18,19
275,A08,0.2,3000000,0.000001,3000,3,1,1,1,0,0,0,0,0,0,0,0,0,0
5027,A04,0.2,3000000,0.000001,3000,3,1,1,9,0,2,4,6,8,10,12,14,16,0
239,A01,0.2,3000000,0.000001,3000,3,1,1,1,-2,0,2,4,6,8,10,12,14,16
11769,A06,0.25,200000,0.00001,50000,3,1,4,10,0,1,2,3,4,5,6,7,8,9
2295,A04,0.2,3000000,0.000001,3000,3,1,1,9,0,2,4,6,8,10,12,14,16,0
172,A06,0.2,3000000,0.000001,3000,3,1,1,1,0,2,4,6,8,10,12,14,16,0
140,A06,0.2,3000000,0.000001,3000,3,1,1,1,0,0,0,0,0,0,0,0,0,0
14853,A10,0.065,65000,0.00001,50000,3,1,4,10,10,11,12,13,14,15,16,17,18,19
2314,A06,0.2,300000,0.000001,3000,3,1,1,10,2,4,6,8,10,12,14,16,18,20
178,A04,0.2,3000000,0.000001,3000,3,1,1,1,0,0,0,0,0,0,0,0,0,0
2316,A04,0.35,3000000,0.000001,3000,3,1,1,8,-10,-5,0,5,10,15,20,25,0,0
796,A04,0.2,3000000,0.000001,3000,3,1,1,1,0,2,4,6,8,10,12,14,16,0
12441,A10,0.5,500000,0.00001,50000,3,1,4,10,10,11,12,13,14,15,16,17,18,19
23497,A05,0.2,3000000,0.000001,30000,3,1,1,10,1,2,3,4,5,6,7,8,9,10
25286,A04,0.3,300000,0.00001,60000,3,1,4,10,10,11,12,13,14,15,16,17,18,19
2240,A04,0.2,300000,0.000001,3000,3,1,1,10,2,4,6,8,10,12,14,16,18,20
5380,A06,0.2,3000000,0.000001,3000,3,1,1,9,0,2,4,6,8,10,12,14,16,0
22700,A04,0.2,3000000,0.000001,30000,3,1,1,10,2,3,4,5,6,7,8,9,10,11
11414,A04,0.1,3000000,0.000001,30000,3,1,1,9,0,2,4,6,8,10,12,14,16,0
1241,A11,0.5,5000000,0.00001,10000,3,1,1,1,-8,-6,-4,-2,0,2,4,6,8,10
25071,A09,0.2,3000000,0.000001,40000,3,1,1,10,0,2,4,6,8,10,12,14,16,18
143,A04,0.2,3000000,0.000001,3000,3,1,1,1,2,0,0,0,0,0,0,0,0,0
1333,A06,0.3,3000000,0.000001,3000,30,1,3,10,19,20,21,22,23,24,25,26,27,28
2138,A08,0.2,300000,0.000001,3000,3,1,1,10,2,4,6,8,10,12,14,16,18,20
19614,A04,0.2,3000000,0.000001,30000,3,1,1,10,1,2,3,4,0,0,0,0,0,0
24555,A05,0.2,3000000,0.000001,30000,3,1,1,10,1,2,3,4,0,0,0,0,0,0
7143,A06,0.2,3000000,0.000001,3000,3,1,1,9,0,2,4,6,8,10,12,14,16,0
17079,A05,0.2,3000000,0.000001,30000,3,1,1,10,0,1,2,3,4,0,0,0,0,0
593,A04,0.2,3000000,0.000001,3000,3,1,1,1,0,2,4,6,8,10,12,14,16,0
9121,A04,0.2,3000000,0.000001,30000,3,1,1,1,16,0,0,0,0,0,0,0,0,0
1897,A04,0.2,3000000,0.000001,3000,3,1,1,10,0,3,6,9,12,15,18,21,24,27
454,A04,0.2,3000000,0.000001,3000,3,1,1,1,0,2,4,6,8,10,12,14,16,0
1836,A04,0.2,3000000,0.000001,3000,3,1,1,9,0,2,4,6,8,10,12,14,16,0
26,A04,0.2,3000000,0.000001,100,30,1,1,1,1,0,0,0,0,0,0,0,0,0
2229,A04,0.2,3000000,0.000001,3000,3,1,1,9,0,2,4,6,8,10,12,14,16,0
14709,A11,0.13,130000,0.00001,60000,3,1,4,10,18,20,22,25,28,31,34,37,41,45
383,A04,0.0034,155719,0.000001,3000,30,1,1,1,30,30,30,30,30,30,30,30,30,30
6668,A11,0.065,65000,0.00001,50000,3,1,4,10,0,1,2,3,4,5,6,7,8,9
13026,A06,0.15,120000,0.00001,50000,3,1,4,10,10,11,12,13,14,15,16,17,18,19
121,A08,0.11,2400,0.000001,3000,30,1,1,1,0,0,0,0,0,0,0,0,0,0
691,A06,0.2,3000000,0.000001,3000,3,1,1,1,16,0,0,0,0,0,0,0,0,0
1918,A04,0.0588,40166,0.0000001,5000,30,1,1,8,0,5,10,15,20,25,30,35,0,0
181,A01,0.2,3000000,0.000001,3000,3,1,1,1,0,0,0,0,0,0,0,0,0,0
23015,A08,0.3,300000,0.00001,60000,3,1,4,10,10,11,12,13,14,15,16,17,18,19
6617,A01,0.4,2080000,0.000001,50000,30,1,1,1,0,5,10,15,20,25,30,35,40,45
151,A12,0.36,3000000,0.000001,3000,3,1,1,1,0,0,0,0,0,0,0,0,0,0
7824,A09,0.3,300000,0.00001,60000,3,1,4,10,0,1,2,3,4,5,6,7,8,9
602,A04,0.2,6.6366,0.000001,3000,30,1,1,1,-10,0,0,0,0,0,0,0,0,0
2709,A04,0.2,300000,0.000001,3000,3,1,1,9,0,2,4,6,8,10,12,14,16,0
184,A03,0.0034,155719,0.000001,3000,30,1,1,1,30,30,30,30,30,30,30,30,30,30
3253,A04,0.3,1000000,0.000001,3000,3,1,1,9,0,2,4,6,8,10,12,14,16,0
1282,A06,0.2,3000000,0.000001,3000,30,1,3,10,17,17.1,17.2,17.3,17.4,17.5,17.6,17.7,17.8,17.9
6182,A06,0.2,3000000,0.000001,10000,3,1,1,9,0,2,4,6,8,10,12,14,16,0
125,A12,0.2,3000000,0.000001,3000,3,1,1,1,0,0,0,0,0,0,0,0,0,0
2601,A04,0.25,3000000,0.000001,3000,3,1,1,8,-10,-5,0,5,10,15,20,25,0,0
6110,A06,0.25,300000,0.00001,50000,3,1,4,10,0,1,2,3,4,5,6,7,8,9
23092,A05,0.2,3000000,0.000001,30000,3,1,1,10,0,1,2,3,4,0,0,0,0,0
126,A04,0.2,3000000,0.000001,3000,3,1,1,1,0,0,0,0,0,0,0,0,0,0
9651,A01,0.13,130000,0.00001,60000,3,1,4,10,0,2,4,6,7,8,10,12,14,16
24895,A02,0.3,300000,0.00001,60000,3,1,4,10,10,11,12,13,14,15,16,17,18,19
7721,A09,0.5,500000,0.00001,50000,3,1,4,10,10,11,12,13,14,15,16,17,18,19
20419,A06,0.13,130000,0.00001,60000,10,1,4,10,20,22,24,26,29,32,35,38,41,45
18597,A04,0.2,3000000,0.000001,30000,3,1,1,9,0,2,4,6,8,10,12,14,16,0
23475,A06,0.3,300000,0.00001,60000,3,1,4,10,10,11,12,13,14,15,16,17,18,19
21271,A05,0.2,3000000,0.000001,30000,3,1,1,10,0,1,2,3,0,0,0,0,0,0
3103,A04,0.2,3000000,0.000001,5000,3,1,1,10,0,2,4,6,8,10,12,14,16,0
3146,A04,0.2,3000000,0.000001,3000,3,1,1,9,0,2,4,6,8,10,12,14,16,0
131,A04,0.2,3000000,0.000001,3000,3,1,1,1,0,2,4,6,8,10,12,14,16,0
2100,A06,0.2,3000000,0.000001,50000,3,1,1,1,0,2,4,6,8,10,12,14,16,0
544,A04,0.4,340000,0.0000001,5000,30,1,1,1,20,5,10,15,20,25,30,35,0,0
2150,A04,0.2,3000000,0.000001,3000,3,1,1,9,0,2,4,6,8,10,12,14,16,0
1391,A04,0.2,3000000,0.000001,3000,3,1,1,9,0,2,4,6,8,10,12,14,16,0
615,A04,0.2,3,0.000001,3000,3,1,1,1,0,2,4,6,8,10,12,14,16,0
414,A04,0.2,3000000,0.000001,3000,3,1,1,1,0,0,0,0,0,0,0,0,0,0
153,A04,0.75,10,0.000001,3000,3,1,1,1,6,10,16,0,0,0,0,0,0,0
595,A10,0.2,3000000,0.000001,3000,3,1,1,3,0,10,20,30,0,0,0,0,0,0
1496,A04,0.2,3000000,0.000001,3000,3,1,1,9,0,2,4,6,8,10,12,14,16,0
2161,A12,0.2,6000000,0.000001,6000,3,1,1,6,-10,-5,0,5,10,15,0,0,0,0
225,A04,0.2,3000000,0.000001,3000,3,1,1,1,0,0,0,0,0,0,0,0,0,0
157,A06,0.2,3000000,0.000001,3000,3,1,1,1,10,10,10,10,10,10,10,10,10,10
8401,A03,0.3,300000,0.00001,60000,3,1,4,10,0,1,2,3,4,5,6,7,8,9
238,A04,0.2,3000000,0.000001,3000,3,1,1,1,0,5,10,15,20,0,0,0,0,0
16515,A04,0.2,3000000,0.000001,30000,3,1,1,10,0,2,4,6,8,10,12,14,16,0
271,A09,0.0034,155719,0.000001,3000,30,1,1,1,20,20,20,20,20,20,20,20,20,20
491,A04,0.2,3000000,0.000001,3000,3,1,1,1,0,0,0,0,0,0,0,0,0,0
17152,A04,0.2,3000000,0.000001,30000,3,1,1,10,2,3,4,5,6,7,8,9,10,11
2365,A04,0.2,3000000,0.000001,50000,3,1,1,1,11,0,0,0,0,0,0,0,0,0
2229,A04,0.2,3000000,0.000001,30000,3,1,1,1,0,0,0,0,0,0,0,0,0,0
207,A03,0.4,3000000,0.000001,3000,10,5,1,1,10,12,45,453,378,30.783,0,0,783,0
1437,A06,0.2,3000000,0.000001,3000,3,1,1,9,0,2,4,6,8,10,12,14,16,0
68530,A06,0.2,3000000,0.000001,30000,3,1,1,9,0,2,4,6,8,10,12,14,16,0
2770,A04,0.2,3000000,0.000001,50000,3,1,1,1,8,0,0,0,0,0,0,0,0,0
3527,A04,0.2,3000000,0.000001,3000,3,1,1,10,0,2,4,6,8,10,12,14,16,18
16341,A06,0.2,3000000,0.000001,30000,3,1,1,9,0,2,4,6,8,10,12,14,16,0
9495,A06,0.2,3000000,0.000001,30000,3,1,1,9,0,2,4,6,8,10,12,14,16,0
1300,A06,0.2,3000000,0.000001,3000,30,1,3,10,0,5,10,15,20,25,30,35,40,45
12650,A04,0.6,1000000,0.000001,3000,3,1,1,9,0,2,4,6,8,10,12,14,16,0
489,A06,0.2,3000000,0.000001,3000,3,1,1,1,0,2,4,6,8,10,12,14,16,0
595,A04,0.2,8900000,0.000001,3000,3,1,1,1,0,0,0,0,0,0,0,0,0,0
19175,A04,0.2,3000000,0.000001,30000,3,1,1,9,0,2,4,6,8,10,12,14,16,0
470,A04,0.2,3000000,0.000001,3000,3,1,1,1,10,0,0,0,0,0,0,0,0,0
125,A04,0.2,3000000,0.000001,3000,3,1,1,1,10,0,0,0,0,0,0,0,0,0
1365,A06,0.2,3000000,0.000001,3000,30,1,3,10,55,55.1,55.2,55.3,55.4,55.5,55.6,55.7,55.8,55.9
1450,A06,0.2,3000000,0.000001,3000,3,1,1,9,0,2,4,6,8,10,12,14,16,0
10935,A04,0.2,3000000,0.000001,30000,3,1,1,9,0,2,4,6,8,10,12,14,16,0
183,A04,0.2,3000000,0.000001,3000,3,1,1,1,0,2,4,6,8,10,12,14,16,0
9238,A07,0.3,300000,0.00001,60000,3,1,4,10,0,1,2,3,4,5,6,7,8,9
374,A12,0.2,3000000,0.000001,3000,3,1,1,1,0,0,0,0,0,0,0,0,0,0
513,A04,0.2,3000000,0.000001,3000,3,1,1,1,0,0,0,0,0,0,0,0,0,0
12024,A06,0.35,280000,0.00001,50000,3,1,4,10,0,1,2,3,4,5,6,7,8,9
14333,A11,0.45,450000,0.00001,30000,3,1,4,10,-2,0,2,4,6,8,10,12,14,16
193,A04,0.2,3000000,0.000001,3000,3,1,1,1,0,2,4,6,8,10,12,14,16,18
479,A06,0.2,3000000,0.000001,3000,3,1,1,1,16,0,0,0,0,0,0,0,0,0
10708,A03,0.13,130000,0.00001,60000,3,1,4,10,0,2,4,6,7,8,10,12,14,16
199,A04,0.0034,155719,0.000001,3000,30,1,1,1,-10,-5,0,5,10,15,20,25,30,35
61815,A04,0.2,3000000,0.000001,30000,3,1,1,9,0,2,4,6,8,10,12,14,16,0
52,A06,0.2,3100000,0.000001,100,3,1,1,1,-8,-4,0,4,8,12,16,20,22,24
50317,A06,0.2,3000000,0.000001,30000,3,1,1,9,0,2,4,6,8,10,12,14,16,0
1159,A04,0.2,3000000,0.000001,3000,3,1,1,5,-10,-5,0,5,10,15,20,25,0,0
764,A04,0.0588,2080000,0.0000001,10000,30,1,1,1,-20,5,10,15,20,25,30,35,0,0
11268,A06,0.5,500000,0.00001,30000,3,1,4,10,-2,0,2,4,6,8,10,12,14,16
486,A01,0.2,3000000,0.000001,3000,3,1,1,1,0,0,0,0,0,0,0,0,0,0
1792,A06,0.2,3000000,0.000001,3000,3,1,1,9,0,2,4,6,8,10,12,14,16,0
8948,A10,0.39,390000,0.00001,50000,3,1,4,10,0,1,2,3,4,5,6,7,8,9
1788,A06,0.2,3000000,0.000001,3000,3,1,1,9,0,2,4,6,8,10,12,14,16,0
1433,A06,0.2,3000000,0.000001,3000,3,1,1,9,0,2,4,6,8,10,12,14,16,0
60421,A04,0.2,3000000,0.000001,30000,3,1,1,9,0,2,4,6,8,10,12,14,16,0
123,A04,0.2,3000000,0.000001,3000,3,1,1,1,0,0,0,0,0,0,0,0,0,0
1980,A04,0.2,3000000,0.000001,3000,3,1,1,9,0,2,4,6,8,10,12,14,16,0
22660,A06,0.2,3000000,0.000001,30000,3,1,1,9,0,2,4,6,8,10,12,14,16,0
7807,A11,0.26,260000,0.00001,50000,3,1,4,10,0,1,2,3,4,5,6,7,8,9
43275,A07,0.4,2080000,0.000001,50000,30,1,1,10,0,5,10,15,20,25,30,35,40,45
995,A06,0.5,3000000,0.000001,3000,30,1,3,9,10,11,12,13,14,15,16,17,18,0
1522,A06,0.8,3000000,0.000001,3000,30,1,3,10,0,1,2,3,4,5,6,7,8,9
6390,A06,0.3,300000,0.00001,20000,3,1,4,9,0,2,4,6,8,10,12,14,16,0
251,A05,0.11,2400,0.000001,3000,30,1,1,1,0,0,0,0,0,0,0,0,0,0
17650,A11,0.26,260000,0.00001,50000,3,1,4,10,10,11,12,13,14,15,16,17,18,19
534,A04,0.2,3000000,0.000001,3000,3,1,1,1,0,2,4,6,8,10,12,14,16,0
168,A04,0.8,3000000,0.000001,3000,3,1,1,1,0,1.5,2,2.5,3,0,0,0,0,0
289,A04,0.0034,155719,0.000001,3000,30,1,1,1,10,10,10,10,10,10,10,10,10,10
439,A04,0.2,3000000,0.000001,3000,3,1,1,1,14,0,0,0,0,0,0,0,0,0
386,A06,0.2,3000000,0.000001,3000,3,1,1,1,0,2,4,6,8,10,12,14,16,0
1827,A04,0.2,3000000,0.000001,3000,3,1,1,9,0,2,4,6,8,10,12,14,16,0
9223,A11,0.39,390000,0.00001,50000,3,1,4,10,0,1,2,3,4,5,6,7,8,9
3223,A04,0.2,3000000,0.000001,3000,3,1,1,9,0,2,4,6,8,10,12,14,16,18
5723,A04,0.2,3,0.000001,3000,3,1,1,9,0,2,4,6,8,10,12,14,16,0
305,A04,0.2,3000000,0.000001,3000,3,1,1,1,-30,-25,-20,-10,0,0,10,20,25,30
34777,A07,0.0588,40166,0.0000001,50000,30,1,1,8,0,5,10,15,20,25,30,35,0,0
919,A04,0.2,30000,0.000001,3000,3,1,1,1,0,0,0,0,0,0,0,0,0,0
12632,A06,0.15,120000,0.00001,50000,3,1,4,10,0,1,2,3,4,5,6,7,8,9
16375,A05,0.2,3000000,0.000001,30000,3,1,1,10,1,2,3,4,5,6,7,8,9,10
10439,A04,0.2,3000000,0.000001,30000,3,1,1,9,0,2,4,6,8,10,12,14,16,0
396,A04,0.2,3000000,0.000001,3000,3,1,1,1,0,2,4,6,8,10,12,14,16,0
806,A09,0.2,3000000,0.000001,3000,3,1,1,5,0,2,4,6,8,0,0,0,0,0
2743,A04,0.2,3000000,0.000001,3000,3,1,1,8,-10,-5,0,5,10,15,20,25,0,0
416,A04,0.2,3000000,0.000001,3000,3,1,1,1,0,0,0,0,0,0,0,0,0,0
1194,A06,0.2,3000000,0.000001,3000,3,1,1,9,0,2,4,6,8,10,12,14,16,0
2,A04,2,3000000,0.000001,3000,3,1,1,1,0,0,0,0,0,0,0,0,0,0
361,A04,0.2,3000000,0.000001,3000,3,1,1,1,4,0,0,0,0,0,0,0,0,0
121,A04,0.2,3000000,0.000001,3000,3,1,1,1,6,0,0,0,0,0,0,0,0,0
23022,A04,0.2,3000000,0.000001,30000,3,1,1,10,1,2,3,4,0,0,0,0,0,0
21226,A05,0.2,3000000,0.000001,30000,3,1,1,10,0,1,2,3,4,0,0,0,0,0
11100,A05,0.2,3000000,0.000001,30000,3,1,1,1,1,2,3,0,0,0,0,0,0,0
11998,A06,0.2,240000,0.00001,50000,3,1,4,10,10,11,12,13,14,15,16,17,18,19
2703,A04,0.3,3000000,0.000001,3000,3,1,1,8,-10,-5,0,5,10,15,20,25,0,0
433,A06,0.2,3000000,0.000001,3000,3,1,1,1,4,0,0,0,0,0,0,0,0,0
6449,A03,0.4,2080000,0.000001,50000,30,1,1,1,0,5,10,15,20,25,30,35,40,45
4949,A04,0.2,3000000,0.000001,50000,3,1,1,1,0,2,4,6,8,10,12,14,15,16
268,A03,0.0034,155719,0.000001,3000,30,1,1,1,20,20,20,20,20,20,20,20,20,20
17542,A09,0.26,260000,0.00001,50000,3,1,4,10,10,11,12,13,14,15,16,17,18,19
18714,A06,0.04,40000,0.00001,50000,60,1,4,10,3,7,18,20,22,25,30,35,40,45
292,A12,0.0034,155719,0.000001,3000,30,1,1,1,0,0,0,0,0,0,0,0,0,0
2300,A04,0.2,3000000,0.000001,50000,3,1,1,1,14,0,0,0,0,0,0,0,0,0
9377,A06,0.2,3000000,0.000001,3000,3,1,1,9,0,2,4,6,8,10,12,14,16,0
14417,A06,0.25,200000,0.00001,50000,3,1,4,10,10,11,12,13,14,15,16,17,18,19
126,A04,0.2,3000000,0.000001,3000,3,1,1,1,0,0,0,0,0,0,0,0,0,0
133,A05,0.2,80000,0.000001,3000,3,1,1,1,3,5,7,9,11,13,15,17,19,21
12712,A06,0.2,3000000,0.000001,30000,3,1,1,9,0,2,4,6,8,10,12,14,16,0
127,A12,0.11,2400,0.000001,3000,30,1,1,1,0,0,0,0,0,0,0,0,0,0
8511,A06,0.3,300000,0.00001,60000,3,1,4,10,0,1,2,3,4,5,6,7,8,9
9865,A11,0.2,3000000,0.000001,3000,3,1,1,5,0,8,16,24,32,40,0,0,0,0
122,A04,0.2,3000000,0.000001,3000,3,1,1,1,0,0,0,0,0,0,0,0,0,0
397,A01,2,300,0.000001,3000,30,1,5,3,0,5,10,15,20,25,30,35,40,45
18627,A06,0.04,40000,0.00001,50000,10,1,4,10,3,7,18,20,22,25,30,35,40,45
250,A04,0.0034,155719,0.000001,3000,30,1,1,1,0,0,0,0,0,0,0,0,0,0
354,A04,0.2,3000000,0.000001,3000,3,1,1,1,0,2,4,6,8,10,12,14,16,0
80672,A04,0.2,3000000,0.000001,50000,3,1,1,10,0,2,4,6,8,10,12,14,16,0
249,A07,0.0034,155719,0.000001,3000,30,1,1,1,10,10,10,10,10,10,10,10,10,10
475,A04,0.2,3000000,0.000001,3000,3,1,1,1,8,0,0,0,0,0,0,0,0,0
4607,A04,0.2,3000000,0.000001,3000,3,1,1,9,0,2,4,6,8,10,12,14,16,0
17522,A04,0.2,3000000,0.000001,30000,3,1,1,9,0,2,4,6,8,10,12,14,16,0
69231,A04,0.2,3000000,0.000001,50000,3,1,1,10,0,2,4,6,8,10,12,14,16,0
382,A04,0.2,3000000,0.000001,3000,3,1,1,1,0,0,0,0,0,0,0,0,0,0
11579,A01,0.3,300000,0.00001,60000,3,1,4,10,0,1,2,3,4,5,6,7,8,9
18503,A06,0.2,3000000,0.000001,30000,3,1,1,9,0,2,4,6,8,10,12,14,16,0
1547,A04,0.8,3000000,0.000001,30000,3,1,1,1,0,0,0,0,0,0,0,0,0,0
129,A07,0.2,3000000,0.000001,3000,3,1,1,1,5,10,15,20,35,40,45,50,55,60
140,A04,0.0034,155719,0.000001,3000,30,1,1,1,0,0,0,0,0,0,0,0,0,0
427,A04,0.2,3000000,0.000001,3000,3,1,1,1,-2,-1,-0.5,0,0.5,1,2,3,4,2.5
2619,A04,0.2,3000000,0.000001,3000,3,1,1,9,0,2,4,6,8,10,12,14,16,0
27166,A06,0.2,3000000,0.000001,3000,3,1,1,9,0,2,4,6,8,10,12,14,16,0
460,A04,0.0588,40166,0.000001,1000,30,1,1,8,0,5,10,15,20,25,30,35,0,0
135,A06,0.2,3000000,0.000001,3000,3,1,1,1,20,20,20,20,20,20,20,20,20,20
502,A04,0.2,3000000,0.000001,3000,3,1,1,1,0,0,0,0,0,0,0,0,0,0
168,A07,0.0034,155719,0.000001,3000,30,1,1,1,30,30,0,0,0,0,0,0,0,0
2230,A04,0.2,3000000,0.000001,3000,3,1,1,9,0,2,4,6,8,10,12,14,16,0
19142,A11,0.39,390000,0.00001,50000,3,1,4,10,10,11,12,13,14,15,16,17,18,19
2590,A04,0.6,1000000,0.000001,3000,3,1,1,9,0,2,4,6,8,10,12,14,16,0
4899,A04,0.2,3000000,0.000001,3000,3,1,1,9,0,2,4,6,8,10,12,14,16,0
52710,A04,0.2,3000000,0.000001,30000,3,1,1,9,0,2,4,6,8,10,12,14,16,0
13713,A06,0.04,40000,0.00001,50000,3,1,4,10,13,15,17,19,21,23,27.5,32.5,37.5,42.5
8,A06,0.8,3000000,0.000001,3000,30,1,3,9,50,55,60,65,70,75,80,85,90,0
2677,A04,0.2,3000000,0.000001,5000,3,1,1,9,0,2,4,6,8,10,12,14,16,0
14414,A09,0.5,500000,0.00001,30000,3,1,4,10,-2,0,2,4,6,8,10,12,14,16
194,A06,0.2,3000000,0.000001,3000,3,1,1,1,0,1,2,3,4,5,6,7,8,9
3667,A04,0.2,3000000,0.000001,3000,3,1,1,9,0,2,4,6,8,10,12,14,16,0
176,A06,0.2,155719,0.000001,3000,30,1,1,1,30,30,30,30,30,30,30,30,30,30
214,A04,0.2,3000000,0.000001,3000,3,1,1,1,2,4,6,8,10,12,14,16,18,20
34029,A06,0.13,130000,0.00001,60000,60,1,4,10,20,22,24,26,29,32,35,38,41,45
282,A07,0.0034,155719,0.000001,3000,30,1,1,1,20,20,20,20,20,20,20,20,20,20
43609,A04,0.5,5000000,0.00001,10000,3,1,1,10,-8,-6,-4,-2,0,2,4,6,8,10
64048,A06,0.04,40000,0.00001,50000,60,5,4,10,3,7,18,20,22,25,30,35,40,45
119,A04,0.11,2400,0.000001,3000,30,1,1,1,0,0,0,0,0,0,0,0,0,0
122,A04,0.2,3000000,0.000001,3000,3,1,1,1,0,0,0,0,0,0,0,0,0,0
29948,A04,0.2,3000000,0.000001,30000,3,1,1,10,1,2,3,4,5,6,0,0,0,0
268,A04,0.2,3000000,0.000001,3000,3,1,1,1,0,0,0,0,0,0,0,0,0,0
23588,A06,0.2,3000000,0.000001,30000,3,1,1,10,0,2,4,6,8,10,12,14,16,0
1544,A06,0.04,40000,0.00001,50000,10,1,4,1,11,13,15,17,19,21,23,27.5,32.5,37.5
20741,A06,0.2,3000000,0.000001,30000,3,1,1,9,0,2,4,6,8,10,12,14,16,0
20109,A05,0.2,3000000,0.000001,30000,3,1,1,10,1,2,3,4,0,0,0,0,0,0
19280,A06,0.2,3000000,0.000001,30000,3,1,1,9,0,2,4,6,8,10,12,14,16,0
22297,A04,0.2,3000000,0.000001,30000,3,1,1,10,1,2,3,4,5,0,0,0,0,0
207,A04,0.0034,155719,0.000001,3000,30,1,1,1,20,20,20,20,20,20,20,20,20,20
6272,A04,0.2,3000000,0.000001,3000,3,1,1,10,0,2,4,6,8,10,12,14,16,0
125,A04,0.2,3000000,0.000001,3000,3,1,1,1,4,0,0,0,0,0,0,0,0,0
353,A04,0.2,3000000,0.000001,3000,3,1,1,1,0,2,4,6,8,10,12,14,16,0
12262,A06,0.15,180000,0.00001,30000,3,1,4,10,-1,1,2,3,4,5,6,7,8,9
17574,A06,0.35,350000,0.00001,30000,3,1,4,10,-2,0,2,4,6,8,10,12,14,16
12730,A04,0.65,3000000,0.000001,30000,3,1,1,9,0,2,4,6,8,10,12,14,16,0
12021,A06,0.1,120000,0.00001,30000,3,1,4,10,-1,1,2,3,4,5,6,7,8,9
1519,A06,0.1386,78540,0.000001,3000,3,1,2,10,1,2,3,4,5,6,7,8,9,10
18021,A06,0.4,400000,0.00001,30000,3,1,4,10,-2,0,2,4,6,8,10,12,14,16
3,A04,0.2,3000000,0.000001,3000,3,1,1,1,0,0,0,0,0,0,0,0,0,0
14884,A11,0.25,250000,0.00001,30000,3,1,4,10,-2,0,2,4,6,8,10,12,14,16
23993,A06,0.1,120000,0.00001,30000,3,1,4,10,-1,10,11,12,13,14,15,16,17,18
2,A04,0.2,3000000,0.000001,3000,3,1,1,2,0,2,0,0,0,0,0,0,0,0
22839,A06,0.15,120000,0.00001,30000,3,1,4,10,-1,10,11,12,13,14,15,16,17,18
23286,A06,0.25,200000,0.00001,30000,3,1,4,10,-1,10,11,12,13,14,15,16,17,18
16349,A11,0.4,400000,0.00001,30000,3,1,4,10,-2,0,2,4,6,8,10,12,14,16
12174,A09,0.15,150000,0.00001,30000,3,1,4,10,-2,0,2,4,6,8,10,12,14,16
21566,A06,0.25,300000,0.00001,30000,3,1,4,10,-1,10,11,12,13,14,15,16,17,18
1304,A06,0.3292,186532,0.000001,3000,3,1,2,10,1,2,3,4,5,6,7,8,9,10
1403,A06,0.2772,157080,0.000001,3000,3,1,2,10,1,2,3,4,5,6,7,8,9,10
1461,A06,0.2425,137445,0.000001,3000,3,1,2,10,1,2,3,4,5,6,7,8,9,10
4,A04,0.2,3000000,0.000001,3000,3,1,1,2,0,2,0,0,0,0,0,0,0,0
13671,A09,0.25,250000,0.00001,30000,3,1,4,10,-2,0,2,4,6,8,10,12,14,16
14344,A09,0.2,200000,0.00001,30000,3,1,4,10,-2,0,2,4,6,8,10,12,14,16
1497,A06,0.2599,147262,0.000001,3000,3,1,2,10,1,2,3,4,5,6,7,8,9,10
24736,A06,0.3,240000,0.00001,30000,3,1,4,10,-1,10,11,12,13,14,15,16,17,18
230,A04,0.4,400000,0.00001,30000,3,1,4,10,-2,0,2,4,6,8,10,12,14,16
2,A04,0.2,3000000,0.000001,3000,3,1,1,9,0,2,4,6,8,10,12,14,16,0
9008,A06,0.45,450000,0.00001,30000,3,1,4,10,-2,0,2,4,6,8,10,12,14,16
22734,A06,0.2,160000,0.00001,30000,3,1,4,10,-1,10,11,12,13,14,15,16,17,18
1405,A06,0.1039,58905,0.000001,3000,3,1,2,10,1,2,3,4,5,6,7,8,9,10
14642,A06,0.2,160000,0.00001,30000,3,1,4,10,-1,1,2,3,4,5,6,7,8,9
25128,A06,0.35,280000,0.00001,30000,3,1,4,10,-1,10,11,12,13,14,15,16,17,18
14392,A06,0.25,250000,0.00001,30000,3,1,4,10,-2,0,2,4,6,8,10,12,14,16
22452,A06,0.15,180000,0.00001,30000,3,1,4,10,-1,10,11,12,13,14,15,16,17,18
11328,A06,0.25,300000,0.00001,30000,3,1,4,10,-1,1,2,3,4,5,6,7,8,9
1532,A06,0.2945,166897,0.000001,3000,3,1,2,10,1,2,3,4,5,6,7,8,9,10
4,A04,0.2,3000000,0.000001,3000,3,1,1,1,0,0,0,0,0,0,0,0,0,0
16361,A04,0.65,3000000,0.000001,30000,3,1,1,9,0,2,4,6,8,10,12,14,16,0
19390,A06,0.35,280000,0.00001,30000,3,1,4,10,-1,1,2,3,4,5,6,7,8,9
17704,A06,0.3,240000,0.00001,30000,3,1,4,10,-1,1,2,3,4,5,6,7,8,9
1632,A06,0.2252,127627,0.000001,3000,3,1,2,10,1,2,3,4,5,6,7,8,9,10
1453,A06,0.3465,196350,0.000001,3000,3,1,2,10,1,2,3,4,5,6,7,8,9,10
13218,A06,0.15,120000,0.00001,30000,3,1,4,10,-1,1,2,3,4,5,6,7,8,9
407,A04,0.35,3000000,0.000001,3000,3,1,1,8,-10,-5,0,5,10,15,20,25,0,0
15177,A09,0.4,400000,0.00001,30000,3,1,4,10,-2,0,2,4,6,8,10,12,14,16
5,A04,0.2,3000000,0.000001,3000,3,1,1,1,0,0,0,0,0,0,0,0,0,0
4,A04,0.2,3000000,0.000001,3000,3,1,1,2,0,2,0,0,0,0,0,0,0,0
1548,A06,0.3118,176715,0.000001,3000,3,1,2,10,1,2,3,4,5,6,7,8,9,10
16254,A06,0.25,200000,0.00001,30000,3,1,4,10,-1,1,2,3,4,5,6,7,8,9
1547,A06,0.2079,117810,0.000001,3000,3,1,2,10,1,2,3,4,5,6,7,8,9,10
13062,A06,0.2,240000,0.00001,30000,3,1,4,10,-1,1,2,3,4,5,6,7,8,9
1,A04,0.2,3000000,0.000001,3000,3,1,1,1,0,0,0,0,0,0,0,0,0,0
1794,A04,0.47,2000000,0.000001,3000,3,1,2,10,-4,-2,0,2,4,6,8,10,12,14
16045,A11,0.35,350000,0.00001,30000,3,1,4,10,-2,0,2,4,6,8,10,12,14,16
11071,A06,0.2,200000,0.00001,30000,3,1,4,10,-2,0,2,4,6,8,10,12,14,16
16395,A09,0.35,350000,0.00001,30000,3,1,4,10,-2,0,2,4,6,8,10,12,14,16
15244,A09,0.3,300000,0.00001,30000,3,1,4,10,-2,0,2,4,6,8,10,12,14,16
8357,A06,0.3,300000,0.00001,30000,3,1,4,10,-2,0,2,4,6,8,10,12,14,16
13678,A11,0.2,200000,0.00001,30000,3,1,4,10,-2,0,2,4,6,8,10,12,14,16
1524,A06,0.1732,98175,0.000001,3000,3,1,2,10,1,2,3,4,5,6,7,8,9,10
2,A04,0.2,3000000,0.000001,3000,3,1,1,9,0,2,4,6,8,10,12,14,16,0
2,A04,0.2,3000000,0.000001,3000,3,1,1,1,0,0,0,0,0,0,0,0,0,0
7085,A06,0.15,150000,0.00001,30000,3,1,4,10,-2,0,2,4,6,8,10,12,14,16
13951,A11,0.3,300000,0.00001,30000,3,1,4,10,-2,0,2,4,6,8,10,12,14,16
13618,A11,0.15,150000,0.00001,30000,3,1,4,10,-2,0,2,4,6,8,10,12,14,16
2,A04,0.2,3000000,0.000001,3000,3,1,1,9,0,2,4,6,8,10,12,14,16,0
9865,A04,0.15,150000,0.00001,30000,3,1,4,10,-2,0,2,4,6,8,10,12,14,16
21570,A06,0.2,240000,0.00001,30000,3,1,4,10,-1,10,11,12,13,14,15,16,17,18
1639,A06,0.0693,39270,0.000001,3000,3,1,2,10,1,2,3,4,5,6,7,8,9,10
