runtime,in01,in02,in03,in04,in05,in06,in07,in08,in09,in10,in11
8,100000,100000,1000,1000,0.1,0.5,20,20,1,0.1,1
4,100000,100000,1000,1000,0.1,0.5,20,20,1,0.7,1
11,100000,100000,1000,1000,0.1,0.5,20,20,1,0.7,1
6,100000,100000,1000,1000,0.1,0.5,20,20,1,0.9,1
6,100000,100000,1000,1000,0.1,0.5,20,20,1,0.1,1
8,100000,100000,1000,1000,0.1,0.5,20,20,1,0.5,1
17,100000,100000,1000,1000,0.1,0.5,20,20,1,0.7,1
7,100000,100000,1000,1000,0.1,0.5,20,20,1,0.9,1
4,100000,100000,1000,1000,0.1,0.5,20,20,1,0.1,1
17,100000,100000,1000,1000,0.1,0.5,20,20,1,0.9,1
20,100000,100000,1000,1000,0.1,0.5,20,20,1,0.9,1
8,100000,100000,1000,1000,0.1,0.5,20,20,1,0.5,1
4,100000,100000,1000,1000,0.1,0.5,20,20,1,0.5,1
17,100000,100000,1000,1000,0.1,0.5,20,20,1,0.5,1
9,100000,100000,1000,1000,0.1,0.5,20,20,1,0.9,1
4,100000,100000,1000,1000,0.1,0.5,20,20,1,0.1,1
4,100000,100000,1000,1000,0.1,0.5,20,20,1,0.1,1
7,100000,100000,1000,1000,0.1,0.5,20,20,1,0.9,1
4,100000,100000,1000,1000,0.1,0.5,20,20,1,0.1,1
10,100000,100000,1000,1000,0.1,0.5,20,20,1,0.9,1
17,100000,100000,1000,1000,0.1,0.5,20,20,1,0.3,1
5,100000,100000,1000,1000,0.1,0.5,20,20,1,0.5,1
17,100000,100000,1000,1000,0.1,0.5,20,20,1,0.7,1
3,100000,100000,1000,1000,0.1,0.5,20,20,1,0.3,1
7,100000,100000,1000,1000,0.1,0.5,20,20,1,0.5,1
6,100000,100000,1000,1000,0.1,0.5,20,20,1,0.3,1
21,100000,100000,1000,1000,0.1,0.5,20,20,1,0.7,1
6,100000,100000,1000,1000,0.1,0.5,20,20,1,0.9,1
5,100000,100000,1000,1000,0.1,0.5,20,20,1,0.1,1
8,100000,100000,1000,1000,0.1,0.5,20,20,1,0.9,1
5,100000,100000,1000,1000,0.1,0.5,20,20,1,0.1,1
7,100000,100000,1000,1000,0.1,0.5,20,20,1,0.5,1
12,100000,100000,1000,1000,0.1,0.5,20,20,1,0.5,1
10,100000,100000,1000,1000,0.1,0.5,20,20,1,0.7,1
6,100000,100000,1000,1000,0.1,0.5,20,20,1,0.3,1
3,100000,100000,1000,1000,0.1,0.5,20,20,1,0.1,1
6,100000,100000,1000,1000,0.1,0.5,20,20,1,0.5,1
4,100000,100000,1000,1000,0.1,0.5,20,20,1,0.5,1
8,100000,100000,1000,1000,0.1,0.5,20,20,1,0.7,1
13,100000,100000,1000,1000,0.1,0.5,20,20,1,0.5,1
5,100000,100000,1000,1000,0.1,0.5,20,20,1,0.3,1
5,100000,100000,1000,1000,0.1,0.5,20,20,1,0.3,1
7,100000,100000,1000,1000,0.1,0.5,20,20,1,0.9,1
17,100000,100000,1000,1000,0.1,0.5,20,20,1,0.5,1
9,100000,100000,1000,1000,0.1,0.5,20,20,1,0.5,1
7,100000,100000,1000,1000,0.1,0.5,20,20,1,0.1,1
14,100000,100000,1000,1000,0.1,0.5,20,20,1,0.3,1
135,10000000,10000000,10000,100000,0.1,1,50,50,1,0.888,1
5,100000,100000,1000,1000,0.1,0.5,20,20,1,0.3,1
8,100000,100000,1000,1000,0.1,0.5,20,20,1,0.9,1
24,100000,100000,1000,1000,0.1,0.5,20,20,1,0.7,1
9,100000,100000,1000,1000,0.1,0.5,20,20,1,0.5,1
5,100000,100000,1000,1000,0.1,0.5,20,20,1,0.3,1
11,100000,100000,1000,1000,0.1,0.5,20,20,1,0.1,1
5,100000,100000,1000,1000,0.1,0.5,20,20,1,0.5,1
6,100000,100000,1000,1000,0.1,0.5,20,20,1,0.3,1
3,100000,100000,1000,1000,0.1,0.5,20,20,1,0.1,1
10,100000,100000,1000,1000,0.1,0.5,20,20,1,0.5,1
4,100000,100000,1000,1000,0.1,0.5,20,20,1,0.1,1
6,100000,100000,1000,1000,0.1,0.5,20,20,1,0.5,1
14,100000,100000,1000,1000,0.1,0.5,20,20,1,0.1,1
5,100000,100000,1000,1000,0.1,0.5,20,20,1,0.7,1
9,100000,100000,1000,1000,0.1,0.5,20,20,1,0.3,1
19,10000000,10000000,10000,100000,0.1,1,50,50,1,0.2,1
6,100000,100000,1000,1000,0.1,0.5,20,20,1,0.7,1
73,5000000,5000000,10000,1000000,0.1,1,50,50,1,0.7,1
10,100000,100000,1000,1000,0.1,0.5,20,20,1,0.7,1
3,100000,100000,1000,1000,0.1,0.5,20,20,1,0.1,1
3,100000,100000,1000,1000,0.1,0.5,20,20,1,0.1,1
7,100000,100000,1000,1000,0.1,0.5,20,20,1,0.9,1
10,100000,100000,1000,1000,0.1,0.5,20,20,1,0.9,1
7,100000,100000,1000,1000,0.1,0.5,20,20,1,0.3,1
6,100000,100000,1000,1000,0.1,0.5,20,20,1,0.5,1
9,100000,100000,1000,1000,0.1,0.5,20,20,1,0.3,1
3,100000,100000,1000,1000,0.1,0.5,20,20,1,0.3,1
5,100000,100000,1000,1000,0.1,0.5,20,20,1,0.5,1
3,100000,100000,1000,1000,0.1,0.5,20,20,1,0.5,1
6,100000,100000,1000,1000,0.1,0.5,20,20,1,0.9,1
9,100000,100000,1000,1000,0.1,0.5,20,20,1,0.5,1
18,100000,100000,1000,1000,0.1,0.5,20,20,1,0.3,1
4,100000,100000,1000,1000,0.1,0.5,20,20,1,0.3,1
5,100000,100000,1000,1000,0.1,0.5,20,20,1,0.1,1
9,100000,100000,1000,1000,0.1,0.5,20,20,1,0.7,1
6,100000,100000,1000,1000,0.1,0.5,20,20,1,0.5,1
5,100000,100000,1000,1000,0.1,0.5,20,20,1,0.47,1
4,100000,100000,1000,1000,0.1,0.5,20,20,1,0.1,1
8,100000,100000,1000,1000,0.1,0.5,20,20,1,0.9,1
5,100000,100000,1000,1000,0.1,0.5,20,20,1,0.1,1
7,100000,100000,1000,1000,0.1,0.5,20,20,1,0.5,1
4,100000,100000,1000,1000,0.1,0.5,20,20,1,0.3,1
23,100000,100000,1000,1000,0.1,0.5,20,20,1,0.9,1
25,100000,100000,1000,1000,0.1,0.5,20,20,1,0.3,1
8,100000,100000,1000,1000,0.1,0.5,20,20,1,0.7,1
5,100000,100000,1000,1000,0.1,0.5,20,20,1,0.9,1
4,100000,100000,1000,1000,0.1,0.5,20,20,1,0.1,1
14,100000,100000,1000,1000,0.1,0.5,20,20,1,0.3,1
5,100000,100000,1000,1000,0.1,0.5,20,20,1,0.5,1
17,100000,100000,1000,1000,0.1,0.5,20,20,1,0.3,1
3,100000,100000,1000,1000,0.1,0.5,20,20,1,0.1,1
9,100000,100000,1000,1000,0.1,0.5,20,20,1,0.7,1
8,100000,100000,1000,1000,0.1,0.5,20,20,1,0.9,1
354,10000000,10000000,10000,500000,0.1,1,50,50,30,0.8,1
17,100000,100000,1000,1000,0.1,0.5,20,20,1,0.7,1
13,100000,100000,1000,1000,0.1,0.5,20,20,1,0.7,1
13,100000,100000,1000,1000,0.1,0.5,20,20,1,0.9,1
8,100000,100000,1000,1000,0.1,0.5,20,20,1,0.5,1
6,100000,100000,1000,1000,0.1,0.5,20,20,1,0.9,1
6,100000,100000,1000,1000,0.1,0.5,20,20,1,0.7,1
6,100000,100000,1000,1000,0.1,0.5,20,20,1,0.7,1
7,100000,100000,1000,1000,0.1,0.5,20,20,1,0.5,1
11,100000,100000,1000,1000,0.1,0.5,20,20,1,0.5,1
48,10000000,10000000,10000,100000,0.1,1,50,50,1,0.4,1
7,100000,100000,1000,1000,0.1,0.5,20,20,1,0.7,1
8,100000,100000,1000,1000,0.1,0.5,20,20,1,0.9,1
16,100000,100000,1000,1000,0.1,0.5,20,20,1,0.9,1
7,100000,100000,1000,1000,0.1,0.5,20,20,1,0.7,1
2,1000000,100000,10000,10000,0.1,0.5,20,20,1,0.1,1
15,100000,100000,1000,1000,0.1,0.5,20,20,1,0.1,1
7,100000,100000,1000,1000,0.1,0.5,20,20,1,0.5,1
90,10000000,10000000,10000,100000,0.1,1,50,50,6,0.6,1
7,100000,100000,1000,1000,0.1,0.5,20,20,1,0.7,1
9,100000,100000,1000,1000,0.1,0.5,20,20,1,0.7,1
7,100000,100000,1000,1000,0.1,0.5,20,20,1,0.5,1
17,100000,100000,1000,1000,0.1,0.5,20,20,1,0.7,1
17,100000,100000,1000,1000,0.1,0.5,20,20,1,0.5,1
8,100000,100000,1000,1000,0.1,0.5,20,20,1,0.3,1
12,100000,100000,1000,1000,0.1,0.5,20,20,1,0.5,1
26,100000,100000,1000,1000,0.1,0.5,20,20,1,0.7,1
4,100000,100000,1000,1000,0.1,0.5,20,20,1,0.5,1
3,100000,100000,1000,1000,0.1,0.5,20,20,1,0.3,1
3,100000,100000,1000,1000,0.1,0.5,20,20,1,0.1,1
22,100000,100000,1000,1000,0.1,0.5,20,20,1,0.9,1
19,100000,100000,1000,1000,0.1,0.5,20,20,1,0.7,1
5,100000,100000,1000,1000,0.1,0.5,20,20,1,0.1,1
15,100000,100000,1000,1000,0.1,0.5,20,20,1,0.5,1
6,100000,100000,1000,1000,0.1,0.5,20,20,1,0.1,1
3,12345,13579,1001,1002,0.1,0.5,20,20,1,0.6,1.1
3,100000,100000,1000,1000,0.1,0.5,20,20,1,0.1,1
2,100000,100000,1000,1000,0.1,0.5,20,20,1,0.1,1
11,100000,100000,1000,1000,0.1,0.5,20,20,1,0.5,1
102,10000000,10000000,10000,500000,0.1,1,50,50,0.1,0.8,1
5,100000,100000,1000,1000,0.1,0.5,20,20,1,0.5,1
3,100000,100000,1000,1000,0.1,0.5,20,20,1,0.5,1
17,100000,100000,1000,1000,0.1,0.5,20,20,1,0.3,1
5,100000,100000,1000,1000,0.1,0.5,20,20,1,0.7,1
196,10000000,10000000,10000,100000,0.1,1,50,50,1.1,0.6,1
99,10000000,10000000,10000,100000,0.1,1,50,50,0.14,0.6,1
8,100000,100000,1000,1000,0.1,0.5,20,20,1,0.9,1
10,100000,100000,1000,1000,0.1,0.5,20,20,1,0.9,1
4,100000,100000,1000,1000,0.1,0.5,20,20,1,0.3,1
11,100000,100000,1000,1000,0.1,0.5,20,20,1,0.3,1
4,100000,100000,1000,1000,0.1,0.5,20,20,1,0.5,1
7,100000,100000,1000,1000,0.1,0.5,20,20,1,0.7,1
10,100000,100000,1000,1000,0.1,0.5,20,20,1,0.1,1
18,100000,100000,1000,1000,0.1,0.5,20,20,1,0.3,1
9,100000,100000,1000,1000,0.1,0.5,20,20,1,0.5,1
2,100000,100000,1000,1000,0.1,0.5,20,20,1,0.1,1
8,100000,100000,1000,1000,0.1,0.5,20,20,1,0.7,1
4,100000,100000,1000,1000,0.1,0.5,20,20,1,0.3,1
25,100000,100000,1000,1000,0.1,0.5,20,20,1,0.7,1
4,100000,100000,1000,1000,0.1,0.5,20,20,1,0.5,1
7,100000,100000,1000,1000,0.1,0.5,20,20,1,0.7,1
6,100000,100000,1000,1000,0.1,0.5,20,20,1,0.3,1
6,100000,100000,1000,1000,0.1,0.5,20,20,1,0.7,1
6,100000,100000,1000,1000,0.1,0.5,20,20,1,0.9,1
19,100000,100000,1000,1000,0.1,0.5,20,20,1,0.7,1
5,100000,100000,1000,1000,0.1,0.5,20,20,1,0.9,1
58,5000000,5000000,10000,1000000,0.1,1,50,50,1,0.6,1
11,100000,100000,1000,1000,0.1,0.5,20,20,1,0.9,1
12,100000,100000,1000,1000,0.1,0.5,20,20,1,0.9,1
20,100000,100000,1000,1000,0.1,0.5,20,20,1,0.7,1
6,100000,100000,1000,1000,0.1,0.5,20,20,1,0.1,1
7,100000,100000,1000,1000,0.1,0.5,20,20,1,0.7,1
4,100000,100000,1000,1000,0.1,0.5,20,20,1,0.3,1
4,100000,100000,1000,1000,0.1,0.5,20,20,1,0.3,1
57,20000000,20000000,10000,100000,0.1,1,50,50,1,0.5,1
13,100000,100000,1000,1000,0.1,0.5,20,20,1,0.3,1
8,100000,100000,1000,1000,0.1,0.5,20,20,1,0.9,1
6,100000,100000,1000,1000,0.1,0.5,20,20,1,0.1,1
7,100000,100000,1000,1000,0.1,0.5,20,20,1,0.5,1
5,100000,100000,1000,1000,0.1,0.5,20,20,1,0.1,1
5,100000,100000,1000,1000,0.1,0.5,20,20,1,0.5,1
6,100000,100000,1000,1000,0.1,0.5,20,20,1,0.7,1
9,100000,100000,1000,1000,0.1,0.5,20,20,1,0.9,1
32,100000,100000,1000,1000,0.1,0.5,20,20,1,0.7,1
13,100000,100000,1000,1000,0.1,0.5,20,20,1,0.9,1
10,100000,100000,1000,1000,0.1,0.5,20,20,1,0.5,1
11,100000,100000,1000,1000,0.1,0.5,20,20,1,0.9,1
121,10000000,10000000,10000,500000,0.1,1,50,50,7,0.8,1
11,100000,100000,1000,1000,0.1,0.5,20,20,1,0.3,1
8,100000,100000,1000,1000,0.1,0.5,20,20,1,0.7,1
12,100000,100000,1000,1000,0.1,0.5,20,20,1,0.1,1
3,100000,100000,1000,1000,0.1,0.5,20,20,1,0.1,1
15,100000,100000,1000,1000,0.1,0.5,20,20,1,0.5,1
5,100000,100000,1000,1000,0.1,0.5,20,20,1,0.9,1
9,100000,100000,1000,1000,0.1,0.5,20,20,1,0.9,1
2,100000,100000,1000,1000,0.1,0.5,20,20,1,0.1,1
10,100000,100000,1000,1000,0.1,0.5,20,20,1,0.1,1
8,100000,100000,1000,1000,0.1,0.5,20,20,1,0.1,1
7,100000,100000,1000,1000,0.1,0.5,20,20,1,0.7,1
10,100000,100000,1000,1000,0.1,0.5,20,20,1,0.9,1
6,100000,100000,1000,1000,0.1,0.5,20,20,1,0.5,1
6,100000,100000,1000,1000,0.1,0.5,20,20,1,0.5,1
5,100000,100000,1000,1000,0.1,0.5,20,20,1,0.7,1
13,100000,100000,1000,1000,0.1,0.5,20,20,1,0.9,1
6,100000,100000,1000,1000,0.1,0.5,20,20,1,0.3,1
15,100000,100000,1000,1000,0.1,0.5,20,20,1,0.1,1
8,100000,100000,1000,1000,0.1,0.5,20,20,1,0.5,1
9,100000,100000,1000,1000,0.1,0.5,20,20,1,0.7,1
12,100000,100000,1000,1000,0.1,0.5,20,20,1,0.5,1
10,100000,100000,1000,1000,0.1,0.5,20,20,1,0.7,1
8,100000,100000,1000,1000,0.1,0.5,20,20,1,0.9,1
5,100000,100000,1000,1000,0.1,0.5,20,20,1,0.3,1
10,100000,100000,1000,1000,0.1,0.5,20,20,1,0.9,1
10,100000,100000,1000,1000,0.1,0.5,20,20,1,0.9,1
6,100000,100000,1000,1000,0.1,0.5,20,20,1,0.1,1
6,100000,100000,1000,1000,0.1,0.5,20,20,1,0.9,1
18,100000,100000,1000,1000,0.1,0.5,20,20,1,0.5,1
14,100000,100000,1000,1000,0.1,0.5,20,20,1,0.3,1
20,100000,100000,1000,1000,0.1,0.5,20,20,1,0.7,1
3,100000,100000,1000,1000,0.1,0.5,20,20,1,0.3,1
4,100000,100000,1000,1000,0.1,0.5,20,20,1,0.5,1
8,100000,100000,1000,1000,0.1,0.5,20,20,1,0.5,1
5,100000,100000,1000,1000,0.1,0.5,20,20,1,0.5,1
6,100000,100000,1000,1000,0.1,0.5,20,20,1,0.1,1
15,100000,100000,1000,1000,0.1,0.5,20,20,1,0.9,1
5,100000,100000,1000,1000,0.1,0.5,20,20,1,0.3,1
8,100000,100000,1000,1000,0.1,0.5,20,20,1,0.1,1
6,100000,100000,1000,1000,0.1,0.5,20,20,1,0.5,1
10,100000,100000,1000,1000,0.1,0.5,20,20,1,0.3,1
4,100000,100000,1000,1000,0.1,0.5,20,20,1,0.3,1
16,100000,100000,1000,1000,0.1,0.5,20,20,1,0.3,1
15,100000,100000,1000,1000,0.1,0.5,20,20,1,0.7,1
7,100000,100000,1000,1000,0.1,0.5,20,20,1,0.7,1
5,100000,100000,1000,1000,0.1,0.5,20,20,1,0.5,1
7,100000,100000,1000,1000,0.1,0.5,20,20,1,0.5,1
7,100000,100000,1000,1000,0.1,0.5,20,20,1,0.5,1
9,100000,100000,1000,1000,0.1,0.5,20,20,1,0.5,1
11,100000,100000,1000,1000,0.1,0.5,20,20,1,0.9,1
3,100000,100000,1000,1000,0.1,0.5,20,20,1,0.3,1
9,100000,100000,1000,1000,0.1,0.5,20,20,1,0.3,1
18,100000,100000,1000,1000,0.1,0.5,20,20,1,0.5,1
4,100000,100000,1000,1000,0.1,0.5,20,20,1,0.3,1
3,100000,100000,1000,1000,0.1,0.5,20,20,1,0.1,1
3,100000,100000,1000,1000,0.1,0.5,20,20,1,0.3,1
17,100000,100000,1000,1000,0.1,0.5,20,20,1,0.7,1
11,100000,100000,1000,1000,0.1,0.5,20,20,1,0.9,1
8,100000,100000,1000,1000,0.1,0.5,20,20,1,0.9,1
6,100000,100000,1000,1000,0.1,0.5,20,20,1,0.9,1
7,100000,100000,1000,1000,0.1,0.5,20,20,1,0.78,1
100,10000000,10000000,10000,500000,0.1,1,50,50,10,0.8,1
5,100000,100000,1000,1000,0.1,0.5,20,20,1,0.5,1
5,100000,100000,1000,1000,0.1,0.5,20,20,1,0.1,1
7,100000,100000,1000,1000,0.1,0.5,20,20,1,0.7,1
5,100000,100000,1000,1000,0.1,0.5,20,20,1,0.1,1
7,100000,100000,1000,1000,0.1,0.5,20,20,1,0.7,1
4,100000,100000,1000,1000,0.1,0.5,20,20,1,0.7,1
5,100000,100000,1000,1000,0.1,0.5,20,20,1,0.3,1
14,100000,100000,1000,1000,0.1,0.5,20,20,1,0.5,1
8,100000,100000,1000,1000,0.1,0.5,20,20,1,0.9,1
37,100000,100000,1000,1000,0.1,0.5,20,20,1,0.9,1
6,100000,100000,1000,1000,0.1,0.5,20,20,1,0.9,1
16,100000,100000,1000,1000,0.1,0.5,20,20,1,0.1,1
16,100000,100000,1000,1000,0.1,0.5,20,20,1,0.5,1
6,100000,100000,1000,1000,0.1,0.5,20,20,1,0.8,1
6,100000,100000,1000,1000,0.1,0.5,20,20,1,0.7,1
8,100000,100000,1000,1000,0.1,0.5,20,20,1,0.5,1
5,100000,100000,1000,1000,0.1,0.5,20,20,1,0.5,1
6,100000,100000,1000,1000,0.1,0.5,20,20,1,0.3,1
3,100000,100000,1000,1000,0.1,0.5,20,20,1,0.1,1
18,100000,100000,1000,1000,0.1,0.5,20,20,1,0.7,1
6,1000000,100000,10000,10000,0.1,0.5,30,30,1,0.1,1
22,100000,100000,1000,1000,0.1,0.5,20,20,1,0.5,1
3,100000,100000,1000,1000,0.1,0.5,20,20,1,0.1,1
7,100000,100000,1000,1000,0.1,0.5,20,20,1,0.9,1
7,100000,100000,1000,1000,0.1,0.5,20,20,1,0.9,1
3,100000,100000,1000,1000,0.1,0.5,20,20,1,0.3,1
7,100000,100000,1000,1000,0.1,0.5,20,20,1,0.1,1
25,100000,100000,1000,1000,0.1,0.5,20,20,1,0.5,1
5,100000,100000,1000,1000,0.1,0.5,20,20,1,0.3,1
7,100000,100000,1000,1000,0.1,0.5,20,20,1,0.1,1
6,100000,100000,1000,1000,0.1,0.5,20,20,1,0.3,1
4,100000,100000,1000,1000,0.1,0.5,20,20,1,0.5,1
10,100000,100000,1000,1000,0.1,0.5,20,20,1,0.9,1
4,100000,100000,1000,1000,0.1,0.5,20,20,1,0.3,1
20,100000,100000,1000,1000,0.1,0.5,20,20,1,0.5,1
4,100000,100000,1000,1000,0.1,0.5,20,20,1,0.5,1
3,100000,100000,1000,1000,0.1,0.5,20,20,1,0.1,1
17,100000,100000,1000,1000,0.1,0.5,20,20,1,0.5,1
7,100000,100000,1000,1000,0.1,0.5,20,20,1,0.5,1
16,100000,100000,1000,1000,0.1,0.5,20,20,1,0.7,1
9,100000,100000,1000,1000,0.1,0.5,20,20,1,0.5,1
3,100000,100000,1000,1000,0.1,0.5,20,20,1,0.1,1
8,100000,100000,1000,1000,0.1,0.5,20,20,1,0.5,1
7,100000,100000,1000,1000,0.1,0.5,20,20,1,0.5,1
3,100000,100000,1000,1000,0.1,0.5,20,20,1,0.1,1
12,100000,100000,1000,1000,0.1,0.5,20,20,1,0.3,1
9,100000,100000,1000,1000,0.1,0.5,20,20,1,0.8,1
2,100000,100000,1000,1000,0.1,0.5,20,20,1,0.1,1
3,100000,100000,1000,1000,0.1,0.5,20,20,2,0.5,1
5,100000,100000,1000,1000,0.1,0.5,20,20,1,0.7,1
6,100000,100000,1000,1000,0.1,0.5,20,20,1,0.7,1
11,100000,100000,1000,1000,0.1,0.5,20,20,1,0.5,1
114,10000000,10000000,10000,100000,0.1,1,50,50,0.115,0.6,1
8,100000,100000,1000,1000,0.1,0.5,20,20,1,0.3,1
174,10000000,10000000,10000,100000,0.1,1,50,50,1,0.85,1
18,100000,100000,1000,1000,0.1,0.5,20,20,1,0.5,1
91,10000000,10000000,10000,100000,0.1,1,50,50,0.12,0.6,1
10,100000,100000,1000,1000,0.1,0.5,20,20,1,0.5,1
6,100000,100000,1000,1000,0.1,0.5,20,20,1,0.3,1
4,100000,100000,1000,1000,0.1,0.5,20,20,1,0.1,1
6,100000,100000,1000,1000,0.1,0.5,20,20,1,0.1,1
10,100000,100000,1000,1000,0.1,0.5,20,20,1,0.5,1
16,100000,100000,1000,1000,0.1,0.5,20,20,1,0.7,1
4,100000,100000,1000,1000,0.1,0.5,20,20,1,0.3,1
6,100000,100000,1000,1000,0.1,0.5,20,20,1,0.1,1
10,100000,100000,1000,1000,0.1,0.5,20,20,1,0.5,1
332,10000000,10000000,10000,500000,0.1,1,50,50,50,0.8,1
13,100000,100000,1000,1000,0.1,0.5,20,20,1,0.3,1
4,100000,100000,1000,1000,0.1,0.5,20,20,1,0.1,1
4,100000,100000,1000,1000,0.1,0.5,20,20,1,0.5,1
6,100000,100000,1000,1000,0.1,0.5,20,20,1,0.3,1
5,100000,100000,1000,1000,0.1,0.5,20,20,1,0.7,1
16,100000,100000,1000,1000,0.1,0.5,20,20,1,0.3,1
6,100000,100000,1000,1000,0.1,0.5,20,20,1,0.5,1
2,100000,100000,1000,1000,0.1,0.5,20,20,1,0.1,1
3,100000,100000,1000,1000,0.1,0.5,20,20,1,0.1,1
87,10000000,10000000,10000,100000,0.1,1,50,50,1,0.7,1
198,10000000,10000000,10000,100000,0.1,1,50,50,1.3,0.6,1
4,100000,100000,1000,1000,0.1,0.5,20,20,1,0.1,1
5,100000,100000,1000,1000,0.1,0.5,20,20,1,0.7,1
6,100000,100000,1000,1000,0.1,0.5,20,20,1,0.3,1
93,10000000,10000000,10000,100000,0.1,1,50,50,0.6,0.6,1
20,100000,100000,1000,1000,0.1,0.5,20,20,1,0.5,1
6,100000,100000,1000,1000,0.1,0.5,20,20,1,0.1,1
5,100000,100000,1000,1000,0.1,0.5,20,20,1,0.1,1
6,100000,100000,1000,1000,0.1,0.5,20,20,1,0.9,1
5,100000,100000,1000,1000,0.1,0.5,20,20,1,0.5,1
5,100000,100000,1000,1000,0.1,0.5,20,20,1,0.1,1
5,100000,100000,1000,1000,0.1,0.5,20,20,1,0.1,1
7,100000,100000,1000,1000,0.1,0.5,20,20,1,0.3,1
7,100000,100000,1000,1000,0.1,0.5,20,20,1,0.7,1
10,100000,100000,1000,1000,0.1,0.5,20,20,1,0.1,1
13,100000,100000,1000,1000,0.1,0.5,20,20,1,0.3,1
12,100000,100000,1000,1000,0.1,0.5,20,20,1,0.3,1
17,100000,100000,1000,1000,0.1,0.5,20,20,1,0.7,1
10,100000,100000,1000,1000,0.1,0.5,20,20,1,0.1,1
6,100000,100000,1000,1000,0.1,0.5,20,20,1,0.9,1
10,100000,100000,1000,1000,0.1,0.5,20,20,1,0.9,1
7,100000,100000,1000,1000,0.1,0.5,20,20,1,0.1,1
23,100000,100000,1000,1000,0.1,0.5,20,20,1,0.9,1
5,100000,100000,1000,1000,0.1,0.5,20,20,1,0.7,1
6,100000,100000,1000,1000,0.1,0.5,20,20,1,0.3,1
8,100000,100000,1000,1000,0.1,0.5,20,20,1,0.7,1
9,100000,100000,1000,1000,0.1,0.5,20,20,1,0.7,1
5,100000,100000,1000,1000,0.1,0.5,20,20,1,0.5,1
20,100000,100000,1000,1000,0.1,0.5,20,20,1,0.9,1
9,100000,100000,1000,1000,0.1,0.5,20,20,1,0.3,1
12,100000,100000,1000,1000,0.1,0.5,20,20,1,0.1,1
6,100000,100000,1000,1000,0.1,0.5,20,20,1,0.1,1
8,100000,100000,1000,1000,0.1,0.5,20,20,1,0.1,1
5,100000,100000,1000,1000,0.1,0.5,20,20,1,0.1,1
6,100000,100000,1000,1000,0.1,0.5,20,20,1,0.3,1
16,100000,100000,1000,1000,0.1,0.5,20,20,1,0.9,1
10,100000,100000,1000,1000,0.1,0.5,20,20,1,0.7,1
12,100000,100000,1000,1000,0.1,0.5,20,20,1,0.5,1
14,100000,100000,1000,1000,0.1,0.5,20,20,1,0.1,1
4,100000,100000,1000,1000,0.1,0.5,20,20,1,0.1,1
7,100000,100000,1000,1000,0.1,0.5,20,20,1,0.9,1
10,100000,100000,1000,1000,0.1,0.5,20,20,1,0.9,1
5,100000,100000,1000,1000,0.1,0.5,20,20,1,0.1,1
19,100000,100000,1000,1000,0.1,0.5,20,20,1,0.5,1
4,100000,100000,1000,1000,0.1,0.5,20,20,1,0.5,1
7,100000,100000,1000,1000,0.1,0.5,20,20,1,0.5,1
7,100000,100000,1000,1000,0.1,0.5,20,20,1,0.1,1
16,100000,100000,1000,1000,0.1,0.5,20,20,1,0.7,1
9,100000,100000,1000,1000,0.1,0.5,20,20,1,0.9,1
9,100000,100000,1000,1000,0.1,0.5,20,20,1,0.7,1
3,100000,100000,1000,1000,0.1,0.5,20,20,1,0.1,1
6,100000,100000,1000,1000,0.1,0.5,20,20,1,0.3,1
147,10000000,10000000,10000,100000,0.1,1,50,50,1,0.88,1
5,100000,100000,1000,1000,0.1,0.5,20,20,1,0.3,1
7,100000,100000,1000,1000,0.1,0.5,20,20,1,0.7,1
5,100000,100000,1000,1000,0.1,0.5,20,20,1,0.5,1
6,100000,100000,1000,1000,0.1,0.5,20,20,1,0.3,1
23,100000,100000,1000,1000,0.1,0.5,20,20,1,0.9,1
9,100000,100000,1000,1000,0.1,0.5,20,20,1,0.1,1
3,100000,100000,1000,1000,0.1,0.5,20,20,1,0.1,1
7,100000,100000,1000,1000,0.1,0.5,20,20,1,0.1,1
23,100000,100000,1000,1000,0.1,0.5,20,20,1,0.7,1
5,100000,100000,1000,1000,0.1,0.5,20,20,1,0.5,1
17,100000,100000,1000,1000,0.1,0.5,20,20,1,0.7,1
9,100000,100000,1000,1000,0.1,0.5,20,20,1,0.5,1
5,100000,100000,1000,1000,0.1,0.5,20,20,1,0.5,1
3,100000,100000,1000,1000,0.1,0.5,20,20,1,0.1,1
11,100000,100000,1000,1000,0.1,0.5,20,20,1,0.5,1
4,100000,100000,1000,1000,0.1,0.5,20,20,1,0.1,1
7,10000000,10000000,10000,100000,0.1,1,50,50,1,0.89,1
15,100000,100000,1000,1000,0.1,0.5,20,20,1,0.1,1
3,100000,100000,1000,1000,0.1,0.5,20,20,1,0.1,1
15,100000,100000,1000,1000,0.1,0.5,20,20,1,0.5,1
8,100000,100000,1000,1000,0.1,0.5,20,20,1,0.5,1
18,100000,100000,1000,1000,0.1,0.5,20,20,1,0.7,1
17,100000,100000,1000,1000,0.1,0.5,20,20,1,0.3,1
7,100000,100000,1000,1000,0.1,0.5,20,20,1,0.3,1
16,5000000,5000000,10000,1000000,0.1,1,50,50,1,0.2,1
6,100000,100000,1000,1000,0.1,0.5,20,20,1,0.7,1
22,100000,100000,1000,1000,0.1,0.5,20,20,1,0.3,1
5,100000,100000,1000,1000,0.1,0.5,20,20,1,0.5,1
8,100000,100000,1000,1000,0.1,0.5,20,20,1,0.7,1
6,100000,100000,1000,1000,0.1,0.5,20,20,1,0.9,1
7,100000,100000,1000,1000,0.1,0.5,20,20,1,0.7,1
3,100000,100000,1000,1000,0.1,0.5,20,20,1,0.1,1
5,100000,100000,1000,1000,0.1,0.5,20,20,1,0.1,1
4,100000,100000,1000,1000,0.1,0.5,20,20,1,0.3,1
6,100000,100000,1000,1000,0.1,0.5,20,20,1,0.3,1
3,100000,100000,1000,1000,0.1,0.5,20,20,1,0.3,1
8,100000,100000,1000,1000,0.1,0.5,20,20,1,0.5,1
4,100000,100000,1000,1000,0.1,0.5,20,20,1,0.3,1
6,100000,100000,1000,1000,0.1,0.5,20,20,1,0.1,1
10,100000,100000,1000,1000,0.1,0.5,20,20,1,0.1,1
5,100000,100000,1000,1000,0.1,0.5,20,20,1,0.7,1
10,100000,100000,1000,1000,0.1,0.5,20,20,1,0.5,1
2,100000,100000,1000,1000,0.1,0.5,20,20,1,0.1,1
7,100000,100000,1000,1000,0.1,0.5,20,20,1,0.7,1
8,100000,100000,1000,1000,0.1,0.5,20,20,1,0.1,1
5,100000,100000,1000,1000,0.1,0.5,20,20,1,0.7,1
14,100000,100000,1000,1000,0.1,0.5,20,20,1,0.1,1
5,100000,100000,1000,1000,0.1,0.5,20,20,1,0.1,1
7,100000,100000,1000,1000,0.1,0.5,20,20,1,0.7,1
6,100000,100000,1000,1000,0.1,0.5,20,20,1,0.9,1
7,100000,100000,1000,1000,0.1,0.5,20,20,1,0.9,1
6,100000,100000,1000,1000,0.1,0.5,20,20,1,0.7,1
5,100000,100000,1000,1000,0.1,0.5,20,20,1,0.3,1
7,100000,100000,1000,1000,0.1,0.5,20,20,1,0.7,1
8,100000,100000,1000,1000,0.1,0.5,20,20,1,0.7,1
2,100000,100000,1000,1000,0.1,0.5,20,20,1,0.1,1
5,100000,100000,1000,1000,0.1,0.5,20,20,1,0.7,1
2,100000,100000,1000,1000,0.1,0.5,20,20,1,0.1,1
8,100000,100000,1000,1000,0.1,0.5,20,20,1,0.1,1
6,100000,100000,1000,1000,0.1,0.5,20,20,1,0.9,1
3,100000,100000,1000,1000,0.1,0.5,20,20,1,0.3,1
5,100000,100000,1000,1000,0.1,0.5,20,20,1,0.5,1
7,100000,100000,1000,1000,0.1,0.5,20,20,1,0.9,1
6,100000,100000,1000,1000,0.1,0.5,20,20,1,0.7,1
9,100000,100000,1000,1000,0.1,0.5,20,20,1,0.7,1
6,100000,100000,1000,1000,0.1,0.5,20,20,1,0.3,1
31,100000,100000,1000,1000,0.1,0.5,20,20,1,0.9,1
8,100000,100000,1000,1000,0.1,0.5,20,20,1,0.5,1
9,100000,100000,1000,1000,0.1,0.5,20,20,1,0.7,1
176,10000000,10000000,10000,100000,0.1,1,50,50,1,0.91,1
3,100000,100000,1000,1000,0.1,0.5,20,20,1,0.1,1
20,100000,100000,1000,1000,0.1,0.5,20,20,1,0.7,1
9,100000,100000,1000,1000,0.1,0.5,20,20,1,0.5,1
4,100000,100000,1000,1000,0.1,0.5,20,20,1,0.3,1
5,100000,100000,1000,1000,0.1,0.5,20,20,1,0.7,1
8,100000,100000,1000,1000,0.1,0.5,20,20,1,0.5,1
7,100000,100000,1000,1000,0.1,0.5,20,20,1,0.1,1
14,100000,100000,1000,1000,0.1,0.5,20,20,1,0.3,1
5,100000,100000,1000,1000,0.1,0.5,20,20,1,0.1,1
29,100000,100000,1000,1000,0.1,0.5,20,20,1,0.9,1
7,100000,100000,1000,1000,0.1,0.5,20,20,1,0.5,1
129,10000000,10000000,10000,100000,0.1,1,50,50,1,0.9,1
17,100000,100000,1000,1000,0.1,0.5,20,20,1,0.1,1
3,100000,100000,1000,1000,0.1,0.5,20,20,1,0.3,1
3,100000,100000,1000,1000,0.1,0.5,20,20,1,0.1,1
10,100000,100000,1000,1000,0.1,0.5,20,20,1,0.9,1
5,100000,100000,1000,1000,0.1,0.5,20,20,1,0.1,1
9,100000,100000,1000,1000,0.1,0.5,20,20,1,0.3,1
21,100000,100000,1000,1000,0.1,0.5,20,20,1,0.7,1
157,10000000,10000000,10000,100000,0.1,1,50,50,1,0.86,1
10,100000,100000,1000,1000,0.1,0.5,20,20,1,0.9,1
4,100000,100000,1000,1000,0.1,0.5,20,20,1,0.5,1
9,100000,100000,1000,1000,0.1,0.5,20,20,1,0.1,1
6,100000,100000,1000,1000,0.1,0.5,20,20,1,0.1,1
7,100000,100000,1000,1000,0.1,0.5,20,20,1,0.1,1
26,5000000,5000000,10000,1000000,0.1,1,50,50,1,0.4,1
33,100000,100000,1000,1000,0.1,0.5,20,20,1,0.9,1
5,100000,100000,1000,1000,0.1,0.5,20,20,1,0.7,1
8,100000,100000,1000,1000,0.1,0.5,20,20,1,0.7,1
5,100000,100000,1000,1000,0.1,0.5,20,20,1,0.1,1
5,100000,100000,1000,1000,0.1,0.5,20,20,1,0.7,1
5,100000,100000,1000,1000,0.1,0.5,20,20,1,0.5,1
16,100000,100000,1000,1000,0.1,0.5,20,20,1,0.9,1
5,100000,100000,1000,1000,0.1,0.5,20,20,1,0.7,1
3,100000,100000,1000,1000,0.1,0.5,20,20,1,0.2,1
4,100000,100000,1000,1000,0.1,0.5,20,20,1,0.3,1
4,100000,100000,1000,1000,0.1,0.5,20,20,1,0.7,1
2,100000,100000,1000,1000,0.1,0.5,20,20,1,0.1,1
3,100000,100000,1000,1000,0.1,0.5,20,20,1,0.1,1
17,100000,100000,1000,1000,0.1,0.5,20,20,1,0.5,1
9,100000,100000,1000,1000,0.1,0.5,20,20,1,0.7,1
6,100000,100000,1000,1000,0.1,0.5,20,20,1,0.3,1
28,100000,100000,1000,1000,0.1,0.5,20,20,1,0.7,1
10,100000,100000,1000,1000,0.1,0.5,20,20,1,0.5,1
12,100000,100000,1000,1000,0.1,0.5,20,20,1,0.7,1
4,100000,100000,1000,1000,0.1,0.5,20,20,1,0.5,1
6,100000,100000,1000,1000,0.1,0.5,20,20,1,0.9,1
3,100000,100000,1000,1000,0.1,0.5,20,20,1,0.1,1
7,100000,100000,1000,1000,0.1,0.5,20,20,1,0.5,1
26,100000,100000,1000,1000,0.1,0.5,20,20,1,0.9,1
4,100000,100000,1000,1000,0.1,0.5,20,20,1,0.5,1
78,5000000,5000000,10000,1000000,0.1,1,50,50,1,0.9,1
2,100000,100000,1000,1000,0.1,0.5,20,20,1,0.1,1
3,100000,100000,1000,1000,0.1,0.5,20,20,1,0.1,1
202,10000000,10000000,10000,100000,0.1,1,50,50,1.2,0.6,1
8,100000,100000,1000,1000,0.1,0.5,20,20,1,0.5,1
10,100000,100000,1000,1000,0.1,0.5,20,20,1,0.5,1
284,10000000,10000000,10000,100000,0.1,1,50,50,0.4,0.6,1
4,100000,100000,1000,1000,0.1,0.5,20,20,1,0.5,1
9,100000,100000,1000,1000,0.1,0.5,20,20,1,0.9,1
5,100000,100000,1000,1000,0.1,0.5,20,20,1,0.7,1
5,100000,100000,1000,1000,0.1,0.5,20,20,1,0.7,1
6,100000,100000,1000,1000,0.1,0.5,20,20,1,0.9,1
8,100000,100000,1000,1000,0.1,0.5,20,20,1,0.5,1
8,100000,100000,1000,1000,0.1,0.5,20,20,1,0.7,1
5,100000,100000,1000,1000,0.1,0.5,20,20,1,0.5,1
8,100000,100000,1000,1000,0.1,0.5,20,20,1,0.7,1
6,100000,100000,1000,1000,0.1,0.5,20,20,1,0.3,1
8,100000,100000,1000,1000,0.1,0.5,20,20,1,0.5,1
5,100000,100000,1000,1000,0.1,0.5,20,20,1,0.1,1
5,100000,100000,1000,1000,0.1,0.5,20,20,1,0.3,1
24,100000,100000,1000,1000,0.1,0.5,20,20,1,0.7,1
1512,100000,100000,1000,1000,0.1,0.5,20,20,1,0.5,1
15,100000,100000,1000,1000,0.1,0.5,20,20,1,0.5,1
3,100000,100000,1000,1000,0.1,0.5,20,20,1,0.3,1
6,100000,100000,1000,1000,0.1,0.5,20,20,1,0.3,1
11,100000,100000,1000,1000,0.1,0.5,20,20,1,0.1,1
6,100000,100000,1000,1000,0.1,0.5,20,20,1,0.9,1
102,10000000,10000000,10000,500000,0.1,1,50,50,1,0.8,1
7,100000,100000,1000,1000,0.1,0.5,20,20,1,0.7,1
9,100000,100000,1000,1000,0.1,0.5,20,20,1,0.3,1
3,100000,100000,1000,1000,0.1,0.5,20,20,1,0.1,1
5,100000,100000,1000,1000,0.1,0.5,20,20,1,0.5,1
10,100000,100000,1000,1000,0.1,0.5,20,20,1,0.9,1
4,100000,100000,1000,1000,0.1,0.5,20,20,1,0.3,1
10,100000,100000,1000,1000,0.1,0.5,20,20,1,0.9,1
4,100000,100000,1000,1000,0.1,0.5,20,20,1,0.3,1
9,100000,100000,1000,1000,0.1,0.5,20,20,1,0.9,1
7,100000,100000,1000,1000,0.1,0.5,20,20,1,0.5,1
13,100000,100000,1000,1000,0.1,0.5,20,20,1,0.9,1
6,100000,100000,1000,1000,0.1,0.5,20,20,1,0.5,1
6,100000,100000,1000,1000,0.1,0.5,20,20,1,0.3,1
3,100000,100000,1000,1000,0.1,0.5,20,20,1,0.1,1
9,100000,100000,1000,1000,0.1,0.5,20,20,1,0.9,1
9,100000,100000,1000,1000,0.1,0.5,20,20,1,0.9,1
6,100000,100000,1000,1000,0.1,0.5,20,20,1,0.5,1
8,100000,100000,1000,1000,0.1,0.5,20,20,1,0.9,1
2,100000,100000,1000,1000,0.1,0.5,20,20,1,0.1,1
5,100000,100000,1000,1000,0.1,0.5,20,20,1,0.1,1
6,100000,100000,1000,1000,0.1,0.5,20,20,1,0.9,1
4,100000,100000,1000,1000,0.1,0.5,20,20,1,0.5,1
10,100000,100000,1000,1000,0.1,0.5,20,20,1,0.5,1
6,100000,100000,1000,1000,0.1,0.5,20,20,1,0.7,1
14,100000,100000,1000,1000,0.1,0.5,20,20,1,0.1,1
4,100000,100000,1000,1000,0.1,0.5,20,20,1,0.3,1
6,100000,100000,1000,1000,0.1,0.5,20,20,1,0.5,1
164,10000000,10000000,10000,100000,0.1,1,50,50,1,0.92,1
7,100000,100000,1000,1000,0.1,0.5,20,20,1,0.3,1
5,100000,100000,1000,1000,0.1,0.5,20,20,1,0.1,1
5,100000,100000,1000,1000,0.1,0.5,20,20,1,0.3,1
5,100000,100000,1000,1000,0.1,0.5,20,20,1,0.1,1
9,100000,100000,1000,1000,0.1,0.5,20,20,1,0.9,1
3,100000,100000,1000,1000,0.1,0.5,20,20,1,0.1,1
8,100000,100000,1000,1000,0.1,0.5,20,20,1,0.7,1
6,100000,100000,1000,1000,0.1,0.5,20,20,1,0.3,1
8,100000,100000,1000,1000,0.1,0.5,20,20,1,0.7,1
8,100000,100000,1000,1000,0.1,0.5,20,20,1,0.9,1
6,100000,100000,1000,1000,0.1,0.5,20,20,1,0.9,1
8,100000,100000,1000,1000,0.1,0.5,20,20,1,0.9,1
6,100000,100000,1000,1000,0.1,0.5,20,20,1,0.5,1
5,100000,100000,1000,1000,0.1,0.5,20,20,1,0.7,1
17,100000,100000,1000,1000,0.1,0.5,20,20,1,0.7,1
15,100000,100000,1000,1000,0.1,0.5,20,20,1,0.7,1
3,100000,100000,1000,1000,0.1,0.5,20,20,1,0.3,1
16,100000,100000,1000,1000,0.1,0.5,20,20,1,0.5,1
4,100000,100000,1000,1000,0.1,0.5,20,20,1,0.1,1
9,100000,100000,1000,1000,0.1,0.5,20,20,1,0.7,1
9,100000,100000,1000,1000,0.1,0.5,20,20,1,0.7,1
10,100000,100000,1000,1000,0.1,0.5,20,20,1,0.5,1
22,100000,100000,1000,1000,0.1,0.5,20,20,1,0.9,1
14,100000,100000,1000,1000,0.1,0.5,20,20,1,0.1,1
5,100000,100000,1000,1000,0.1,0.5,20,20,1,0.1,1
5,100000,100000,1000,1000,0.1,0.5,20,20,1,0.5,1
6,100000,100000,1000,1000,0.1,0.5,20,20,1,0.5,1
5,100000,100000,1000,1000,0.1,0.5,20,20,1,0.1,1
4,100000,100000,1000,1000,0.1,0.5,20,20,1,0.3,1
10,100000,100000,1000,1000,0.1,0.5,20,20,1,0.3,1
6,100000,100000,1000,1000,0.1,0.5,20,20,1,0.5,1
9,100000,100000,1000,1000,0.1,0.5,20,20,1,0.5,1
10,100000,100000,1000,1000,0.1,0.5,20,20,1,0.5,1
8,100000,100000,1000,1000,0.1,0.5,20,20,1,0.9,1
3,100000,100000,1000,1000,0.1,0.5,20,20,1,0.1,1
5,100000,100000,1000,1000,0.1,0.5,20,20,1,0.7,1
5,100000,100000,1000,1000,0.1,0.5,20,20,1,0.7,1
10,100000,100000,1000,1000,0.1,0.5,20,20,1,0.3,1
5,100000,100000,1000,1000,0.1,0.5,20,20,1,0.5,1
11,100000,100000,1000,1000,0.1,0.5,20,20,1,0.3,1
10,100000,100000,1000,1000,0.1,0.5,20,20,1,0.1,1
46,20000000,20000000,100000,2000000,0.1,1,50,50,0,0.5,1
23,5000000,5000000,10000,1000000,0.1,1,50,50,1,0.3,1
11,100000,100000,1000,1000,0.1,0.5,20,20,1,0.1,1
25,100000,100000,1000,1000,0.1,0.5,20,20,1,0.9,1
17,100000,100000,1000,1000,0.1,0.5,20,20,1,0.5,1
107,10000000,10000000,10000,100000,0.1,1,50,50,1,0.8,1
6,100000,100000,1000,1000,0.1,0.5,20,20,1,0.1,1
4,100000,100000,1000,1000,0.1,0.5,20,20,1,0.9,1
3,100000,100000,1000,1000,0.1,0.5,20,20,1,0.1,1
92,10000000,10000000,10000,100000,0.1,1,50,50,0.3,0.6,1
3,100000,100000,1000,1000,0.1,0.5,20,20,1,0.1,1
10,100000,100000,1000,1000,0.1,0.5,20,20,1,0.3,1
13,100000,100000,1000,1000,0.1,0.5,20,20,1,0.1,1
6,100000,100000,1000,1000,0.1,0.5,20,20,1,0.9,1
8,100000,100000,1000,1000,0.1,0.5,20,20,1,0.5,1
12,100000,100000,1000,1000,0.1,0.5,20,20,1,0.5,1
3,100000,100000,1000,1000,0.1,0.5,20,20,1,0.1,1
6,100000,100000,1000,1000,0.1,0.5,20,20,1,0.3,1
86,10000000,10000000,10000,100000,0.1,1,50,50,4.5,0.6,1
6,100000,100000,1000,1000,0.1,0.5,20,20,1,0.7,1
99,10000000,10000000,10000,100000,0.1,1,50,50,2,0.6,1
4,100000,100000,1000,1000,0.1,0.5,20,20,1,0.5,1
4,100000,100000,1000,1000,0.1,0.5,20,20,1,0.5,1
3,100000,100000,1000,1000,0.1,0.5,20,20,1,0.1,1
9,100000,100000,1000,1000,0.1,0.5,20,20,1,0.5,1
4,100000,100000,1000,1000,0.1,0.5,20,20,1,0.5,1
15,100000,100000,1000,1000,0.1,0.5,20,20,1,0.5,1
7,100000,100000,1000,1000,0.1,0.5,20,20,1,0.9,1
8,100000,100000,1000,1000,0.1,0.5,20,20,1,0.5,1
15,100000,100000,1000,1000,0.1,0.5,20,20,1,0.7,1
6,100000,100000,1000,1000,0.1,0.5,20,20,1,0.7,1
8,100000,100000,1000,1000,0.1,0.5,20,20,1,0.1,1
7,100000,100000,1000,1000,0.1,0.5,20,20,1,0.5,1
7,100000,100000,1000,1000,0.1,0.5,20,20,1,0.1,1
9,100000,100000,1000,1000,0.1,0.5,20,20,1,0.8,1
23,100000,100000,1000,1000,0.1,0.5,20,20,1,0.9,1
7,100000,100000,1000,1000,0.1,0.5,20,20,1,0.7,1
6,100000,100000,1000,1000,0.1,0.5,20,20,1,0.1,1
6,100000,100000,1000,1000,0.1,0.5,20,20,1,0.3,1
24,100000,100000,1000,1000,0.1,0.5,20,20,1,0.7,1
6,100000,100000,1000,1000,0.1,0.5,20,20,1,0.3,1
67,100000,100000,1000,1000,0.1,0.5,20,20,1,0.5,1
3,100000,100000,1000,1000,0.1,0.5,20,20,1,0.1,1
7,100000,100000,1000,1000,0.1,0.5,20,20,1,0.5,1
4,100000,100000,1000,1000,0.1,0.5,20,20,1,0.5,1
8,100000,100000,1000,1000,0.1,0.5,20,20,1,0.9,1
4,100000,100000,1000,1000,0.1,0.5,20,20,1,0.5,1
5,100000,100000,1000,1000,0.1,0.5,20,20,1,0.3,1
6,100000,100000,1000,1000,0.1,0.5,20,20,1,0.1,1
3,100000,100000,1000,1000,0.1,0.5,20,20,1,0.1,1
23,100000,100000,1000,1000,0.1,0.5,20,20,1,0.3,1
10,100000,100000,1000,1000,0.1,0.5,20,20,1,0.5,1
136,10000000,10000000,10000,100000,0.1,1,50,50,1,0.884,1
10,100000,100000,1000,1000,0.1,0.5,20,20,1,0.1,1
3,100000,100000,1000,1000,0.1,0.5,20,20,1,0.7,1
10,100000,100000,1000,1000,0.1,0.5,20,20,1,0.7,1
7,100000,100000,1000,1000,0.1,0.5,20,20,1,0.3,1
3,100000,100000,1000,1000,0.1,0.5,20,20,1,0.1,1
5,100000,100000,1000,1000,0.1,0.5,20,20,1,0.7,1
5,100000,100000,1000,1000,0.1,0.5,20,20,1,0.3,1
236,10000000,10000000,10000,100000,0.1,1,50,50,0.8,0.6,1
14,100000,100000,1000,1000,0.1,0.5,20,20,1,0.3,1
6,100000,100000,1000,1000,0.1,0.5,20,20,1,0.7,1
7,100000,100000,1000,1000,0.1,0.5,20,20,1,0.5,1
8,100000,100000,1000,1000,0.1,0.5,20,20,1,0.3,1
8,100000,100000,1000,1000,0.1,0.5,20,20,1,0.9,1
8,100000,100000,1000,1000,0.1,0.5,20,20,1,0.5,1
6,100000,100000,1000,1000,0.1,0.5,20,20,1,0.5,1
7,100000,100000,1000,1000,0.1,0.5,20,20,1,0.5,1
5,100000,100000,1000,1000,0.1,0.5,20,20,1,0.5,1
7,100000,100000,1000,1000,0.1,0.5,20,20,1,0.9,1
3,100000,100000,1000,1000,0.1,0.5,20,20,1,0.3,1
6,100000,100000,1000,1000,0.1,0.5,20,20,1,0.5,1
7,100000,100000,1000,1000,0.1,0.5,20,20,1,0.5,1
7,100000,100000,1000,1000,0.1,0.5,20,20,1,0.1,1
4,100000,100000,1000,1000,0.1,0.5,20,20,1,0.7,1
13,100000,100000,1000,1000,0.1,0.5,20,20,1,0.9,1
6,100000,100000,1000,1000,0.1,0.5,20,20,1,0.3,1
6,100000,100000,1000,1000,0.1,0.5,20,20,1,0.3,1
19,100000,100000,1000,1000,0.1,0.5,20,20,1,0.3,1
8,100000,100000,1000,1000,0.1,0.5,20,20,1,0.5,1
5,100000,100000,1000,1000,0.1,0.5,20,20,1,0.7,1
19,100000,100000,1000,1000,0.1,0.5,20,20,1,0.1,1
6,100000,100000,1000,1000,0.1,0.5,20,20,1,0.9,1
8,100000,100000,1000,1000,0.1,0.5,20,20,1,0.1,1
6,100000,100000,1000,1000,0.1,0.5,20,20,1,0.1,1
5,100000,100000,1000,1000,0.1,0.5,20,20,1,0.3,1
4,100000,100000,1000,1000,0.1,0.5,20,20,1,0.5,1
8,100000,100000,1000,1000,0.1,0.5,20,20,1,0.7,1
9,100000,100000,1000,1000,0.1,0.5,20,20,1,0.7,1
28,100000,100000,1000,1000,0.1,0.5,20,20,1,0.9,1
6,100000,100000,1000,1000,0.1,0.5,20,20,1,0.7,1
8,100000,100000,1000,1000,0.1,0.5,20,20,1,0.7,1
5,100000,100000,1000,1000,0.1,0.5,20,20,1,0.1,1
4,100000,100000,1000,1000,0.1,0.5,20,20,1,0.1,1
8,100000,100000,1000,1000,0.1,0.5,20,20,1,0.9,1
3,100000,100000,1000,1000,0.1,0.5,20,20,1,0.1,1
6,100000,100000,1000,1000,0.1,0.5,20,20,1,0.9,1
16,100000,100000,1000,1000,0.1,0.5,20,20,1,0.9,1
7,100000,100000,1000,1000,0.1,0.5,20,20,1,0.9,1
5,100000,100000,1000,1000,0.1,0.5,20,20,1,0.5,1
7,100000,100000,1000,1000,0.1,0.5,20,20,1,0.7,1
8,100000,100000,1000,1000,0.1,0.5,20,20,1,0.9,1
246,10000000,10000000,10000,100000,0.1,1,50,50,0.2,0.6,1
6,100000,100000,1000,1000,0.1,0.5,20,20,1,0.1,1
11,100000,100000,1000,1000,0.1,0.5,20,20,1,0.7,1
23,100000,100000,1000,1000,0.1,0.5,20,20,1,0.3,1
8,100000,100000,1000,1000,0.1,0.5,20,20,1,0.5,1
16,100000,100000,1000,1000,0.1,0.5,20,20,1,0.7,1
12,100000,100000,1000,1000,0.1,0.5,20,20,1,0.5,1
3,100000,100000,1000,1000,0.1,0.5,20,20,1,0.1,1
4,100000,100000,1000,1000,0.1,0.5,20,20,1,0.3,1
11,100000,100000,1000,1000,0.1,0.5,20,20,1,0.1,1
6,100000,100000,1000,1000,0.1,0.5,20,20,1,0.5,1
4,100000,100000,1000,1000,0.1,0.5,20,20,1,0.5,1
6,100000,100000,1000,1000,0.1,0.5,20,20,1,0.7,1
6,100000,100000,1000,1000,0.1,0.5,20,20,1,0.9,1
13,100000,100000,1000,1000,0.1,0.5,20,20,1,0.1,1
6,100000,100000,1000,1000,0.1,0.5,20,20,1,0.5,1
5,100000,100000,1000,1000,0.1,0.5,20,20,1,0.5,1
5,100000,100000,1000,1000,0.1,0.5,20,20,1,0.1,1
24,100000,100000,1000,1000,0.1,0.5,20,20,1,0.9,1
7,100000,100000,1000,1000,0.1,0.5,20,20,1,0.7,1
22,100000,100000,1000,1000,0.1,0.5,20,20,1,0.5,1
11,100000,100000,1000,1000,0.1,0.5,20,20,1,0.9,1
4,100000,100000,1000,1000,0.1,0.5,20,20,1,0.5,1
7,100000,100000,1000,1000,0.1,0.5,20,20,1,0.5,1
22,100000,100000,1000,1000,0.1,0.5,20,20,1,0.9,1
6,100000,100000,1000,1000,0.1,0.5,20,20,1,0.3,1
21,100000,100000,1000,1000,0.1,0.5,20,20,1,0.5,1
2,100000,100000,1000,1000,0.1,0.5,20,20,1,0.1,1
14,100000,100000,1000,1000,0.1,0.5,20,20,1,0.9,1
7,100000,100000,1000,1000,0.1,0.5,20,20,1,0.5,1
7,100000,100000,1000,1000,0.1,0.5,20,20,1,0.9,1
6,100000,100000,1000,1000,0.1,0.5,20,20,1,0.9,1
76,10000000,10000000,10000,100000,0.1,1,50,50,1,0.6,1
6,100000,100000,1000,1000,0.1,0.5,20,20,1,0.5,1
9,100000,100000,1000,1000,0.1,0.5,20,20,1,0.5,1
5,100000,100000,1000,1000,0.1,0.5,20,20,1,0.5,1
5,100000,100000,1000,1000,0.1,0.5,20,20,1,0.7,1
9,100000,100000,1000,1000,0.1,0.5,20,20,1,0.9,1
6,100000,100000,1000,1000,0.1,0.5,20,20,1,0.1,1
4,100000,100000,1000,1000,0.1,0.5,20,20,1,0.1,1
15,100000,100000,1000,1000,0.1,0.5,20,20,1,0.1,1
8,100000,100000,1000,1000,0.1,0.5,20,20,1,0.7,1
5,100000,100000,1000,1000,0.1,0.5,20,20,1,0.1,1
6,100000,100000,1000,1000,0.1,0.5,20,20,1,0.1,1
7,100000,100000,1000,1000,0.1,0.5,20,20,1,0.5,1
16,100000,100000,1000,1000,0.1,0.5,20,20,1,0.1,1
5,100000,100000,1000,1000,0.1,0.5,20,20,1,0.1,1
9,100000,100000,1000,1000,0.1,0.5,20,20,1,0.9,1
5,100000,100000,1000,1000,0.1,0.5,20,20,1,0.1,1
4,100000,100000,1000,1000,0.1,0.5,20,20,1,0.3,1
4,100000,100000,1000,1000,0.1,0.5,20,20,1,0.5,1
10,100000,100000,1000,1000,0.1,0.5,20,20,1,0.3,1
18,100000,100000,1000,1000,0.1,0.5,50,50,1,0.8,1
3,100000,100000,1000,1000,0.1,0.5,20,20,1,0.3,1
8,100000,100000,1000,1000,0.1,0.5,20,20,1,0.9,1
92,10000000,10000000,10000,100000,0.1,1,50,50,20,0.6,1
8,100000,100000,1000,1000,0.1,0.5,20,20,1,0.7,1
20,10000000,10000000,10000,100000,0.1,1,50,50,1,0.1,1
16,100000,100000,1000,1000,0.1,0.5,20,20,1,0.3,1
7,100000,100000,1000,1000,0.1,0.5,20,20,1,0.9,1
7,100000,100000,1000,1000,0.1,0.5,20,20,1,0.1,1
3,100000,100000,1000,1000,0.1,0.5,20,20,1,0.1,1
7,100000,100000,1000,1000,0.1,0.5,20,20,1,0.5,1
9,100000,100000,1000,1000,0.1,0.5,20,20,1,0.7,1
16,100000,100000,1000,1000,0.1,0.5,20,20,1,0.7,1
26,100000,100000,1000,1000,0.1,0.5,20,20,1,0.7,1
29,100000,100000,1000,1000,0.1,0.5,20,20,1,0.9,1
24,5000000,5000000,10000,1000000,0.1,1,50,50,1,0.8,1
6,100000,100000,1000,1000,0.1,0.5,20,20,1,0.1,1
11,100000,100000,1000,1000,0.1,0.5,20,20,1,0.1,1
11,10000000,10000000,10000,100000,0.1,1,50,50,0.6,0.6,1
20,100000,100000,1000,1000,0.1,0.5,20,20,1,0.5,1
7,100000,100000,1000,1000,0.1,0.5,20,20,1,0.9,1
13,100000,100000,1000,1000,0.1,0.5,20,20,1,0.5,1
4,100000,100000,1000,1000,0.1,0.5,20,20,1,0.3,1
3,100000,100000,1000,1000,0.1,0.5,20,20,1,0.1,1
3,100000,100000,1000,1000,0.1,0.5,20,20,1,0.3,1
3,100000,100000,1000,1000,0.1,0.5,20,20,1,0.1,1
5,100000,100000,1000,1000,0.1,0.5,20,20,1,0.3,1
88,10000000,10000000,10000,100000,0.1,1,50,50,14,0.6,1
7,100000,100000,1000,1000,0.1,0.5,20,20,1,0.9,1
11,100000,100000,1000,1000,0.1,0.5,20,20,1,0.1,1
4,100000,100000,1000,1000,0.1,0.5,20,20,1,0.5,1
9,100000,100000,1000,1000,0.1,0.5,20,20,1,0.9,1
7,100000,100000,1000,1000,0.1,0.5,20,20,1,0.7,1
12,100000,100000,1000,1000,0.1,0.5,20,20,1,0.9,1
24,100000,100000,1000,1000,0.1,0.5,20,20,1,0.9,1
8,100000,100000,1000,1000,0.1,0.5,20,20,1,0.7,1
12,100000,100000,1000,1000,0.1,0.5,20,20,1,0.3,1
11,100000,100000,1000,1000,0.1,0.5,20,20,1,0.5,1
6,100000,100000,1000,1000,0.1,0.5,20,20,1,0.3,1
4,100000,100000,1000,1000,0.1,0.5,20,20,1,0.3,1
4,100000,100000,1000,1000,0.1,0.5,20,20,1,0.5,1
9,100000,100000,1000,1000,0.1,0.5,20,20,1,0.5,1
6,100000,100000,1000,1000,0.1,0.5,20,20,1,0.5,1
4,100000,100000,1000,1000,0.1,0.5,20,20,1,0.1,1
93,10000000,10000000,10000,100000,0.1,1,50,50,1.6,0.6,1
6,100000,100000,1000,1000,0.1,0.5,20,20,1,0.5,1
4,100000,100000,1000,1000,0.1,0.5,20,20,1,0.5,1
7,100000,100000,1000,1000,0.1,0.5,20,20,1,0.3,1
3,100000,100000,1000,1000,0.1,0.5,20,20,1,0.1,1
7,100000,100000,1000,1000,0.1,0.5,20,20,1,0.1,1
85,10000000,10000000,10000,100000,0.1,1,50,50,7,0.6,1
5,100000,100000,1000,1000,0.1,0.5,20,20,1,0.1,1
8,100000,100000,1000,1000,0.1,0.5,20,20,1,0.5,1
26,100000,100000,1000,1000,0.1,0.5,20,20,1,0.9,1
5,100000,100000,1000,1000,0.1,0.5,20,20,1,0.5,1
4,100000,100000,1000,1000,0.1,0.5,20,20,1,0.4,1
7,100000,100000,1000,1000,0.1,0.5,20,20,1,0.3,1
7,100000,100000,1000,1000,0.1,0.5,20,20,1,0.5,1
8,100000,100000,1000,1000,0.1,0.5,20,20,1,0.9,1
5,100000,100000,1000,1000,0.1,0.5,20,20,1,0.5,1
5,100000,100000,1000,1000,0.1,0.5,20,20,1,0.5,1
238,10000000,10000000,10000,100000,0.1,1,50,50,0.9,0.6,1
8,100000,100000,1000,1000,0.1,0.5,20,20,1,0.3,1
12,100000,100000,1000,1000,0.1,0.5,20,20,1,0.5,1
12,100000,100000,1000,1000,0.1,0.5,20,20,1,0.7,1
3,100000,100000,1000,1000,0.1,0.5,20,20,1,0.1,1
7,100000,100000,1000,1000,0.1,0.5,20,20,1,0.9,1
6,100000,100000,1000,1000,0.1,0.5,20,20,1,0.3,1
11,100000,100000,1000,1000,0.1,0.5,20,20,1,0.1,1
5,100000,100000,1000,1000,0.1,0.5,20,20,1,0.5,1
6,100000,100000,1000,1000,0.1,0.5,20,20,1,0.9,1
8,100000,100000,1000,1000,0.1,0.5,20,20,1,0.7,1
13,100000,100000,1000,1000,0.1,0.5,20,20,1,0.1,1
9,100000,100000,1000,1000,0.1,0.5,20,20,1,0.9,1
7,100000,100000,1000,1000,0.1,0.5,20,20,1,0.9,1
5,100000,100000,1000,1000,0.1,0.5,20,20,1,0.7,1
10,100000,100000,1000,1000,0.1,0.5,20,20,1,0.9,1
4,100000,100000,1000,1000,0.1,0.5,20,20,1,0.3,1
13,100000,100000,1000,1000,0.1,0.5,20,20,1,0.1,1
5,100000,100000,1000,1000,0.1,0.5,20,20,1,0.7,1
11,100000,100000,1000,1000,0.1,0.5,20,20,1,0.5,1
7,100000,100000,1000,1000,0.1,0.5,20,20,1,0.9,1
14,100000,100000,1000,1000,0.1,0.5,20,20,1,0.5,1
5,100000,100000,1000,1000,0.1,0.5,20,20,1,0.5,1
7,100000,100000,1000,1000,0.1,0.5,20,20,1,0.5,1
4,100000,100000,1000,1000,0.1,0.5,20,20,1,0.5,1
5,100000,100000,1000,1000,0.1,0.5,20,20,1,0.3,1
6,100000,100000,1000,1000,0.1,0.5,20,20,1,0.3,1
5,100000,100000,1000,1000,0.1,0.5,20,20,1,0.3,1
6,100000,100000,1000,1000,0.1,0.5,20,20,1,0.3,1
6,100000,100000,1000,1000,0.1,0.5,20,20,1,0.5,1
6,100000,100000,1000,1000,0.1,0.5,20,20,1,0.9,1
21,100000,100000,1000,1000,0.1,0.5,20,20,1,0.9,1
23,10000000,10000000,100000,200000,0.1,1,50,50,1,0.5,1
6,100000,100000,1000,1000,0.1,0.5,20,20,1,0.9,1
4,100000,100000,1000,1000,0.1,0.5,20,20,1,0.1,1
6,100000,100000,1000,1000,0.1,0.5,20,20,1,0.1,1
5,100000,100000,1000,1000,0.1,0.5,20,20,1,0.5,1
9,100000,100000,1000,1000,0.1,0.5,20,20,1,0.7,1
4,100000,100000,1000,1000,0.1,0.5,20,20,1,0.5,1
5,100000,100000,1000,1000,0.1,0.5,20,20,1,0.1,1
6,100000,100000,1000,1000,0.1,0.5,20,20,1,0.7,1
10,100000,100000,1000,1000,0.1,0.5,20,20,1,0.5,1
90,10000000,10000000,10000,100000,0.1,1,50,50,0.16,0.6,1
6,100000,100000,1000,1000,0.1,0.5,20,20,1,0.7,1
6,100000,100000,1000,1000,0.1,0.5,20,20,1,0.3,1
5,100000,100000,1000,1000,0.1,0.5,20,20,1,0.5,1
23,100000,100000,1000,1000,0.1,0.5,20,20,1,0.9,1
3,100000,100000,1000,1000,0.1,0.5,20,20,1,0.1,1
8,100000,100000,1000,1000,0.1,0.5,20,20,1,0.1,1
15,100000,100000,1000,1000,0.1,0.5,20,20,1,0.9,1
9,100000,100000,1000,1000,0.1,0.5,20,20,1,0.9,1
6,100000,100000,1000,1000,0.1,0.5,20,20,1,0.5,1
5,100000,100000,1000,1000,0.1,0.5,20,20,1,0.5,1
7,100000,100000,1000,1000,0.1,0.5,20,20,1,0.1,1
4,100000,100000,1000,1000,0.1,0.5,20,20,1,0.7,1
25,100000,100000,1000,1000,0.1,0.5,20,20,1,0.9,1
17,100000,100000,1000,1000,0.1,0.5,20,20,1,0.3,1
12,100000,100000,1000,1000,0.1,0.5,20,20,1,0.9,1
7,100000,100000,1000,1000,0.1,0.5,20,20,1,0.7,1
5,100000,100000,1000,1000,0.1,0.5,20,20,1,0.5,1
5,100000,100000,1000,1000,0.1,0.5,20,20,1,0.7,1
5,100000,100000,1000,1000,0.1,0.5,20,20,1,0.78,1
17,100000,100000,1000,1000,0.1,0.5,20,20,1,0.3,1
6,100000,100000,1000,1000,0.1,0.5,20,20,1,0.5,1
16,100000,100000,1000,1000,0.1,0.5,20,20,1,0.5,1
15,100000,100000,1000,1000,0.1,0.5,20,20,1,0.1,1
4,100000,100000,1000,1000,0.1,0.5,20,20,1,0.5,1
9,100000,100000,1000,1000,0.1,0.5,20,20,1,0.9,1
8,100000,100000,1000,1000,0.1,0.5,20,20,1,0.9,1
13,100000,100000,1000,1000,0.1,0.5,20,20,1,0.1,1
6,100000,100000,1000,1000,0.1,0.5,20,20,1,0.5,1
7,100000,100000,1000,1000,0.1,0.5,20,20,1,0.3,1
4,100000,100000,1000,1000,0.1,0.5,20,20,1,0.5,1
19,100000,100000,1000,1000,0.1,0.5,20,20,1,0.7,1
8,100000,100000,1000,1000,0.1,0.5,20,20,1,0.5,1
8,100000,100000,1000,1000,0.1,0.5,20,20,1,0.9,1
102,10000000,10000000,10000,500000,0.1,1,50,50,2,0.8,1
22,100000,100000,1000,1000,0.1,0.5,20,20,1,0.9,1
6,100000,100000,1000,1000,0.1,0.5,20,20,1,0.7,1
3,100000,100000,1000,1000,0.1,0.5,20,20,1,0.1,1
90,10000000,10000000,10000,100000,0.1,1,50,50,9,0.6,1
11,100000,100000,1000,1000,0.1,0.5,20,20,1,0.5,1
96,10000000,10000000,10000,100000,0.1,1,50,50,0.18,0.6,1
6,100000,100000,1000,1000,0.1,0.5,20,20,1,0.5,1
5,100000,100000,1000,1000,0.1,0.5,20,20,1,0.1,1
5,100000,100000,1000,1000,0.1,0.5,20,20,1,0.7,1
6,100000,100000,1000,1000,0.1,0.5,20,20,1,0.9,1
13,100000,100000,1000,1000,0.1,0.5,20,20,1,0.9,1
17,100000,100000,1000,1000,0.1,0.5,20,20,1,0.1,1
10,100000,100000,1000,1000,0.1,0.5,20,20,1,0.5,1
17,100000,100000,1000,1000,0.1,0.5,20,20,1,0.3,1
6,100000,100000,1000,1000,0.1,0.5,20,20,1,0.1,1
6,100000,100000,1000,1000,0.1,0.5,20,20,1,0.5,1
3,100000,100000,1000,1000,0.1,0.5,20,20,1,0.1,1
94,10000000,10000000,10000,100000,0.1,1,50,50,5,0.6,1
6,100000,100000,1000,1000,0.1,0.5,20,20,1,0.3,1
8,100000,100000,1000,1000,0.1,0.5,20,20,1,0.5,1
11,100000,100000,1000,1000,0.1,0.5,20,20,1,0.8,1
7,100000,100000,1000,1000,0.1,0.5,20,20,1,0.9,1
8,100000,100000,1000,1000,0.1,0.5,20,20,1,0.7,1
6,100000,100000,1000,1000,0.1,0.5,20,20,1,0.3,1
5,100000,100000,1000,1000,0.1,0.5,20,20,1,0.7,1
22,100000,100000,1000,1000,0.1,0.5,20,20,1,0.3,1
6,100000,100000,1000,1000,0.1,0.5,20,20,1,0.1,1
8,100000,100000,1000,1000,0.1,0.5,20,20,1,0.3,1
7,100000,100000,1000,1000,0.1,0.5,20,20,1,0.5,1
5,100000,100000,1000,1000,0.1,0.5,20,20,1,0.3,1
15,100000,100000,1000,1000,0.1,0.5,20,20,1,0.5,1
5,100000,100000,1000,1000,0.1,0.5,20,20,1,0.1,1
4,100000,100000,1000,1000,0.1,0.5,20,20,1,0.5,1
6,100000,100000,1000,1000,0.1,0.5,20,20,1,0.5,1
4,100000,100000,1000,1000,0.1,0.5,20,20,1,0.3,1
5,100000,100000,1000,1000,0.1,0.5,20,20,1,0.5,1
6,100000,100000,1000,1000,0.1,0.5,20,20,1,0.9,1
1,100000,100000,1000,1000,0.1,0.5,20,20,1,0.3,1
5,100000,100000,1000,1000,0.1,0.5,20,20,1,0.1,1
10,100000,100000,1000,1000,0.1,0.5,20,20,1,0.9,1
11,100000,100000,1000,1000,0.1,0.5,20,20,1,0.1,1
19,100000,100000,1000,1000,0.1,0.5,20,20,1,0.9,1
17,100000,100000,1000,1000,0.1,0.5,20,20,1,0.5,1
3,100000,100000,1000,1000,0.1,0.5,20,20,1,0.1,1
7,100000,100000,1000,1000,0.1,0.5,20,20,1,0.5,1
5,100000,100000,1000,1000,0.1,0.5,20,20,1,0.5,1
12,100000,100000,1000,1000,0.1,0.5,20,20,1,0.1,1
5,100000,100000,1000,1000,0.1,0.5,20,20,1,0.5,1
6,100000,100000,1000,1000,0.1,0.5,20,20,1,0.9,1
3,100000,100000,1000,1000,0.1,0.5,20,20,1,0.1,1
4,100000,100000,1000,1000,0.1,0.5,20,20,1,0.3,1
12,100000,100000,1000,1000,0.1,0.5,20,20,1,0.7,1
6,100000,100000,1000,1000,0.1,0.5,20,20,1,0.3,1
5,100000,100000,1000,1000,0.1,0.5,20,20,1,0.5,1
8,100000,100000,1000,1000,0.1,0.5,20,20,1,0.1,1
4,100000,100000,1000,1000,0.1,0.5,20,20,1,0.5,1
3,100000,100000,1000,1000,0.1,0.5,20,20,1,0.3,1
6,100000,100000,1000,1000,0.1,0.5,20,20,1,0.5,1
5,100000,100000,1000,1000,0.1,0.5,20,20,1,0.1,1
7,100000,100000,1000,1000,0.1,0.5,20,20,1,0.9,1
23,100000,100000,1000,1000,0.1,0.5,20,20,1,0.5,1
19,100000,100000,1000,1000,0.1,0.5,20,20,1,0.5,1
4,100000,100000,1000,1000,0.1,0.5,20,20,1,0.5,1
7,100000,100000,1000,1000,0.1,0.5,20,20,1,0.7,1
3,100000,100000,1000,1000,0.1,0.5,20,20,1,0.3,1
89,10000000,10000000,10000,100000,0.1,1,50,50,4,0.6,1
4,100000,100000,1000,1000,0.1,0.5,20,20,1,0.1,1
11,100000,100000,1000,1000,0.1,0.5,20,20,1,0.3,1
9,100000,100000,1000,1000,0.1,0.5,20,20,1,0.3,1
4,100000,100000,1000,1000,0.1,0.5,20,20,1,0.1,1
8,100000,100000,1000,1000,0.1,0.5,20,20,1,0.1,1
20,100000,100000,1000,1000,0.1,0.5,20,20,1,0.9,1
10,100000,100000,1000,1000,0.1,0.5,20,20,1,0.5,1
16,100000,100000,1000,1000,0.1,0.5,20,20,1,0.3,1
7,100000,100000,1000,1000,0.1,0.5,20,20,1,0.1,1
7,100000,100000,1000,1000,0.1,0.5,20,20,1,0.5,1
9,100000,100000,1000,1000,0.1,0.5,20,20,1,0.1,1
6,100000,100000,1000,1000,0.1,0.5,20,20,1,0.9,1
9,100000,100000,1000,1000,0.1,0.5,20,20,1,0.7,1
5,100000,100000,1000,1000,0.1,0.5,20,20,1,0.5,1
19,100000,100000,1000,1000,0.1,0.5,20,20,1,0.5,1
15,100000,100000,1000,1000,0.1,0.5,20,20,1,0.5,1
89,10000000,10000000,10000,100000,0.1,1,50,50,3.5,0.6,1
4,100000,100000,1000,1000,0.1,0.5,20,20,1,0.5,1
4,100000,100000,1000,1000,0.1,0.5,20,20,1,0.3,1
8,100000,100000,1000,1000,0.1,0.5,20,20,1,0.9,1
9,100000,100000,1000,1000,0.1,0.5,20,20,1,0.9,1
6,100000,100000,1000,1000,0.1,0.5,20,20,1,0.7,1
8,100000,100000,1000,1000,0.1,0.5,20,20,1,0.5,1
7,100000,100000,1000,1000,0.1,0.5,20,20,1,0.9,1
10,5000000,5000000,10000,1000000,0.1,1,50,50,1,0.1,1
15,100000,100000,1000,1000,0.1,0.5,20,20,1,0.3,1
7,100000,100000,1000,1000,0.1,0.5,20,20,1,0.5,1
4,100000,100000,1000,1000,0.1,0.5,20,20,1,0.1,1
262,10000000,10000000,10000,100000,0.1,1,50,50,0.7,0.6,1
99,10000000,10000000,10000,500000,0.1,1,50,50,5,0.8,1
4,100000,100000,1000,1000,0.1,0.5,20,20,1,0.1,1
4,100000,100000,1000,1000,0.1,0.5,20,20,1,0.5,1
7,100000,100000,1000,1000,0.1,0.5,20,20,1,0.5,1
5,100000,100000,1000,1000,0.1,0.5,20,20,1,0.7,1
5,100000,100000,1000,1000,0.1,0.5,20,20,1,0.9,1
3,100000,100000,1000,1000,0.1,0.5,20,20,1,0.1,1
5,100000,100000,1000,1000,0.1,0.5,20,20,1,0.5,1
17,100000,100000,1000,1000,0.1,0.5,20,20,1,0.5,1
5,100000,100000,1000,1000,0.1,0.5,20,20,1,0.3,1
21,100000,100000,1000,1000,0.1,0.5,20,20,1,0.7,1
5,100000,100000,1000,1000,0.1,0.5,20,20,1,0.3,1
7,100000,100000,1000,1000,0.1,0.5,20,20,1,0.9,1
5,100000,100000,1000,1000,0.1,0.5,20,20,1,0.5,1
14,100000,100000,1000,1000,0.1,0.5,20,20,1,0.1,1
5,100000,100000,1000,1000,0.1,0.5,20,20,1,0.7,1
10,100000,100000,1000,1000,0.1,0.5,20,20,1,0.9,1
22,100000,100000,1000,1000,0.1,0.5,20,20,1,0.5,1
24,100000,100000,1000,1000,0.1,0.5,20,20,1,0.7,1
7,100000,100000,1000,1000,0.1,0.5,20,20,1,0.1,1
10,100000,100000,1000,1000,0.1,0.5,20,20,1,0.9,1
3,100000,100000,1000,1000,0.1,0.5,20,20,1,0.1,1
5,100000,100000,1000,1000,0.1,0.5,20,20,1,0.3,1
129,10000000,10000000,10000,100000,0.1,1,50,50,1,0.75,1
4,100000,100000,1000,1000,0.1,0.5,20,20,1,0.3,1
13,100000,100000,1000,1000,0.1,0.5,20,20,1,0.1,1
27,100000,100000,1000,1000,0.1,0.5,20,20,1,0.9,1
3,100000,100000,1000,1000,0.1,0.5,20,20,1,0.3,1
5,100000,100000,1000,1000,0.1,0.5,20,20,1,0.5,1
8,100000,100000,1000,1000,0.1,0.5,20,20,1,0.3,1
15,100000,100000,1000,1000,0.1,0.5,20,20,1,0.7,1
18,100000,100000,1000,1000,0.1,0.5,20,20,1,0.3,1
15,100000,100000,1000,1000,0.1,0.5,20,20,1,0.5,1
7,100000,100000,1000,1000,0.1,0.5,20,20,1,0.1,1
151,10000000,10000000,10000,100000,0.1,1,50,50,1,0.89,1
6,100000,100000,1000,1000,0.1,0.5,20,20,1,0.1,1
8,100000,100000,1000,1000,0.1,0.5,20,20,1,0.5,1
142,10000000,10000000,10000,100000,0.1,1,50,50,1,0.886,1
5,100000,100000,1000,1000,0.1,0.5,20,20,1,0.5,1
2,100000,100000,1000,1000,0.1,0.5,20,20,1,0.1,1
10,100000,100000,1000,1000,0.1,0.5,20,20,1,0.5,1
27,100000,100000,1000,1000,0.1,0.5,20,20,1,0.7,1
5,100000,100000,1000,1000,0.1,0.5,20,20,1,0.5,1
4,100000,100000,1000,1000,0.1,0.5,20,20,1,0.3,1
5,100000,100000,1000,1000,0.1,0.5,20,20,1,0.7,1
6,100000,100000,1000,1000,0.1,0.5,20,20,1,0.3,1
6,100000,100000,1000,1000,0.1,0.5,20,20,1,0.5,1
8,100000,100000,1000,1000,0.1,0.5,20,20,1,0.5,1
6,100000,100000,1000,1000,0.1,0.5,20,20,1,0.5,1
14,100000,100000,1000,1000,0.1,0.5,20,20,1,0.9,1
6,100000,100000,1000,1000,0.1,0.5,20,20,1,0.5,1
7,100000,100000,1000,1000,0.1,0.5,20,20,1,0.7,1
10,100000,100000,1000,1000,0.1,0.5,20,20,1,0.5,1
10,100000,100000,1000,1000,0.1,0.5,20,20,1,0.1,1
5,100000,100000,1000,1000,0.1,0.5,20,20,1,0.5,1
6,100000,100000,1000,1000,0.1,0.5,20,20,1,0.5,1
5,100000,100000,1000,1000,0.1,0.5,20,20,1,0.3,1
3,100000,100000,1000,1000,0.1,0.5,20,20,1,0.1,1
8,100000,100000,1000,1000,0.1,0.5,20,20,1,0.7,1
471,100000,100000,1000,1000,0.1,0.5,20,20,1,0.9,1
11,100000,100000,1000,1000,0.1,0.5,20,20,1,0.9,1
5,100000,100000,1000,1000,0.1,0.5,20,20,1,0.3,1
19,100000,100000,1000,1000,0.1,0.5,20,20,1,0.3,1
22,100000,100000,1000,1000,0.1,0.5,20,20,1,0.9,1
5,100000,100000,1000,1000,0.1,0.5,20,20,1,0.1,1
5,100000,100000,1000,1000,0.1,0.5,20,20,1,0.5,1
6,100000,100000,1000,1000,0.1,0.5,20,20,1,0.3,1
6,100000,100000,1000,1000,0.1,0.5,20,20,1,0.9,1
14,100000,100000,1000,1000,0.1,0.5,20,20,1,0.5,1
15,100000,100000,1000,1000,0.1,0.5,20,20,1,0.2,1
5,100000,100000,1000,1000,0.1,0.5,20,20,1,0.3,1
9,100000,100000,1000,1000,0.1,0.5,20,20,1,0.3,1
10,100000,100000,1000,1000,0.1,0.5,20,20,1,0.1,1
5,100000,100000,1000,1000,0.1,0.5,20,20,1,0.5,1
7,100000,100000,1000,1000,0.1,0.5,20,20,1,0.5,1
7,100000,100000,1000,1000,0.1,0.5,20,20,1,0.9,1
487,100000,100000,1000,1000,0.1,0.5,20,20,1,0.3,1
88,10000000,10000000,10000,100000,0.1,1,50,50,8,0.6,1
8,100000,100000,1000,1000,0.1,0.5,20,20,1,0.7,1
16,100000,100000,1000,1000,0.1,0.5,20,20,1,0.5,1
205,10000000,10000000,10000,1000000,0.1,1,50,50,10,0.6,1
7,100000,100000,1000,1000,0.1,0.5,20,20,1,0.9,1
5,100000,100000,1000,1000,0.1,0.5,20,20,1,0.9,1
7,100000,100000,1000,1000,0.1,0.5,20,20,1,0.5,1
7,100000,100000,1000,1000,0.1,0.5,20,20,1,0.5,1
68,100000,100000,1000,1000,0.1,0.5,20,20,1,0.7,1
5,100000,100000,1000,1000,0.1,0.5,20,20,1,0.7,1
6,100000,100000,1000,1000,0.1,0.5,20,20,1,0.5,1
2,100000,100000,10000,10000,0.1,0.5,20,20,1,0.1,1
7,100000,100000,1000,1000,0.1,0.5,20,20,1,0.5,1
10,100000,100000,1000,1000,0.1,0.5,20,20,1,0.7,1
7,100000,100000,1000,1000,0.1,0.5,20,20,1,0.7,1
7,100000,100000,1000,1000,0.1,0.5,20,20,1,0.5,1
213,10000000,10000000,10000,100000,0.1,1,50,50,1,0.6,1
7,100000,100000,1000,1000,0.1,0.5,20,20,1,0.9,1
5,100000,100000,1000,1000,0.1,0.5,20,20,1,0.1,1
6,100000,100000,1000,1000,0.1,0.5,20,20,1,0.5,1
4,100000,100000,1000,1000,0.1,0.5,20,20,1,0.1,1
11,100000,100000,1000,1000,0.1,0.5,20,20,1,0.7,1
67,100000,100000,1000,1000,0.1,0.5,20,20,1,0.7,1
5,100000,100000,1000,1000,0.1,0.5,20,20,1,0.5,1
14,100000,100000,1000,1000,0.1,0.5,20,20,1,0.7,1
4,100000,100000,1000,1000,0.1,0.5,20,20,1,0.5,1
12,100000,100000,1000,1000,0.1,0.5,20,20,1,0.3,1
14,100000,100000,1000,1000,0.1,0.5,20,20,1,0.7,1
5,100000,100000,1000,1000,0.1,0.5,20,20,1,0.3,1
13,100000,100000,1000,1000,0.1,0.5,20,20,1,0.3,1
7,100000,100000,1000,1000,0.1,0.5,20,20,1,0.9,1
6,100000,100000,1000,1000,0.1,0.5,20,20,1,0.7,1
8,100000,100000,1000,1000,0.1,0.5,20,20,1,0.9,1
6,100000,100000,1000,1000,0.1,0.5,20,20,1,0.7,1
72,10000000,10000000,10000,100000,0.1,1,50,50,0.000001,0.6,1
94,10000000,10000000,10000,100000,0.1,1,50,50,0.105,0.6,1
14,100000,100000,1000,1000,0.1,0.5,20,20,1,0.3,1
7,100000,100000,1000,1000,0.1,0.5,20,20,1,0.5,1
8,100000,100000,1000,1000,0.1,0.5,20,20,1,0.9,1
25,100000,100000,1000,1000,0.1,0.5,20,20,1,0.9,1
4,100000,100000,1000,1000,0.1,0.5,20,20,1,0.5,1
370,10000000,10000000,10000,500000,0.1,1,50,50,20,0.8,1
5,100000,100000,1000,1000,0.1,0.5,20,20,1,0.7,1
9,100000,100000,1000,1000,0.1,0.5,20,20,1,0.1,1
7,100000,100000,1000,1000,0.1,0.5,20,20,1,0.7,1
9,100000,100000,1000,1000,0.1,0.5,20,20,1,0.9,1
3,100000,100000,1000,1000,0.1,0.5,20,20,1,0.5,1
7,100000,100000,1000,1000,0.1,0.5,20,20,1,0.5,1
9,100000,100000,1000,1000,0.1,0.5,20,20,1,0.3,1
9,100000,100000,1000,1000,0.1,0.5,20,20,1,0.9,1
13,100000,100000,1000,1000,0.1,0.5,20,20,1,0.1,1
8,100000,100000,1000,1000,0.1,0.5,20,20,1,0.5,1
7,100000,100000,1000,1000,0.1,0.5,20,20,1,0.5,1
6,100000,100000,1000,1000,0.1,0.5,20,20,1,0.3,1
7,100000,100000,1000,1000,0.1,0.5,20,20,1,0.7,1
5,100000,100000,1000,1000,0.1,0.5,20,20,1,0.3,1
5,100000,100000,1000,1000,0.1,0.5,20,20,1,0.5,1
10,100000,100000,1000,1000,0.1,0.5,20,20,1,0.7,1
93,10000000,10000000,10000,100000,0.1,1,50,50,18,0.6,1
19,10000000,10000000,100000,200000,0.1,1,50,50,1.00E-20,0.5,1
13,100000,100000,1000,1000,0.1,0.5,20,20,1,0.1,1
10,100000,100000,1000,1000,0.1,0.5,20,20,1,0.5,1
8,100000,100000,1000,1000,0.1,0.5,20,20,1,0.5,1
27,100000,100000,1000,1000,0.1,0.5,20,20,1,0.7,1
19,100000,100000,1000,1000,0.1,0.5,20,20,1,0.3,1
6,5000000,5000000,100000,1000000,0.1,1,50,50,1,0.1,1
1,100000,100000,1000,1000,0.1,0.5,20,20,1,0.5,1
4,100000,100000,1000,1000,0.1,0.5,20,20,1,0.5,1
5,100000,100000,1000,1000,0.1,0.5,20,20,1,0.7,1
3,100000,100000,1000,1000,0.1,0.5,20,20,1,0.3,1
6,100000,100000,1000,1000,0.1,0.5,20,20,1,0.5,1
5,100000,100000,1000,1000,0.1,0.5,20,20,1,0.1,1
5,100000,100000,1000,1000,0.1,0.5,20,20,1,0.1,1
6,100000,100000,1000,1000,0.1,0.5,20,20,1,0.1,1
7,100000,100000,1000,1000,0.1,0.5,20,20,1,0.9,1
6,100000,100000,1000,1000,0.1,0.5,20,20,1,0.9,1
4,100000,100000,1000,1000,0.1,0.5,20,20,1,0.1,1
3,100000,100000,1000,1000,0.1,0.5,20,20,1,0.1,1
25,100000,100000,1000,1000,0.1,0.5,20,20,1,0.5,1
27,100000,100000,1000,1000,0.1,0.5,20,20,1,0.5,1
9,100000,100000,1000,1000,0.1,0.5,20,20,1,0.5,1
6,100000,100000,1000,1000,0.1,0.5,20,20,1,0.3,1
6,100000,100000,1000,1000,0.1,0.5,20,20,1,0.5,1
16,100000,100000,1000,1000,0.1,0.5,20,20,1,0.3,1
7,100000,100000,1000,1000,0.1,0.5,20,20,1,0.3,1
12,100000,100000,1000,1000,0.1,0.5,20,20,1,0.3,1
6,100000,100000,1000,1000,0.1,0.5,20,20,1,0.9,1
7,100000,100000,1000,1000,0.1,0.5,20,20,1,0.5,1
5,100000,100000,1000,1000,0.1,0.5,20,20,1,0.1,1
10,100000,100000,1000,1000,0.1,0.5,20,20,1,0.9,1
2,100000,100000,1000,1000,0.1,0.5,20,20,1,0.1,1
5,100000,100000,1000,1000,0.1,0.5,20,20,1,0.1,1
94,10000000,10000000,10000,100000,0.1,1,50,50,0.3,0.6,1
4,100000,100000,1000,1000,0.1,0.5,20,20,1,0.3,1
23,100000,100000,1000,1000,0.1,0.5,20,20,1,0.1,1
19,100000,100000,1000,1000,0.1,0.5,20,20,1,0.9,1
8,100000,100000,1000,1000,0.1,0.5,20,20,1,0.3,1
5,100000,100000,1000,1000,0.1,0.5,20,20,1,0.1,1
7,100000,100000,1000,1000,0.1,0.5,20,20,1,0.5,1
6,100000,100000,1000,1000,0.1,0.5,20,20,1,0.1,1
6,100000,100000,1000,1000,0.1,0.5,20,20,1,0.3,1
27,100000,100000,1000,1000,0.1,0.5,20,20,1,0.7,1
8,100000,100000,1000,1000,0.1,0.5,20,20,1,0.3,1
8,100000,100000,1000,1000,0.1,0.5,20,20,1,0.7,1
4,100000,100000,1000,1000,0.1,0.5,20,20,1,0.3,1
6,100000,100000,1000,1000,0.1,0.5,20,20,1,0.3,1
91,10000000,10000000,10000,100000,0.1,1,50,50,1.8,0.6,1
144,10000000,10000000,10000,100000,0.1,1,50,50,1,0.82,1
12,100000,100000,1000,1000,0.1,0.5,20,20,1,0.5,1
6,100000,100000,1000,1000,0.1,0.5,20,20,1,0.3,1
20,100000,100000,1000,1000,0.1,0.5,20,20,1,0.9,1
8,100000,100000,1000,1000,0.1,0.5,20,20,1,0.7,1
5,100000,100000,1000,1000,0.1,0.5,20,20,1,0.3,1
6,100000,100000,1000,1000,0.1,0.5,20,20,1,0.9,1
5,100000,100000,1000,1000,0.1,0.5,20,20,1,0.1,1
3,100000,100000,1000,1000,0.1,0.5,20,20,1,0.3,1
6,100000,100000,1000,1000,0.1,0.5,20,20,1,0.3,1
6,100000,100000,1000,1000,0.1,0.5,20,20,1,0.5,1
6,100000,100000,1000,1000,0.1,0.5,20,20,1,0.5,1
155,10000000,10000000,10000,100000,0.1,1,50,50,1,0.87,1
8,100000,100000,1000,1000,0.1,0.5,20,20,1,0.3,1
10,100000,100000,1000,1000,0.1,0.5,20,20,1,0.5,1
14,100000,100000,1000,1000,0.1,0.5,20,20,1,0.7,1
4,100000,100000,1000,1000,0.1,0.5,20,20,1,0.3,1
3,100000,100000,1000,1000,0.1,0.5,20,20,1,0.1,1
7,100000,100000,1000,1000,0.1,0.5,20,20,1,0.5,1
12,100000,100000,1000,1000,0.1,0.5,20,20,1,0.3,1
8,100000,100000,1000,1000,0.1,0.5,20,20,1,0.5,1
10,100000,100000,1000,1000,0.1,0.5,20,20,1,0.9,1
24,100000,100000,1000,1000,0.1,0.5,20,20,1,0.9,1
16,100000,100000,1000,1000,0.1,0.5,20,20,1,0.3,1
6,100000,100000,1000,1000,0.1,0.5,20,20,1,0.3,1
7,100000,100000,1000,1000,0.1,0.5,20,20,1,0.5,1
7,100000,100000,1000,1000,0.1,0.5,20,20,1,0.9,1
4,100000,100000,1000,1000,0.1,0.5,20,20,1,0.3,1
6,100000,100000,1000,1000,0.1,0.5,20,20,1,0.1,1
9,100000,100000,1000,1000,0.1,0.5,20,20,1,0.3,1
5,100000,100000,1000,1000,0.1,0.5,20,20,1,0.7,1
206,10000000,10000000,10000,100000,0.1,1,50,50,0.5,0.6,1
3,100000,100000,1000,1000,0.1,0.5,20,20,1,0.1,1
10,100000,100000,1000,1000,0.1,0.5,20,20,1,0.3,1
8,100000,100000,1000,1000,0.1,0.5,20,20,1,0.5,1
25,100000,100000,1000,1000,0.1,0.5,20,20,1,0.9,1
5,100000,100000,1000,1000,0.1,0.5,20,20,1,0.1,1
3,100000,100000,1000,1000,0.1,0.5,20,20,1,0.1,1
8,100000,100000,1000,1000,0.1,0.5,20,20,1,0.5,1
4,100000,100000,1000,1000,0.1,0.5,20,20,1,0.3,1
31,100000,100000,1000,1000,0.1,0.5,20,20,1,0.9,1
5,100000,100000,1000,1000,0.1,0.5,20,20,1,0.1,1
67,10000000,10000000,10000,100000,0.1,1,50,50,1,0.5,1
20,100000,100000,1000,1000,0.1,0.5,20,20,1,0.5,1
8,100000,100000,1000,1000,0.1,0.5,20,20,1,0.3,1
2,100000,100000,1000,1000,0.1,0.5,20,20,1,0.1,1
86,10000000,10000000,10000,100000,0.1,1,50,50,12,0.6,1
51,10000000,10000000,10000,1000000,0.1,1,50,50,0.1,0.5,1
7,100000,100000,1000,1000,0.1,0.5,20,20,1,0.3,1
6,100000,100000,1000,1000,0.1,0.5,20,20,1,0.5,1
9,100000,100000,1000,1000,0.1,0.5,20,20,1,0.9,1
7,100000,100000,1000,1000,0.1,0.5,20,20,1,0.1,1
7,100000,100000,1000,1000,0.1,0.5,20,20,1,0.5,1
13,100000,100000,1000,1000,0.1,0.5,20,20,1,0.9,1
8,100000,100000,1000,1000,0.1,0.5,20,20,1,0.5,1
5,100000,100000,1000,1000,0.1,0.5,20,20,1,0.3,1
43,100000,100000,1000,1000,0.1,0.5,20,20,1,0.5,1
4,100000,100000,1000,1000,0.1,0.5,20,20,1,0.3,1
6,100000,100000,1000,1000,0.1,0.5,20,20,1,0.9,1
6,100000,100000,1000,1000,0.1,0.5,20,20,1,0.3,1
4,100000,100000,1000,1000,0.1,0.5,20,20,1,0.3,1
8,100000,100000,1000,1000,0.1,0.5,20,20,1,0.9,1
2,100000,100000,1000,1000,0.1,0.5,20,20,1,0.1,1
11,100000,100000,1000,1000,0.1,0.5,20,20,1,0.7,1
5,100000,100000,1000,1000,0.1,0.5,20,20,1,0.5,1
6,100000,100000,1000,1000,0.1,0.5,20,20,1,0.9,1
7,100000,100000,1000,1000,0.1,0.5,20,20,1,0.3,1
9,100000,100000,1000,1000,0.1,0.5,20,20,1,0.3,1
9,100000,100000,1000,1000,0.1,0.5,20,20,1,0.5,1
12,100000,100000,1000,1000,0.1,0.5,20,20,1,0.5,1
7,100000,100000,1000,1000,0.1,0.5,20,20,1,0.9,1
8,100000,100000,1000,1000,0.1,0.5,20,20,1,0.7,1
5,100000,100000,1000,1000,0.1,0.5,20,20,1,0.72,1
7,100000,100000,1000,1000,0.1,0.5,20,20,1,0.7,1
11,100000,100000,1000,1000,0.1,0.5,20,20,1,0.5,1
18,100000,100000,1000,1000,0.1,0.5,20,20,1,0.1,1
10,100000,100000,1000,1000,0.1,0.5,20,20,1,0.7,1
174,10000000,10000000,10000,1000000,0.1,1,50,50,50,0.6,1
16,100000,100000,1000,1000,0.1,0.5,20,20,1,0.1,1
2,100000,100000,1000,1000,0.1,0.5,20,20,1,0.5,1
69,100000,100000,1000,1000,0.1,0.5,20,20,1,0.7,1
26,100000,100000,1000,1000,0.1,0.5,20,20,1,0.9,1
4,100000,100000,1000,1000,0.1,0.5,20,20,1,0.3,1
9,100000,100000,1000,1000,0.1,0.5,20,20,1,0.5,1
8,100000,100000,1000,1000,0.1,0.5,20,20,1,0.9,1
5,100000,100000,1000,1000,0.1,0.5,20,20,1,0.1,1
8,100000,100000,1000,1000,0.1,0.5,20,20,1,0.9,1
7,100000,100000,1000,1000,0.1,0.5,20,20,1,0.9,1
4,100000,100000,1000,1000,0.1,0.5,20,20,1,0.5,1
13,100000,100000,1000,1000,0.1,0.5,20,20,1,0.1,1
8,100000,100000,1000,1000,0.1,0.5,20,20,1,0.7,1
5,100000,100000,1000,1000,0.1,0.5,20,20,1,0.7,1
7,100000,100000,1000,1000,0.1,0.5,20,20,1,0.7,1
23,100000,100000,1000,1000,0.1,0.5,20,20,1,0.5,1
71,100000,100000,1000,1000,0.1,0.5,20,20,1,0.7,1
5,100000,100000,1000,1000,0.1,0.5,20,20,1,0.7,1
9,100000,100000,1000,1000,0.1,0.5,20,20,1,0.5,1
6,100000,100000,1000,1000,0.1,0.5,20,20,1,0.3,1
12,100000,100000,1000,1000,0.1,0.5,20,20,1,0.9,1
5,100000,100000,1000,1000,0.1,0.5,20,20,1,0.7,1
9,100000,100000,1000,1000,0.1,0.5,20,20,1,0.7,1
7,100000,100000,1000,1000,0.1,0.5,20,20,1,0.7,1
5,100000,100000,1000,1000,0.1,0.5,20,20,1,0.3,1
6,100000,100000,1000,1000,0.1,0.5,20,20,1,0.7,1
7,100000,100000,1000,1000,0.1,0.5,20,20,1,0.9,1
5,100000,100000,1000,1000,0.1,0.5,20,20,1,0.5,1
11,100000,100000,1000,1000,0.1,0.5,20,20,1,0.7,1
8,100000,100000,1000,1000,0.1,0.5,20,20,1,0.7,1
3,100000,100000,1000,1000,0.1,0.5,20,20,1,0.3,1
5,100000,100000,1000,1000,0.1,0.5,20,20,1,0.5,1
5,100000,100000,1000,1000,0.1,0.5,20,20,1,0.1,1
18,100000,100000,1000,1000,0.1,0.5,20,20,1,0.3,1
5,100000,100000,1000,1000,0.1,0.5,20,20,1,0.1,1
4,100000,100000,1000,1000,0.1,0.5,20,20,1,0.5,1
5,100000,100000,1000,1000,0.1,0.5,20,20,1,0.1,1
6,100000,100000,1000,1000,0.1,0.5,20,20,1,0.7,1
5,100000,100000,1000,1000,0.1,0.5,20,20,1,0.5,1
5,100000,100000,1000,1000,0.1,0.5,20,20,1,0.7,1
5,100000,100000,1000,1000,0.1,0.5,20,20,1,0.5,1
5,100000,100000,1000,1000,0.1,0.5,20,20,1,0.7,1
12,100000,100000,1000,1000,0.1,0.5,20,20,1,0.7,1
21,100000,100000,1000,1000,0.1,0.5,20,20,1,0.3,1
20,100000,100000,1000,1000,0.1,0.5,20,20,1,0.7,1
81,10000000,10000000,10000,100000,0.1,1,50,50,10,0.6,1
15,100000,100000,1000,1000,0.1,0.5,20,20,1,0.1,1
3,100000,100000,1000,1000,0.1,0.5,20,20,1,0.1,1
6,100000,100000,1000,1000,0.1,0.5,20,20,1,0.5,1
4,100000,100000,1000,1000,0.1,0.5,20,20,1,0.3,1
8,100000,100000,1000,1000,0.1,0.5,20,20,1,0.3,1
18,100000,100000,1000,1000,0.1,0.5,20,20,1,0.3,1
8,100000,100000,1000,1000,0.1,0.5,20,20,1,0.1,1
7,100000,100000,1000,1000,0.1,0.5,20,20,1,0.9,1
5,100000,100000,1000,1000,0.1,0.5,20,20,1,0.5,1
9,100000,100000,1000,1000,0.1,0.5,20,20,1,0.7,1
458,100000,100000,1000,1000,0.1,0.5,20,20,1,0.1,1
3,100000,100000,1000,1000,0.1,0.5,20,20,1,0.3,1
6,100000,100000,1000,1000,0.1,0.5,20,20,1,0.9,1
22,100000,100000,1000,1000,0.1,0.5,20,20,1,0.7,1
7,100000,100000,1000,1000,0.1,0.5,20,20,1,0.1,1
111,10000000,10000000,10000,100000,0.1,1,50,50,1.00E-21,0.6,1
13,100000,100000,1000,1000,0.1,0.5,20,20,1,0.3,1
15,100000,100000,1000,1000,0.1,0.5,20,20,1,0.1,1
6,100000,100000,1000,1000,0.1,0.5,20,20,1,0.5,1
17,100000,100000,1000,1000,0.1,0.5,20,20,1,0.7,1
9,100000,100000,1000,1000,0.1,0.5,20,20,1,0.1,1
7,100000,100000,1000,1000,0.1,0.5,20,20,1,0.5,1
7,100000,100000,1000,1000,0.1,0.5,20,20,1,0.1,1
14,100000,100000,1000,1000,0.1,0.5,20,20,1,0.5,1
9,100000,100000,1000,1000,0.1,0.5,20,20,1,0.9,1
5,100000,100000,1000,1000,0.1,0.5,20,20,1,0.7,1
7,100000,100000,1000,1000,0.1,0.5,20,20,1,0.7,1
8,100000,100000,1000,1000,0.1,0.5,20,20,1,0.9,1
206,10000000,10000000,10000,1000000,0.1,1,50,50,0.1,0.6,1
3,100000,100000,1000,1000,0.1,0.5,20,20,1,0.3,1
4,100000,100000,1000,1000,0.1,0.5,20,20,1,0.3,1
13,100000,100000,1000,1000,0.1,0.5,20,20,1,0.9,1
20,100000,100000,1000,1000,0.1,0.5,20,20,1,0.7,1
5,100000,100000,1000,1000,0.1,0.5,20,20,1,0.1,1
20,100000,100000,1000,1000,0.1,0.5,20,20,1,0.7,1
6,100000,100000,1000,1000,0.1,0.5,20,20,1,0.9,1
86,10000000,10000000,10000,100000,0.1,1,50,50,0.9,0.6,1
6,100000,100000,1000,1000,0.1,0.5,20,20,1,0.3,1
5,100000,100000,1000,1000,0.1,0.5,20,20,1,0.3,1
5,100000,100000,1000,1000,0.1,0.5,20,20,1,0.3,1
8,100000,100000,1000,1000,0.1,0.5,20,20,1,0.1,1
4,100000,100000,1000,1000,0.1,0.5,20,20,1,0.3,1
6,100000,100000,1000,1000,0.1,0.5,20,20,1,0.7,1
18,100000,100000,1000,1000,0.1,0.5,20,20,1,0.5,1
16,100000,100000,1000,1000,0.1,0.5,20,20,1,0.7,1
7,100000,100000,1000,1000,0.1,0.5,20,20,1,0.3,1
2,100000,100000,1000,1000,0.1,0.5,20,20,1,0.1,1
6,100000,100000,1000,1000,0.1,0.5,20,20,1,0.5,1
3,100000,100000,1000,1000,0.1,0.5,20,20,1,0.1,1
7,100000,100000,1000,1000,0.1,0.5,20,20,1,0.7,1
6,100000,100000,1000,1000,0.1,0.5,20,20,1,0.3,1
12,100000,100000,1000,1000,0.1,0.5,20,20,1,0.1,1
349,10000000,10000000,10000,500000,0.1,1,50,50,40,0.8,1
9,100000,100000,1000,1000,0.1,0.5,20,20,1,0.7,1
3,100000,100000,1000,1000,0.1,0.5,20,20,1,0.3,1
5,100000,100000,1000,1000,0.1,0.5,20,20,1,0.3,1
3,100000,100000,1000,1000,0.1,0.5,20,20,1,0.1,1
7,100000,100000,1000,1000,0.1,0.5,20,20,1,0.1,1
11,100000,100000,1000,1000,0.1,0.5,20,20,1,0.5,1
21,100000,100000,1000,1000,0.1,0.5,20,20,1,0.5,1
4,100000,100000,1000,1000,0.1,0.5,20,20,1,0.3,1
7,100000,100000,1000,1000,0.1,0.5,20,20,1,0.5,1
6,100000,100000,1000,1000,0.1,0.5,20,20,1,0.1,1
8,100000,100000,1000,1000,0.1,0.5,20,20,1,0.5,1
5,100000,100000,1000,1000,0.1,0.5,20,20,1,0.5,1
18,100000,100000,1000,1000,0.1,0.5,20,20,1,0.9,1
4,100000,100000,1000,1000,0.1,0.5,20,20,1,0.5,1
3,100000,100000,1000,1000,0.1,0.5,20,20,1,0.1,1
7,100000,100000,1000,1000,0.1,0.5,20,20,1,0.5,1
3,100000,100000,1000,1000,0.1,0.5,20,20,1,0.5,1
9,100000,100000,1000,1000,0.1,0.5,20,20,1,0.7,1
153,10000000,10000000,10000,100000,0.1,1,50,50,0.1,0.6,1
12,100000,100000,1000,1000,0.1,0.5,20,20,1,0.7,1
3,100000,100000,1000,1000,0.1,0.5,20,20,1,0.1,1
7,100000,100000,1000,1000,0.1,0.5,20,20,1,0.7,1
103,100000,100000,1000,1000,0.1,0.5,20,20,1,0.7,1
15,100000,100000,1000,1000,0.1,0.5,20,20,1,0.5,1
10,100000,100000,1000,1000,0.1,0.5,20,20,1,0.3,1
3,100000,100000,1000,1000,0.1,0.5,20,20,1,0.1,1
4,100000,100000,1000,1000,0.1,0.5,20,20,1,0.3,1
14,100000,100000,1000,1000,0.1,0.5,20,20,1,0.5,1
11,100000,100000,1000,1000,0.1,0.5,20,20,1,0.7,1
7,100000,100000,1000,1000,0.1,0.5,20,20,1,0.9,1
3,100000,100000,1000,1000,0.1,0.5,20,20,1,0.1,1
4,100000,100000,1000,1000,0.1,0.5,20,20,1,0.3,1
3,100000,100000,1000,1000,0.1,0.5,20,20,1,0.3,1
5,100000,100000,1000,1000,0.1,0.5,20,20,1,0.1,1
3,100000,100000,1000,1000,0.1,0.5,20,20,1,0.1,1
18,100000,100000,1000,1000,0.1,0.5,20,20,1,0.5,1
8,100000,100000,1000,1000,0.1,0.5,20,20,1,0.9,1
16,100000,100000,1000,1000,0.1,0.5,20,20,1,0.5,1
8,100000,100000,1000,1000,0.1,0.5,20,20,1,0.7,1
3,100000,100000,1000,1000,0.1,0.5,20,20,1,0.1,1
3,100000,100000,1000,1000,0.1,0.5,20,20,1,0.3,1
15,100000,100000,1000,1000,0.1,0.5,20,20,1,0.7,1
2,100000,100000,1000,1000,0.1,0.5,20,20,1,0.1,1
5,100000,100000,1000,1000,0.1,0.5,20,20,1,0.5,1
6,100000,100000,1000,1000,0.1,0.5,20,20,1,0.5,1
3,100000,100000,1000,1000,0.1,0.5,20,20,1,0.3,1
8,100000,100000,1000,1000,0.1,0.5,20,20,1,0.9,1
4,100000,100000,1000,1000,0.1,0.5,20,20,1,0.1,1
3,100000,100000,1000,1000,0.1,0.5,20,20,1,0.1,1
165,10000000,10000000,10000,100000,0.1,1,50,50,1,0.84,1
5,100000,100000,1000,1000,0.1,0.5,20,20,1,0.1,1
8,100000,100000,1000,1000,0.1,0.5,20,20,1,0.9,1
6,100000,100000,1000,1000,0.1,0.5,20,20,1,0.3,1
4,100000,100000,1000,1000,0.1,0.5,20,20,1,0.3,1
5,100000,100000,1000,1000,0.1,0.5,20,20,1,0.5,1
6,100000,100000,1000,1000,0.1,0.5,20,20,1,0.1,1
16,100000,100000,1000,1000,0.1,0.5,20,20,1,0.9,1
7,100000,100000,1000,1000,0.1,0.5,20,20,1,0.7,1
5,100000,100000,1000,1000,0.1,0.5,20,20,1,0.5,1
6,100000,100000,1000,1000,0.1,0.5,20,20,1,0.5,1
13,100000,100000,1000,1000,0.1,0.5,20,20,1,0.5,1
9,100000,100000,1000,1000,0.1,0.5,20,20,1,0.5,1
9,100000,100000,1000,1000,0.1,0.5,20,20,1,0.9,1
12,100000,100000,1000,1000,0.1,0.5,20,20,1,0.5,1
6,100000,100000,1000,1000,0.1,0.5,20,20,1,0.7,1
3,100000,100000,1000,1000,0.1,0.5,20,20,1,0.1,1
7,100000,100000,1000,1000,0.1,0.5,20,20,1,0.3,1
4,100000,100000,1000,1000,0.1,0.5,20,20,1,0.5,1
8,100000,100000,1000,1000,0.1,0.5,20,20,1,0.5,1
9,100000,100000,1000,1000,0.1,0.5,20,20,1,0.9,1
11,100000,100000,1000,1000,0.1,0.5,20,20,1,0.5,1
3,100000,100000,1000,1000,0.1,0.5,20,20,1,0.1,1
7,100000,100000,1000,1000,0.1,0.5,20,20,1,0.3,1
7,100000,100000,1000,1000,0.1,0.5,20,20,1,0.5,1
6,100000,100000,1000,1000,0.1,0.5,20,20,1,0.5,1
9,100000,100000,1000,1000,0.1,0.5,20,20,1,0.5,1
10,100000,100000,1000,1000,0.1,0.5,20,20,1,0.7,1
2,100000,100000,1000,1000,0.1,0.5,20,20,1,0.1,1
10,100000,100000,1000,1000,0.1,0.5,20,20,1,0.1,1
8,100000,100000,1000,1000,0.1,0.5,20,20,1,0.5,1
6,100000,100000,1000,1000,0.1,0.5,20,20,1,0.5,1
6,100000,100000,1000,1000,0.1,0.5,20,20,1,0.7,1
25,100000,100000,1000,1000,0.1,0.5,20,20,1,0.9,1
8,100000,100000,1000,1000,0.1,0.5,20,20,1,0.7,1
28,100000,100000,1000,1000,0.1,0.5,20,20,1,0.7,1
8,100000,100000,1000,1000,0.1,0.5,20,20,1,0.1,1
15,100000,100000,1000,1000,0.1,0.5,20,20,1,0.5,1
12,100000,100000,1000,1000,0.1,0.5,20,20,1,0.3,1
6,100000,100000,1000,1000,0.1,0.5,20,20,1,0.7,1
6,100000,100000,1000,1000,0.1,0.5,20,20,1,0.1,1
7,100000,100000,1000,1000,0.1,0.5,20,20,1,0.5,1
9,100000,100000,1000,1000,0.1,0.5,20,20,1,0.5,1
8,100000,100000,1000,1000,0.1,0.5,20,20,1,0.7,1
7,100000,100000,1000,1000,0.1,0.5,20,20,1,0.5,1
30,100000,100000,1000,1000,0.1,0.5,20,20,1,0.9,1
6,100000,100000,1000,1000,0.1,0.5,20,20,1,0.5,1
8,100000,100000,1000,1000,0.1,0.5,20,20,1,0.7,1
98,10000000,10000000,10000,100000,0.1,1,50,50,0.11,0.6,1
28,100000,100000,1000,1000,0.1,0.5,20,20,1,0.7,1
8,100000,100000,1000,1000,0.1,0.5,20,20,1,0.9,1
24,100000,100000,1000,1000,0.1,0.5,20,20,1,0.9,1
5,100000,100000,1000,1000,0.1,0.5,20,20,1,0.3,1
9,100000,100000,1000,1000,0.1,0.5,20,20,1,0.7,1
11,100000,100000,1000,1000,0.1,0.5,20,20,1,0.9,1
6,100000,100000,1000,1000,0.1,0.5,20,20,1,0.1,1
23,100000,100000,1000,1000,0.1,0.5,20,20,1,0.5,1
17,100000,100000,1000,1000,0.1,0.5,20,20,1,0.9,1
16,100000,100000,1000,1000,0.1,0.5,20,20,1,0.3,1
5,100000,100000,1000,1000,0.1,0.5,20,20,1,0.5,1
4,100000,100000,1000,1000,0.1,0.5,20,20,1,0.3,1
9,100000,100000,1000,1000,0.1,0.5,20,20,1,0.5,1
11,100000,100000,1000,1000,0.1,0.5,20,20,1,0.3,1
27,100000,100000,1000,1000,0.1,0.5,20,20,1,0.9,1
13,100000,100000,1000,1000,0.1,0.5,20,20,1,0.1,1
10,100000,100000,1000,1000,0.1,0.5,20,20,1,0.9,1
8,100000,100000,1000,1000,0.1,0.5,20,20,1,0.5,1
27,100000,100000,1000,1000,0.1,0.5,20,20,1,0.7,1
5,100000,100000,1000,1000,0.1,0.5,20,20,1,0.1,1
6,100000,100000,1000,1000,0.1,0.5,20,20,1,0.1,1
14,100000,100000,1000,1000,0.1,0.5,20,20,1,0.9,1
8,100000,100000,1000,1000,0.1,0.5,20,20,1,0.7,1
8,100000,100000,1000,1000,0.1,0.5,20,20,1,0.7,1
4,100000,100000,1000,1000,0.1,0.5,20,20,1,0.5,1
29,100000,100000,1000,1000,0.1,0.5,20,20,1,0.9,1
8,100000,100000,1000,1000,0.1,0.5,20,20,1,0.9,1
22,100000,100000,1000,1000,0.1,0.5,20,20,1,0.7,1
6,100000,100000,1000,1000,0.1,0.5,20,20,1,0.3,1
5,100000,100000,1000,1000,0.1,0.5,20,20,1,0.5,1
19,100000,100000,1000,1000,0.1,0.5,20,20,1,0.3,1
6,100000,100000,1000,1000,0.1,0.5,20,20,1,0.3,1
8,100000,100000,1000,1000,0.1,0.5,20,20,1,0.9,1
8,100000,100000,1000,1000,0.1,0.5,20,20,1,0.1,1
5,100000,100000,1000,1000,0.1,0.5,20,20,1,0.7,1
9,100000,100000,1000,1000,0.1,0.5,20,20,1,0.3,1
9,100000,100000,1000,1000,0.1,0.5,20,20,1,0.9,1
28,100000,100000,1000,1000,0.1,0.5,20,20,1,0.9,1
86,10000000,10000000,10000,100000,0.1,1,50,50,16,0.6,1
17,100000,100000,1000,1000,0.1,0.5,20,20,1,0.7,1
2,100000,100000,1000,1000,0.1,0.5,20,20,1,0.1,1
2,100000,100000,1000,1000,0.1,0.5,20,20,1,0.1,1
9,100000,100000,1000,1000,0.1,0.5,20,20,1,0.9,1
10,100000,100000,1000,1000,0.1,0.5,20,20,1,0.7,1
7,100000,100000,1000,1000,0.1,0.5,20,20,1,0.9,1
4,100000,100000,1000,1000,0.1,0.5,20,20,1,0.5,1
7,100000,100000,1000,1000,0.1,0.5,20,20,1,0.5,1
11,100000,100000,1000,1000,0.1,0.5,20,20,1,0.3,1
5,100000,100000,1000,1000,0.1,0.5,20,20,1,0.5,1
4,100000,100000,1000,1000,0.1,0.5,20,20,1,0.5,1
5,100000,100000,1000,1000,0.1,0.5,20,20,1,0.1,1
3,100000,100000,1000,1000,0.1,0.5,20,20,1,0.1,1
6,100000,100000,1000,1000,0.1,0.5,20,20,1,0.9,1
4,100000,100000,1000,1000,0.1,0.5,20,20,1,0.3,1
5,100000,100000,1000,1000,0.1,0.5,20,20,1,0.7,1
5,100000,100000,1000,1000,0.1,0.5,20,20,1,0.1,1
5,100000,100000,1000,1000,0.1,0.5,20,20,1,0.5,1
6,100000,100000,1000,1000,0.1,0.5,20,20,1,0.7,1
7,100000,100000,1000,1000,0.1,0.5,20,20,1,0.7,1
8,100000,100000,1000,1000,0.1,0.5,20,20,1,0.5,1
9,10000000,10000000,10000,1000000,0.1,1,50,50,2,0.1,1
18,100000,100000,1000,1000,0.1,0.5,20,20,1,0.9,1
2,100000,100000,1000,1000,0.1,0.5,20,20,1,0.1,1
16,100000,100000,1000,1000,0.1,0.5,20,20,1,0.7,1
8,100000,100000,1000,1000,0.1,0.5,20,20,1,0.1,1
15,100000,100000,1000,1000,0.1,0.5,20,20,1,0.3,1
26,100000,100000,1000,1000,0.1,0.5,20,20,1,0.9,1
17,100000,100000,1000,1000,0.1,0.5,20,20,1,0.7,1
70,100000,100000,1000,1000,0.1,0.5,20,20,1,0.5,1
6,100000,100000,1000,1000,0.1,0.5,20,20,1,0.9,1
6,100000,100000,1000,1000,0.1,0.5,20,20,1,0.9,1
7,100000,100000,1000,1000,0.1,0.5,20,20,1,0.5,1
17,100000,100000,1000,1000,0.1,0.5,20,20,1,0.9,1
28,100000,100000,1000,1000,0.1,0.5,20,20,1,0.7,1
2,100000,100000,1000,1000,0.1,0.5,20,20,1,0.1,1
5,100000,100000,1000,1000,0.1,0.5,20,20,1,0.5,1
139,10000000,10000000,10000,100000,0.1,1,50,50,1,0.882,1
12,100000,100000,1000,1000,0.1,0.5,20,20,1,0.7,1
17,100000,100000,1000,1000,0.1,0.5,20,20,1,0.5,1
21,100000,100000,1000,1000,0.1,0.5,20,20,1,0.7,1
6,100000,100000,1000,1000,0.1,0.5,20,20,1,0.1,1
7,100000,100000,1000,1000,0.1,0.5,20,20,1,0.1,1
5,100000,100000,1000,1000,0.1,0.5,20,20,1,0.5,1
7,100000,100000,1000,1000,0.1,0.5,20,20,1,0.5,1
6,100000,100000,1000,1000,0.1,0.5,20,20,1,0.7,1
82,10000000,10000000,10000,100000,0.1,1,50,50,3,0.6,1
18,100000,100000,1000,1000,0.1,0.5,20,20,1,0.7,1
8,100000,100000,1000,1000,0.1,0.5,20,20,1,0.7,1
10,100000,100000,1000,1000,0.1,0.5,20,20,1,0.5,1
7,100000,100000,1000,1000,0.1,0.5,20,20,1,0.9,1
8,100000,100000,1000,1000,0.1,0.5,20,20,1,0.6,1
5,100000,100000,1000,1000,0.1,0.5,20,20,1,0.5,1
5,10000000,10000000,10000,100000,0.1,1,50,50,9,0.6,1
5,100000,100000,1000,1000,0.1,0.5,20,20,1,0.5,1
5,100000,100000,1000,1000,0.1,0.5,20,20,1,0.7,1
5,100000,100000,1000,1000,0.1,0.5,20,20,1,0.5,1
7,100000,100000,1000,1000,0.1,0.5,20,20,1,0.5,1
9,100000,100000,1000,1000,0.1,0.5,20,20,1,0.9,1
9,100000,100000,1000,1000,0.1,0.5,20,20,1,0.1,1
92,100000,100000,1000,10,0.1,0.5,20,20,1,0.68,1
2,100000,100000,1000,1000,0.1,0.5,20,20,1,0.1,1
14,100000,100000,1000,1000,0.1,0.5,20,20,1,0.1,1
5,100000,100000,1000,1000,0.1,0.5,20,20,1,0.7,1
8,100000,100000,1000,1000,0.1,0.5,20,20,1,0.9,1
14,100000,100000,1000,1000,0.1,0.5,20,20,1,0.5,1
9,100000,100000,1000,1000,0.1,0.5,20,20,1,0.9,1
8,100000,100000,1000,1000,0.1,0.5,20,20,1,0.9,1
6,100000,100000,1000,1000,0.1,0.5,20,20,1,0.9,1
13,100000,100000,1000,1000,0.1,0.5,20,20,1,0.3,1
8,100000,100000,1000,1000,0.1,0.5,20,20,1,0.9,1
5,100000,100000,1000,1000,0.1,0.5,20,20,1,0.1,1
6,100000,100000,1000,1000,0.1,0.5,20,20,1,0.5,1
5,100000,100000,1000,1000,0.1,0.5,20,20,1,0.3,1
7,100000,100000,1000,1000,0.1,0.5,20,20,1,0.7,1
54,10000000,10000000,10000,1000000,0.1,1,50,50,1,0.5,1
3,100000,100000,1000,1000,0.1,0.5,20,20,1,0.1,1
4,100000,100000,1000,1000,0.1,0.5,20,20,1,0.1,1
4,100000,100000,1000,1000,0.1,0.5,20,20,1,0.1,1
5,100000,100000,1000,1000,0.1,0.5,20,20,1,0.1,1
7,100000,100000,1000,1000,0.1,0.5,20,20,1,0.1,1
5,100000,100000,1000,1000,0.1,0.5,20,20,1,0.1,1
31,100000,100000,1000,1000,0.1,0.5,20,20,1,0.5,1
4,100000,100000,1000,1000,0.1,0.5,20,20,1,0.3,1
6,100000,100000,1000,1000,0.1,0.5,20,20,1,0.9,1
9,100000,100000,1000,1000,0.1,0.5,20,20,1,0.9,1
6,100000,100000,1000,1000,0.1,0.5,20,20,1,0.3,1
6,100000,100000,1000,1000,0.1,0.5,20,20,1,0.5,1
6,100000,100000,1000,1000,0.1,0.5,20,20,1,0.3,1
8,100000,100000,1000,1000,0.1,0.5,20,20,1,0.7,1
5,100000,100000,1000,1000,0.1,0.5,20,20,1,0.5,1
5,100000,100000,1000,1000,0.1,0.5,20,20,1,0.9,1
65,1000,1000,100,100,0.1,1,20,20,1,0.1,1
8,100000,100000,1000,1000,0.1,0.5,20,20,1,0.9,1
14,100000,100000,1000,1000,0.1,0.5,20,20,1,0.7,1
5,100000,100000,1000,1000,0.1,0.5,20,20,1,0.3,1
9,100000,100000,1000,1000,0.1,0.5,20,20,1,0.5,1
3,100000,100000,1000,1000,0.1,0.5,20,20,1,0.5,1
6,100000,100000,1000,1000,0.1,0.5,20,20,1,0.5,1
8,100000,100000,1000,1000,0.1,0.5,20,20,1,0.7,1
4,100000,100000,1000,1000,0.1,0.5,20,20,1,0.5,1
67,100000,100000,1000,1000,0.1,0.5,20,20,1,0.5,1
3,100000,100000,1000,1000,0.1,0.5,20,20,1,0.1,1
6,100000,100000,1000,1000,0.1,0.5,20,20,1,0.3,1
4,100000,100000,1000,1000,0.1,0.5,20,20,1,0.1,1
7,100000,100000,1000,1000,0.1,0.5,20,20,1,0.5,1
5,100000,100000,1000,1000,0.1,0.5,20,20,1,0.1,1
7,100000,100000,1000,1000,0.1,0.5,20,20,1,0.7,1
6,100000,100000,1000,1000,0.1,0.5,20,20,1,0.1,1
21,100000,100000,1000,1000,0.1,0.5,20,20,1,0.3,1
23,100000,100000,1000,1000,0.1,0.5,20,20,1,0.5,1
11,100000,100000,1000,1000,0.1,0.5,20,20,1,0.9,1
3,100000,100000,1000,1000,0.1,0.5,20,20,1,0.1,1
10,100000,100000,1000,1000,0.1,0.5,20,20,1,0.5,1
13,100000,100000,1000,1000,0.1,0.5,20,20,1,0.1,1
23,100000,100000,1000,1000,0.1,0.5,20,20,1,0.9,1
6,100000,100000,1000,1000,0.1,0.5,20,20,1,0.3,1
3,100000,100000,1000,1000,0.1,0.5,20,20,1,0.1,1
6,100000,100000,1000,1000,0.1,0.5,20,20,1,0.9,1
7,100000,100000,1000,1000,0.1,0.5,20,20,1,0.7,1
6,100000,100000,1000,1000,0.1,0.5,20,20,1,0.3,1
9,100000,100000,1000,1000,0.1,0.5,20,20,1,0.5,1
5,100000,100000,1000,1000,0.1,0.5,20,20,1,0.1,1
15,100000,100000,1000,1000,0.1,0.5,20,20,1,0.9,1
3,100000,100000,1000,1000,0.1,0.5,20,20,1,0.1,1
5,100000,100000,1000,1000,0.1,0.5,20,20,1,0.3,1
11,100000,100000,1000,1000,0.1,0.5,20,20,1,0.7,1
8,100000,100000,1000,1000,0.1,0.5,20,20,1,0.1,1
8,100000,100000,1000,1000,0.1,0.5,20,20,1,0.5,1
6,100000,100000,1000,1000,0.1,0.5,20,20,1,0.7,1
14,100000,100000,1000,1000,0.1,0.5,20,20,1,0.5,1
7,100000,100000,1000,1000,0.1,0.5,20,20,1,0.7,1
8,100000,100000,1000,1000,0.1,0.5,20,20,1,0.7,1
19,100000,100000,1000,1000,0.1,0.5,20,20,1,0.9,1
7,100000,100000,1000,1000,0.1,0.5,20,20,1,0.5,1
10,100000,100000,1000,1000,0.1,0.5,20,20,1,0.7,1
4,100000,100000,1000,1000,0.1,0.5,20,20,1,0.3,1
6,100000,100000,1000,1000,0.1,0.5,20,20,1,0.3,1
6,100000,100000,1000,1000,0.1,0.5,20,20,1,0.5,1
7,100000,100000,1000,1000,0.1,0.5,20,20,1,0.9,1
25,100000,100000,1000,1000,0.1,0.5,20,20,1,0.9,1
5,100000,100000,1000,1000,0.1,0.5,20,20,1,0.7,1
8,100000,100000,1000,1000,0.1,0.5,20,20,1,0.7,1
5,100000,100000,1000,1000,0.1,0.5,20,20,1,0.7,1
8,100000,100000,1000,1000,0.1,0.5,20,20,1,0.7,1
32,10000000,10000000,10000,100000,0.1,1,50,50,1,0.2,1
4,100000,100000,1000,1000,0.1,0.5,20,20,1,0.3,1
11,100000,100000,1000,1000,0.1,0.5,20,20,1,0.5,1
19,100000,100000,1000,1000,0.1,0.5,20,20,1,0.7,1
20,100000,100000,1000,1000,0.1,0.5,20,20,1,0.5,1
4,100000,100000,1000,1000,0.1,0.5,20,20,1,0.3,1
10,100000,100000,1000,1000,0.1,0.5,20,20,1,0.3,1
7,100000,100000,1000,1000,0.1,0.5,20,20,1,0.7,1
9,100000,100000,1000,1000,0.1,0.5,20,20,1,0.1,1
5,100000,100000,1000,1000,0.1,0.5,20,20,1,0.5,1
19,100000,100000,1000,1000,0.1,0.5,20,20,1,0.5,1
9,100000,100000,1000,1000,0.1,0.5,20,20,1,0.7,1
4,100000,100000,1000,1000,0.1,0.5,20,20,1,0.3,1
21,100000,100000,1000,1000,0.1,0.5,20,20,1,0.7,1
9,100000,100000,1000,1000,0.1,0.5,20,20,1,0.5,1
8,100000,100000,1000,1000,0.1,0.5,20,20,1,0.5,1
9,100000,100000,1000,1000,0.1,0.5,20,20,1,0.9,1
7,100000,100000,1000,1000,0.1,0.5,20,20,1,0.5,1
7,100000,100000,1000,1000,0.1,0.5,20,20,1,0.3,1
5,100000,100000,1000,1000,0.1,0.5,20,20,1,0.3,1
9,100000,100000,1000,1000,0.1,0.5,20,20,1,0.9,1
18,100000,100000,1000,1000,0.1,0.5,20,20,1,0.5,1
11,100000,100000,1000,1000,0.1,0.5,20,20,1,0.1,1
4,100000,100000,1000,1000,0.1,0.5,20,20,1,0.5,1
7,100000,100000,1000,1000,0.1,0.5,20,20,1,0.1,1
7,100000,100000,1000,1000,0.1,0.5,20,20,1,0.5,1
3,100000,100000,1000,1000,0.1,0.5,20,20,1,0.1,1
6,100000,100000,1000,1000,0.1,0.5,20,20,1,0.7,1
6,100000,100000,1000,1000,0.1,0.5,20,20,1,0.7,1
14,100000,100000,1000,1000,0.1,0.5,20,20,1,0.9,1
67,100000,100000,1000,1000,0.1,0.5,20,20,1,0.1,1
5,100000,100000,1000,1000,0.1,0.5,20,20,1,0.5,1
11,100000,100000,1000,1000,0.1,0.5,20,20,1,0.9,1
9,100000,100000,1000,1000,0.1,0.5,20,20,1,0.5,1
3,100000,100000,1000,1000,0.1,0.5,20,20,1,0.5,1
23,20000000,20000000,100000,2000000,0.1,1,50,50,0.1,0.5,1
6,100000,100000,1000,1000,0.1,0.5,20,20,1,0.7,1
18,100000,100000,1000,1000,0.1,0.5,20,20,1,0.5,1
20,100000,100000,1000,1000,0.1,0.5,20,20,1,0.9,1
8,100000,100000,1000,1000,0.1,0.5,20,20,1,0.9,1
7,100000,100000,1000,1000,0.1,0.5,20,20,1,0.9,1
5,10000000,10000000,10000,100000,0.1,1,50,50,0.3,0.6,1
6,100000,100000,1000,1000,0.1,0.5,20,20,1,0.1,1
10,100000,100000,1000,1000,0.1,0.5,20,20,1,0.1,1
13,100000,100000,1000,1000,0.1,0.5,20,20,1,0.1,1
4,100000,100000,1000,1000,0.1,0.5,20,20,1,0.3,1
5,100000,100000,1000,1000,0.1,0.5,20,20,1,0.1,1
7,100000,100000,1000,1000,0.1,0.5,20,20,1,0.3,1
4,100000,100000,1000,1000,0.1,0.5,20,20,1,0.3,1
8,100000,100000,1000,1000,0.1,0.5,20,20,1,0.7,1
150,10000000,10000000,10000,1000000,0.1,1,50,50,30,0.6,1
45,5000000,5000000,10000,1000000,0.1,1,50,50,1,0.5,1
7,100000,100000,1000,1000,0.1,0.5,20,20,1,0.5,1
11,100000,100000,1000,1000,0.1,0.5,20,20,1,0.5,1
5,100000,100000,1000,1000,0.1,0.5,20,20,1,0.9,1
4,100000,100000,1000,1000,0.1,0.5,20,20,1,0.3,1
8,100000,100000,1000,1000,0.1,0.5,20,20,1,0.5,1
14,100000,100000,1000,1000,0.1,0.5,20,20,1,0.3,1
11,100000,100000,1000,1000,0.1,0.5,20,20,1,0.3,1
9,100000,100000,1000,1000,0.1,0.5,20,20,1,0.5,1
6,100000,100000,1000,1000,0.1,0.5,20,20,1,0.3,1
6,100000,100000,1000,1000,0.1,0.5,20,20,1,0.9,1
94,10000000,10000000,10000,100000,0.1,1,50,50,1.4,0.6,1
7,100000,100000,1000,1000,0.1,0.5,20,20,1,0.9,1
10,10000000,10000000,10000,100000,0.1,1,50,50,1,0.1,1
5,100000,100000,1000,1000,0.1,0.5,20,20,1,0.5,1
90,10000000,10000000,10000,100000,0.1,1,50,50,2.5,0.6,1
10,100000,100000,1000,1000,0.1,0.5,20,20,1,0.9,1
9,100000,100000,1000,1000,0.1,0.5,20,20,1,0.5,1
24,100000,100000,1000,1000,0.1,0.5,20,20,1,0.7,1
483,100000,100000,1000,1000,0.1,0.5,20,20,1,0.7,1
5,100000,100000,1000,1000,0.1,0.5,20,20,1,0.3,1
13,100000,100000,1000,1000,0.1,0.5,20,20,1,0.5,1
6,100000,100000,1000,1000,0.1,0.5,20,20,1,0.3,1
7,100000,100000,1000,1000,0.1,0.5,20,20,1,0.1,1
10,100000,100000,1000,1000,0.1,0.5,20,20,1,0.7,1
9,100000,100000,1000,1000,0.1,0.5,20,20,1,0.5,1
3,100000,100000,1000,1000,0.1,0.5,20,20,1,0.5,1
10,100000,100000,1000,1000,0.1,0.5,20,20,1,0.5,1
16,100000,100000,1000,1000,0.1,0.5,20,20,1,0.7,1
8,100000,100000,1000,1000,0.1,0.5,20,20,1,0.5,1
4,100000,100000,1000,1000,0.1,0.5,20,20,1,0.3,1
18,100000,100000,1000,1000,0.1,0.5,20,20,1,0.9,1
13,100000,100000,1000,1000,0.1,0.5,20,20,1,0.1,1
7,100000,100000,1000,1000,0.1,0.5,20,20,1,0.9,1
8,100000,100000,1000,1000,0.1,0.5,20,20,1,0.5,1
9,100000,100000,1000,1000,0.1,0.5,20,20,1,0.5,1
27,100000,100000,1000,1000,0.1,0.5,20,20,1,0.9,1
8,100000,100000,1000,1000,0.1,0.5,20,20,1,0.1,1
12,100000,100000,1000,1000,0.1,0.5,20,20,1,0.5,1
5,100000,100000,1000,1000,0.1,0.5,20,20,1,0.1,1
5,100000,100000,1000,1000,0.1,0.5,20,20,1,0.1,1
6,100000,100000,1000,1000,0.1,0.5,20,20,1,0.9,1
9,100000,100000,1000,1000,0.1,0.5,20,20,1,0.3,1
6,100000,100000,1000,1000,0.1,0.5,20,20,1,0.2,1
3,100000,100000,1000,1000,0.1,0.5,20,20,1,0.5,1
18,100000,100000,1000,1000,0.1,0.5,20,20,1,0.3,1
52,10000000,10000000,10000,1000000,0.1,1,50,50,2,0.5,1
7,100000,100000,1000,1000,0.1,0.5,20,20,1,0.3,1
4,100000,100000,1000,1000,0.1,0.5,20,20,1,0.5,1
11,100000,100000,1000,1000,0.1,0.5,20,20,1,0.9,1
15,100000,100000,1000,1000,0.1,0.5,20,20,1,0.3,1
7,100000,100000,1000,1000,0.1,0.5,20,20,1,0.9,1
4,100000,100000,1000,1000,0.1,0.5,20,20,1,0.3,1
5,100000,100000,1000,1000,0.1,0.5,20,20,1,0.5,1
9,100000,100000,1000,1000,0.1,0.5,20,20,1,0.9,1
15,100000,100000,1000,1000,0.1,0.5,20,20,1,0.3,1
28,100000,100000,1000,1000,0.1,0.5,20,20,1,0.5,1
14,100000,100000,1000,1000,0.1,0.5,20,20,1,0.7,1
6,100000,100000,1000,1000,0.1,0.5,20,20,1,0.1,1
4,100000,100000,1000,1000,0.1,0.5,20,20,1,0.3,1
6,100000,100000,1000,1000,0.1,0.5,20,20,1,0.5,1
14,100000,100000,1000,1000,0.1,0.5,20,20,1,0.5,1
11,100000,100000,1000,1000,0.1,0.5,20,20,1,0.5,1
52,100000,100000,1000,1000,0.1,0.5,20,20,1,0.1,1
5,100000,100000,1000,1000,0.1,0.5,20,20,1,0.1,1
12,100000,100000,1000,1000,0.1,0.5,20,20,1,0.3,1
10,100000,100000,1000,1000,0.1,0.5,20,20,1,0.9,1
6,100000,100000,1000,1000,0.1,0.5,20,20,1,0.7,1
9,100000,100000,1000,1000,0.1,0.5,20,20,1,0.5,1
2,100000,100000,1000,1000,0.1,0.5,20,20,1,0.1,1
3,100000,100000,1000,1000,0.1,0.5,20,20,1,0.1,1
6,100000,100000,1000,1000,0.1,0.5,20,20,1,0.5,1
