runtime,in01,in02,in03,in04,in05,in06,in07,in08,in09,in10,in11,in12,in13,in14
771,0,2000,1250,0.01,-366,-330,-360,-330,50,80,50,80,25,25
597,200,2000,1100,0.01,-360,-330,-360,-330,50,80,60,80,0,0
624,0,2000,1250,0.01,-360,-330,-360,-330,50,80,60,80,15,0
645,0,2000,1400,0.01,-360,-330,-360,-330,50,80,60,80,0,0
632,0,2000,1250,0.01,-360,-330,-360,-330,50,80,60,80,0,0
724,0,2000,1250,0.01,-384,-360,-360,-330,70,90,50,80,-30,-20
622,0,2000,900,0.01,-360,-330,-360,-330,50,80,60,80,0,0
629,0,2000,750,0.01,-360,-330,-360,-330,50,80,60,80,0,0
626,0,2000,1250,0.01,-360,-330,-360,-330,50,80,50,70,30,20
588,0,2000,1000,0.01,-360,-330,-360,-330,50,80,50,70,30,-30
724,0,2000,1250,0.01,-366,-330,-360,-330,50,80,60,90,40,30
609,0,2000,1250,0.01,-374,-350,-360,-330,50,70,50,80,20,30
709,0,2000,1250,0.01,-360,-324,-360,-330,50,80,40,70,20,20
619,0,2000,1250,0.01,-360,-330,-360,-330,300,500,360,500,15,0
652,0,2000,1250,0.01,-360,-330,-360,-330,50,75,60,90,60,0
613,0,2000,1250,0.01,-360,-330,-360,-330,50,80,60,80,0,0
732,0,2000,700,0.01,-360,-330,-360,-330,50,80,60,80,0,0
664,0,2000,1250,0.01,-360,-330,-360,-330,60,80,60,80,40,20
617,0,2000,1250,0.01,-360,-330,-360,-330,50,80,50,70,0,0
630,0,2000,1600,0.01,-360,-330,-360,-330,50,80,60,80,0,0
729,0,2000,1200,0.01,-360,-330,-354,-330,50,80,60,80,-20,-20
574,0,2000,1250,0.01,-360,-330,-360,-330,50,80,50,70,0,0
651,0,2000,1250,0.01,-360,-330,-360,-330,50,80,60,80,-20,0
701,0,2000,1100,0.01,-366,-330,-350,-330,50,80,60,80,11,-2
591,0,2000,1250,0.01,-374,-350,-360,-330,50,70,50,80,20,20
663,0,2000,500,0.01,-360,-330,-360,-330,50,80,60,80,0,0
676,0,2000,1250,0.01,-400,-376,-380,-340,60,80,40,80,50,10
640,0,2000,1200,0.01,-360,-330,-360,-330,50,80,60,80,15,10
605,0,2000,1250,0.01,-374,-350,-360,-330,50,70,50,80,5,5
671,0,2000,1250,0.01,-360,-330,-360,-330,80,60,80,60,0,0
623,0,2000,1250,0.01,-360,-330,-360,-330,50,80,50,70,0,0
625,0,2000,1250,0.01,-360,-330,-360,-330,50,80,70,100,0,0
815,0,2000,700,0.01,-360,-330,-360,-330,60,80,50,80,25,-25
687,0,2000,1200,0.01,-360,-330,-354,-330,50,80,60,80,-10,20
594,0,2000,900,0.01,-360,-324,-360,-340,50,80,50,70,20,0.515
606,0,2000,1250,0.01,-420,-300,-440,-400,50,60,50,55,0,0
603,0,2000,1250,0.01,-360,-330,-360,-330,50,80,60,80,100,-100
665,0,2000,1250,0.01,-360,-330,-360,-330,50,80,60,80,3,2
760,0,2000,1600,0.01,-360,-330,-360,-330,50,80,60,80,0,0
830,0,2000,1200,0.01,-360,-330,-360,-330,50,80,60,80,90,60
744,0,2000,1250,0.01,-366,-330,-360,-330,50,80,50,80,20,20
572,0,2000,1250,0.01,-360,-330,-360,-330,50,80,60,80,30,20
616,0,2000,850,0.01,-360,-330,-360,-330,55,80,60,80,15,0
604,0,2000,1250,0.01,-360,-330,-360,-330,50,80,50,70,0,0
658,0,2000,1000,0.01,-366,-330,-360,-340,50,80,60,80,0,15
600,0,2000,1250,0.01,-360,-330,-360,-330,50,80,50,70,0,0
657,0,2000,800,0.01,-360,-330,-360,-330,50,80,60,80,0,0
629,0,2000,1250,0.01,0,100,50,120,30,70,80,120,0,0
607,0,2000,1250,0.01,-360,-330,-360,-330,50,80,50,70,0,0
720,0,2000,900,0.01,12,10,13,12,10,7.23,13,10,0,0
758,0,2000,2000,0.01,-360,-330,-360,-330,50,80,60,80,0,0
877,0,2000,1250,0.01,-360,-330,-360,-330,50,80,60,70,0,0
667,0,2000,1250,0.01,-374,-350,-360,-330,50,70,50,80,22,20
631,0,2000,1100,0.01,-360,-330,-360,-330,55,80,50,80,10,-10
653,0,2000,800,0.01,-360,-330,-360,-330,55,80,60,80,50,0
635,0,2000,500,0.01,-360,-330,-360,-330,50,80,50,70,0,0
596,0,2000,15000,0.01,-360,-330,-360,-330,50,80,60,80,0,0
592,0,2000,1250,0.01,-360,-330,-360,-330,50,80,60,80,30,-20
717,0,2000,750,0.01,-360,-330,-360,-330,50,80,60,80,-20,0
702,0,2000,750,0.01,-360,-330,-360,-330,50,80,60,80,0,0
664,0,2000,1400,0.01,-360,-330,-360,-330,50,80,60,80,0,0
705,0,2000,1100,0.01,-366,-330,-350,-330,50,80,60,80,10,-20
716,0,2000,1250,0.01,-374,-350,-360,-330,50,70,50,80,13,10
585,0,2000,700,0.01,-206.4403267,-235,-600,-595,-101.2521667,78,27,30,20,0
648,0,2000,1250,0.01,-300,-420,-400,-440,60,50,55,50,0,0
685,0,2000,800,0.01,-360,-330,-360,-330,55,80,60,80,10,0
642,0,2000,1250,0.01,-360,-330,-360,-330,50,80,60,80,15000,0
686,0,2000,800,0.01,-360,-330,-360,-330,55,80,60,80,50,-10
662,0,2000,1000,0.01,-366,-330,-360,-340,50,80,60,80,0,20
629,0,2000,1250,0.01,-336,-300,-320,-300,50,80,60,80,30,20
584,0,2000,1600,0.01,-360,-330,-360,-330,50,80,60,80,0,0
718,0,2000,1100,0.01,-366,-330,-350,-330,50,80,60,80,13,-2
682,0,2000,1250,0.01,-400,-340,-400,-340,40,90,40,100,10,40
643,0,2000,1250,0.01,-360,-330,-360,-330,50,80,50,70,10,10
541,200,2000,700,0.01,-360,-330,-360,-330,50,80,60,80,0,0
641,0,2000,1250,0.01,-360,-330,-360,-330,50,80,60,80,30,20
645,0,2000,1250,0.01,-360,-330,-360,-330,50,80,60,80,30,-20
754,0,2000,1250,0.01,-360,-330,-360,-330,50,80,60,80,-20,30
645,0,2000,800,0.01,-360,-330,-360,-330,50,80,60,80,0,0
733,0,2000,1100,0.01,-366,-330,-350,-330,50,80,60,80,30,-70
618,0,2000,1250,0.01,-360,-330,-360,-330,50,80,60,80,0,-20
636,0,2000,800,0.01,-360,-330,-360,-330,55,80,60,80,30,-10
588,0,2000,800,0.01,-360,-330,-360,-330,55,80,60,80,15,0
648,0,2000,1260,0.01,-360,-330,-360,-330,50,80,60,80,0,0
475,0,1400,1250,0.01,-360,-330,-360,-330,50,80,60,80,0,0
561,0,1500,1100,0.01,-342,-330,-340,-330,70,80,70,80,15,0
647,0,2000,1250,0.01,-360,-330,-360,-330,50,80,50,70,0,10000
721,0,2000,1100,0.01,-366,-330,-350,-330,50,80,60,80,14,-2
691,0,2000,1250,0.01,-360,-330,-360,-330,50,80,60,80,0,0
655,0,2000,1250,0.01,-360,-330,-360,-330,50,80,50,70,0,0
719,0,2000,1250,0.01,-360,-330,-360,-330,50,80,60,80,20,-10
734,0,2000,1100,0.01,-366,-330,-350,-330,50,80,60,80,30,10
596,0,2000,1250,0.01,-360,-330,-360,-330,50,80,60,80,30,20
558,300,2000,600,0.01,-360,-330,-360,-330,50,80,60,80,15,0
735,0,2000,1250,0.01,-360,-330,-360,-330,50,80,60,80,20,-10
693,0,2000,1750,0.01,-360,-330,-360,-330,50,80,60,80,0,0
703,0,2000,1250,0.01,-360,-330,-360,-330,50,80,60,80,30,20
587,0,2000,1250,0.01,-360,-330,-360,-330,50,80,60,80,30,-20
650,0,2000,1200,0.01,-360,-330,-360,-330,50,80,60,80,10,20
658,0,2000,750,0.01,-360,-330,-360,-330,50,80,60,80,0,0
652,0,2000,1250,0.01,-360,-330,-360,-330,60,80,50,80,50,30
802,0,2000,1250,0.01,-360,-330,-360,-330,55,80,50,80,10,20
607,0,2000,1250,0.01,-360,-330,-360,-330,50,80,60,80,30,40
619,0,2000,1800,0.01,-360,-330,-360,-330,50,80,50,70,0,0
636,0,2000,1300,0.01,-360,-330,-360,-330,55,80,60,80,15,0
608,0,2000,1250,0.01,-360,-330,-360,-330,50,80,60,80,30,20
670,0,2000,1200,0.01,-360,-330,-354,-330,50,80,60,80,-10,-10
713,0,2000,1100,0.01,-366,-330,-350,-330,50,80,60,80,20,0
618,0,2000,1250,0.01,-400,-340,-400,-340,40,90,40,100,25,30
672,0,2000,1250,0.01,-360,-330,-360,-330,50,80,60,80,100,0
685,0,2000,1250,0.01,-360,-330,-360,-330,50,80,60,80,30,20
656,0,2000,1250,0.01,-360,-330,-360,-330,50,80,60,80,30,20
660,0,2000,1700,0.01,-360,-330,-360,-330,50,80,60,80,0,0
601,0,2000,1250,0.01,-360,-330,-360,-330,50,80,60,80,10,0
588,0,2000,1250,0.01,-360,-336,-360,-340,30,50,40,60,30,-20
629,0,2000,1250,0.01,-360,-330,-360,-330,50,80,60,80,30,20
626,0,2000,1100,0.01,-360,-330,-360,-330,55,80,50,80,10,-5
692,0,2000,1250,0.01,-360,-330,-360,-330,50,80,60,80,0,0
651,0,2000,1250,0.01,-360,-330,-360,-330,50,75,50,80,0,5
163,800,1200,1050,0.01,-360,-330,-360,-330,50,80,60,80,0,0
606,0,2000,1250,0.01,-300,-240,-200,-150,50,100,10,56,30,20
413,200,1500,500,0.01,-360,-330,-360,-330,50,80,60,80,30000,20000
589,0,2000,1250,0.01,-360,-330,-360,-330,50,80,50,70,10,10
649,0,2000,1250,0.01,-360,-330,-360,-330,50,80,50,70,0,0
591,0,2000,1295,0.01,-360,-330,-360,-330,50,80,60,80,0,0
688,0,2000,1250,0.01,-360,-330,-360,-330,50,80,60,70,0,-50
621,0,2000,1250,0.01,-400,-376,-380,-340,60,80,40,80,15,10
698,0,2000,1200,0.01,-360,-330,-360,-330,50,80,60,80,30,20
791,0,2000,1250,0.01,-360,-330,-360,-330,50,80,70,90,0,0
694,0,2000,900,0.01,-360,-330,-360,-330,50,80,60,80,0,0
576,300,2000,1400,0.01,-360,-330,-360,-330,50,80,60,80,15,0
647,0,2000,1250,0.01,-360,-330,-360,-330,50,75,50,80,0,20
722,0,2000,1250,0.01,-360,-330,-360,-330,50,80,60,80,40,0
613,0,2000,1800,0.01,-360,-330,-360,-330,50,80,60,80,0,0
614,0,2000,1250,0.01,-360,-330,-360,-330,50,80,50,70,50,0
630,0,2000,1250,0.01,-360,-330,-360,-330,60,80,50,80,30,20
643,0,2000,1100,0.01,-360,-330,-360,-330,55,80,50,80,10,-2
669,0,2000,1250,0.01,-12,-12,-10,-10,10,10,10,10,15,0
651,0,2000,1250,0.01,-360,-330,-360,-330,50,80,60,80,0,0
740,0,2000,1250,0.01,-360,-330,-360,-330,50,80,60,80,0,0
667,0,2000,1250,0.01,-360,-330,-360,-330,50,75,50,80,15,15
652,0,2000,1500,0.01,-360,-330,-360,-330,50,80,50,70,0,0
747,0,2000,1250,0.01,-360,-324,-360,-330,50,80,40,70,15,0
717,0,2000,1250,0.01,-360,-330,-354,-330,50,80,60,80,0,-20
710,0,2000,1250,0.01,-360,-330,-360,-330,50,80,60,80,-30,0
812,0,2000,1250,0.01,-360,-330,-360,-330,50,80,50,70,0,0
724,0,2000,1250,0.01,-360,-330,-360,-330,50,80,60,80,30,-30
628,0,2000,1100,0.01,-366,-330,-340,-330,50,80,60,80,-1,-2
690,0,2000,1250,0.01,-360,-330,-360,-330,50,80,60,80,0,0
741,0,2000,1250,0.01,-360,-330,-360,-330,50,80,60,80,40,30
654,0,2000,1250,0.01,-360,-330,-360,-330,50,75,50,80,19,19
686,0,2000,1250,0.01,-360,-330,-360,-330,50,80,50,70,0,0
761,0,2000,1000,0.01,-360,-330,-360,-330,50,80,60,80,0,0
641,0,2000,1250,0.01,-360,-330,-354,-330,50,80,60,80,-10,-20
772,0,2000,1250,0.01,-360,-330,-360,-330,50,80,60,80,0,0
678,0,2000,1250,0.01,-366,-330,-346,-330,50,80,50,70,0,0
3,0,2000,1250,0.01,-360,-330,-360,-330,50,80,50,70,0,0
568,0,2000,500,0.01,-260,-235,-600,-595,60,78,27,30,20,0
629,0,2000,1250,0.01,-360,-330,-360,-330,50,80,50,70,0,1500
640,0,2000,200,0.01,-360,-330,-360,-330,50,80,60,80,0,0
685,0,2000,1250,0.01,-360,-330,-360,-330,50,80,60,80,0,0
707,0,2000,1100,0.01,-366,-330,-350,-330,50,80,60,80,10,10
596,0,2000,1250,0.01,-360,-330,-360,-330,50,80,60,80,0,0
799,0,2000,1250,0.01,-360,-330,-360,-330,50,80,60,80,-1,1
599,0,2000,1100,0.01,-360,-330,-360,-330,50,75,50,80,30,0
745,0,2000,1250,0.01,-360,-330,-360,-330,50,80,60,80,20,-20
855,0,2000,1250,0.01,-360,-330,-360,-330,60,85,50,80,40,20
598,0,2000,1250,0.01,-360,-330,-360,-330,50,80,50,70,0,0
581,300,2000,1000,0.01,-360,-330,-360,-330,50,80,60,80,30,20
692,0,2000,1450,0.01,-360,-330,-360,-330,50,80,60,80,0,0
594,0,2000,500,0.01,-360,-330,-360,-330,50,80,60,80,0,0
711,0,2000,1250,0.01,-602,-557,-635,-557,50,80,40,80,30,20
711,0,2000,1200,0.01,-360,-330,-354,-330,50,80,60,80,20,-10
636,0,2000,1250,0.01,-360,-330,-360,-330,50,80,60,80,0,-20000
646,0,2000,1250,0.01,-360,-330,-360,-330,50,80,50,70,5,0
672,0,2000,300,0.01,-360,-330,-360,-330,50,80,60,80,0,0
645,0,2000,1500,0.01,-360,-330,-360,-330,50,80,60,80,0,0
3,0,2000,1250,0.01,-360,-330,-360,-330,50,80,50,70,0,0
699,0,2000,1250,0.01,-640,-550,-600,-550,40,80,50,80,30,20
724,0,2000,1250,0.01,-360,-330,-360,-330,50,80,60,70,30,-20
630,0,2000,600,0.01,-360,-324,-360,-340,50,80,50,70,2000,1950
633,0,2000,800,0.01,-360,-330,-360,-330,50,80,60,80,0,0
615,0,2000,1250,0.01,-360,-330,-360,-330,50,80,60,80,0,0
812,0,2000,1250,0.01,-360,-330,-360,-330,50,80,60,80,70,20
723,0,2000,1250,0.01,-366,-330,-360,-330,50,80,50,80,20,25
647,0,2000,1100,0.01,-60,-96,-60,-80,50,80,60,80,15,-15
745,0,2000,1100,0.01,-366,-330,-350,-330,50,80,60,80,30,-20
661,0,2000,1250,0.01,-374,-350,-360,-330,50,70,50,80,31,10
724,0,2000,1250,0.01,-360,-330,-360,-330,50,80,60,90,15,12
621,0,2000,1100,0.01,-300,-270,-360,-330,40,65,50,80,10,-5
774,0,2000,1250,0.01,-360,-330,-360,-330,50,80,60,80,30,20
704,0,2000,1250,0.01,-360,-330,-360,-330,65,80,50,80,0,-20
601,0,2000,1250,0.01,-366,-320,-360,-330,50,80,50,80,15,-10
696,0,2000,750,0.01,-360,-330,-360,-330,50,80,60,80,20,-30
549,300,2000,400,0.01,-360,-330,-360,-330,50,80,60,80,15,0
602,0,2000,700,0.01,-360,-330,-360,-330,55,80,60,80,15,0
645,0,2000,1250,0.01,-360,-330,-360,-330,50,80,60,80,0,0
607,0,2000,1250,0.01,-360,-330,-360,-330,50,80,55,80,0,20
653,0,2000,1750,0.01,-360,-330,-360,-330,50,80,60,80,0,0
609,0,2000,900,0.01,-360,-330,-360,-330,50,80,60,80,0,0
705,0,2000,1250,0.01,-360,-330,-360,-330,50,80,60,80,0,0
696,0,2000,1600,0.01,-360,-330,-360,-330,50,80,60,80,0,0
713,0,2000,1250,0.01,-336,-330,-350,-330,50,80,60,80,10,10
728,0,2000,1900,0.01,-360,-330,-360,-330,50,80,60,80,0,0
708,0,2000,1000,0.01,-360,-330,-360,-330,70,80,60,80,20,-20
591,0,2000,1250,0.01,-360,-330,-360,-330,50,80,60,80,30,20
610,0,2000,1250,0.01,-400,-340,-400,-340,40,90,40,100,25,60
670,0,2000,1250,0.01,-360,-330,-360,-330,50,80,60,80,1500,0
600,0,2000,1000,0.01,50,100,30,100,50,30,40,30,0,100
736,0,2000,1250,0.01,-360,-330,-360,-330,50,80,60,80,0,0
1120,0,2000,1250,0.01,-360,-330,-360,-330,50,80,60,80,30,20
6,0,2000,1250,0.01,-360,-330,-360,-330,50,80,50,70,0,0
663,0,2000,1650,0.01,-360,-330,-360,-330,50,80,60,80,0,0
656,0,2000,1250,0.01,-360,-330,-354,-330,50,80,60,80,-10,-20
626,0,2000,1250,0.01,-360,-330,-360,-330,50,80,60,80,30,20
768,0,2000,1250,0.01,-366,-330,-350,-330,50,80,50,70,50,30
684,0,2000,1250,0.01,-360,-330,-360,-330,50,75,50,80,10,10
650,0,2000,1250,0.01,-360,-330,-360,-330,50,80,60,80,30,0
765,0,2000,1250,0.01,-374,-350,-360,-330,50,70,50,80,21,20
629,0,2000,1250,0.01,-374,-350,-360,-330,50,70,50,80,10,5
759,0,2000,1250,0.01,-360,-330,-360,-330,50,80,60,80,30,20
643,0,2000,2000,0.01,-360,-330,-360,-330,50,80,50,70,0,0
674,0,2000,1250,0.01,-360,-330,-360,-330,50,80,60,80,10,20
617,0,2000,1250,0.01,-360,-330,-360,-330,50,80,50,70,25,0
625,0,2000,1250,0.01,0,-330,-330,0,50,80,50,70,-360,0
692,0,2000,700,0.01,-360,-330,-360,-330,50,80,60,80,0,0
823,0,2000,700,0.01,-360,-330,-360,-330,60,80,50,80,30,-20
592,0,2000,1250,0.01,-540,-495,-180,-165,50,80,50,70,40,30
847,0,2000,1250,0.01,-360,-330,-360,-330,50,80,50,70,-100,0
743,0,2000,1250,0.01,-374,-350,-360,-330,50,70,50,80,27,20
404,300,1600,1000,0.01,-360,-330,-360,-330,50,80,60,80,30,-5
643,0,2000,1250,0.01,-360,-330,-360,-330,50,80,60,80,20,30
710,0,2000,1250,0.01,-360,-330,-360,-330,50,75,60,90,30,0
650,0,2000,1800,0.01,-360,-330,-360,-330,50,80,60,80,0,0
621,0,2000,750,0.01,-360,-330,-360,-330,50,80,60,80,0,0
418,200,1500,1200,0.01,-360,-330,-360,-330,50,80,60,80,30000,20000
619,0,2000,1250,0.01,-360,-330,-360,-330,50,75,60,90,30,-20
622,0,2000,1250,0.01,-360,-330,-360,-330,50,80,60,80,30,20
788,0,2000,750,0.01,-360,-330,-360,-330,50,80,60,80,10,0
766,0,2000,1000,0.01,-360,-330,-360,-330,70,90,60,90,50,-50
687,0,2000,800,0.01,-360,-330,-360,-330,55,80,60,80,20,-10
698,0,2000,1000,0.01,-360,-330,-360,-330,50,80,60,80,30,20
684,0,2000,1250,0.01,-360,-330,-360,-330,50,80,50,70,0,0
734,0,2000,1250,0.01,-360,-330,-360,-330,50,80,60,80,30,20
664,0,2000,1250,0.01,-360,-330,-360,-330,50,75,50,80,0,-5
646,0,2000,1250,0.01,-360,-330,-360,-330,55,80,50,80,15000,0
558,300,2000,1400,0.01,-360,-330,-360,-330,50,80,60,80,30,20
622,0,2000,1100,0.01,-366,-330,-340,-330,50,80,60,80,8,-2
689,0,2000,1250,0.01,-360,-330,-360,-330,50,80,60,80,20000,0
860,0,2000,1250,0.01,-360,-330,-360,-330,50,80,60,80,30,20
721,0,2000,1250,0.01,-360,-330,-360,-330,65,80,50,80,0,0
736,0,2000,1250,0.01,-360,-330,-360,-330,50,75,50,80,0,0
891,0,2000,1250,0.01,-360,-330,-360,-330,50,80,60,80,20000,-500
619,0,2000,1275,0.01,-360,-330,-360,-330,50,80,60,80,0,0
661,0,2000,1700,0.01,-360,-330,-360,-330,50,80,60,80,0,0
601,0,2000,1550,0.01,-360,-330,-360,-330,50,80,60,80,0,0
1530,0,2000,1250,0.01,-360,-330,-360,-330,50,80,50,70,2000,0
633,0,2000,900,0.01,-10,-10,-360,-330,8.33,8.33,50,80,0,0
595,0,2000,1400,0.01,-360,-330,-360,-330,50,80,60,80,0,0
588,0,2000,1250,0.01,-360,-330,-360,-330,50,55,50,80,30,10
626,0,2000,1250,0.01,-360,-330,-360,-330,50,80,60,80,50,0
725,0,2000,1250,0.01,-336,-300,-320,-300,50,80,60,80,40,10
583,0,2000,1250,0.01,-360,-330,-360,-330,50,80,50,70,60,80
581,0,2000,1250,0.01,-360,-330,-360,-330,50,80,60,80,-100,100
787,0,2000,1800,0.01,-360,-330,-360,-330,50,80,60,80,0,0
591,0,2000,700,0.01,-207.0017,-235,-600,-595,-101.2521667,78,27,30,20,0
639,0,2000,1250,0.01,-360,-324,-360,-330,50,80,50,80,15,-5
688,0,2000,1250,0.01,-360,-330,-360,-330,50,80,60,70,20,-10
618,0,2000,1250,0.01,-360,-330,-360,-330,50,80,50,70,100,0
657,0,2000,900,0.01,-360,-330,-360,-330,50,80,60,80,0,0
645,0,2000,1850,0.01,-360,-330,-360,-330,50,80,60,80,0,0
652,0,2000,1250,0.01,-360,-330,-360,-330,50,80,100,100,0,0
732,0,2000,1500,0.01,-360,-330,-360,-330,50,80,60,80,30,20
594,0,2000,1250,0.01,0,0,0,0,50,80,50,70,-360,-330
631,0,2000,1250,0.01,-360,-330,-360,-330,50,80,50,70,800,800
591,0,2000,900,0.01,-176.7236,-235,-600,-595,-99.91883333,78,27,30,20,0
591,0,2000,1200,0.01,-360,-330,-360,-330,55,80,60,80,15,0
275,1250,2000,1250,0.01,-360,-330,-360,-330,50,80,60,80,0,0
902,0,2000,1100,0.01,-300,-270,-360,-330,40,65,50,80,10,-2
659,0,2000,1250,0.01,-360,-330,-360,-330,50,75,50,80,20,20
620,0,2000,1250,0.01,-360,-330,-360,-330,50,80,60,80,50,0
753,0,2000,1250,0.01,-360,-336,-370,-350,50,70,40,60,20,-20
649,0,2000,1250,0.01,-400,-376,-380,-340,60,80,40,80,40,30
632,0,2000,1250,0.01,-360,-330,-360,-330,50,80,60,80,0,0
664,0,2000,1250,0.01,-360,-330,-360,-330,50,80,50,70,30,-20
685,0,2000,1250,0.01,-360,-330,-354,-330,50,80,60,80,0,20
610,0,2000,1250,0.01,-360,-330,-360,-330,50,80,60,80,30,-20
652,0,2000,1100,0.01,-366,-330,-340,-330,50,80,60,80,11,-2
691,0,2000,1250,0.01,-360,-330,-360,-330,50,75,60,90,0,60
602,0,2000,1100,0.01,-300,-270,-360,-330,55,80,50,80,15,25
753,0,2000,1250,0.01,-360,-330,-360,-330,50,80,60,80,300,300
835,0,2000,750,0.01,-360,-330,-360,-330,50,80,60,80,-20,-10
746,0,2000,1250,0.01,-366,-330,-360,-330,50,80,50,70,15,15
625,0,2000,1250,0.01,-360,-336,-360,-340,30,50,50,70,10,20
647,0,2000,1250,0.01,-360,-330,-360,-330,50,75,50,80,30,0
417,300,1600,400,0.01,-360,-330,-360,-330,50,80,60,80,30,0
606,0,2000,1250,0.01,-360,-330,-360,-330,50,80,60,80,0,0
643,0,2000,1250,0.01,-360,-330,-360,-330,55,80,60,80,30,0
667,0,2000,1250,0.01,-400,-376,-380,-340,60,80,40,80,50,20
607,0,2000,1250,0.01,-360,-330,-360,-330,50,80,50,70,0,900
648,0,2000,1000,0.01,-366,-330,-360,-330,50,80,50,80,20,30
612,0,2000,1250,0.01,-360,-330,-360,-330,80,50,80,50,3,0
7,0,2000,1250,0.01,-360,-330,-360,-330,50,80,50,70,0,0
692,0,2000,1250,0.01,-360,-336,-360,-340,30,50,50,70,30,20
639,0,2000,700,0.01,-360,-330,-360,-330,50,80,60,80,0,0
664,0,2000,1650,0.01,-360,-330,-360,-330,50,80,60,80,0,0
625,0,2000,1100,0.01,-366,-330,-350,-330,50,80,60,80,15,-4
599,0,2000,1250,0.01,-360,-330,-360,-330,50,80,50,70,0,0
598,0,2000,1250,0.01,-360,-330,-360,-330,50,80,60,80,20,-10
653,0,2000,1255,0.01,-360,-330,-360,-330,50,80,60,80,0,0
716,0,2000,1250,0.01,-360,-330,-360,-330,50,80,60,80,30,-30
714,0,2000,500,0.01,-360,-330,-360,-330,50,80,60,80,0,0
1466,0,4000,1250,0.01,-2000,4000,-4500,3500,50,55,55,65,0,0
757,0,2000,1250,0.01,-360,-330,-360,-330,50,80,60,80,0,0
611,0,2000,1250,0.01,-360,-330,-360,-330,50,75,50,80,30,20
626,0,2000,1100,0.01,-300,-270,-360,-330,55,80,50,80,25,15
653,0,2000,1100,0.01,-360,-336,-360,-330,60,80,50,80,30,5
666,0,2000,600,0.01,-360,-330,-360,-330,50,80,60,80,0,0
636,0,2000,1250,0.01,-360,-330,-360,-330,50,80,60,80,30,20
735,0,2000,1250,0.01,-360,-330,-360,-330,50,80,60,80,1000,2000
873,0,2000,1250,0.01,-360,-330,-360,-330,50,80,60,70,0,0
740,0,2000,1100,0.01,-366,-330,-350,-330,50,80,60,80,30,30
781,0,2000,750,0.01,-360,-330,-360,-330,50,80,60,80,30,-30
585,0,2000,1000,0.01,-360,-330,-360,-330,50,80,60,80,0,0
590,0,2000,1250,0.01,-360,-330,-360,-330,50,80,60,80,30,20
625,0,2000,1250,0.01,-360,-330,-360,-330,50,80,60,90,30,20
672,0,2000,1100,0.01,-366,-330,-340,-330,50,80,60,80,13,-2
751,0,2000,1100,0.01,-360,-300,-308,-300,-312,80,70,80,0,-20
717,0,2000,1250,0.01,-360,-330,-360,-330,50,80,50,70,0,0
714,0,2000,1300,0.01,-360,-330,-360,-330,50,80,60,80,30,20
779,0,2000,1250,0.01,-360,-330,-360,-330,50,80,50,80,30,-20
710,0,2000,1250,0.01,-400,-340,-400,-340,40,90,40,100,263.05,263.05
789,0,2000,1250,0.01,-354,-330,-350,-330,60,80,50,70,20,-10
689,0,2000,1200,0.01,-360,-330,-354,-330,50,80,60,80,-10,10
645,0,2000,1250,0.01,-354,-330,-360,-330,50,70,50,80,-30,-20
669,0,2000,1250,0.01,-374,-350,-360,-330,50,70,50,80,33,10
590,0,2000,1250,0.01,-360,-330,-360,-330,50,80,60,80,30,20
592,0,2000,1250,0.01,-360,-330,-360,-330,50,80,50,70,30,-30
713,0,2000,1250,0.01,-360,-330,-360,-330,50,80,60,80,100,200
533,300,2000,1100,0.01,-360,-330,-360,-330,50,80,60,80,15,0
607,0,2000,1250,0.01,-366,-330,-360,-330,50,80,60,90,10,10
921,0,2000,1800,0.01,-400,-424,-360,-390,70,90,60,90,30,-50
698,0,2000,1250,0.01,-366,-330,-360,-330,50,80,50,80,23,23
711,0,2000,1100,0.01,-366,-330,-350,-330,50,80,60,80,20,-60
662,0,2000,1750,0.01,-360,-330,-360,-330,50,80,60,80,0,0
695,0,2000,1250,0.01,-360,-330,-360,-330,50,80,60,80,0,0
609,0,2000,1250,0.01,-360,-324,-360,-330,50,80,40,70,50,0
647,0,2000,1400,0.01,-360,-330,-360,-330,50,80,60,80,0,0
644,0,2000,1250,0.01,-360,-330,-360,-330,50,50.025,60,60.03,30,-20
663,0,2000,274,0.01,-360,-330,-360,-330,50,80,50,70,0,0
702,0,2000,1250,0.01,-400,-340,-400,-340,40,90,40,100,50,100
797,0,2000,1250,0.01,-360,-330,-360,-330,55,80,50,80,30,-20
769,0,2000,500,0.01,-360,-330,-360,-330,50,80,60,80,0,0
611,0,2000,1250,0.01,-360,-330,-360,-330,50,80,50,70,0,0
663,0,2000,1250,0.01,-336,-300,-320,-300,50,80,60,80,30,10
582,0,2000,1250,0.01,-360,-330,-360,-330,50,80,60,80,30000,20000
606,0,2000,1250,0.01,-360,-330,-360,-330,50,80,50,70,0,0
639,0,2000,1250,0.01,-400,-376,-380,-340,60,80,40,80,50,30
587,0,2000,1300,0.01,-360,-330,-360,-330,50,80,60,80,0,0
775,0,2000,1750,0.01,-360,-330,-360,-330,50,80,60,80,0,0
801,0,2000,500,0.01,-360,-330,-360,-330,50,80,60,80,0,0
721,0,2000,1100,0.01,-360,-330,-360,-330,50,80,60,80,30,20
665,0,2000,800,0.01,-360,-330,-360,-330,55,80,60,80,40,-10
622,0,2000,1250,0.01,-360,-330,-360,-330,50,80,60,80,30,20
646,0,2000,1250,0.01,-360,-330,-360,-330,50,80,60,80,0,0
747,0,2000,1100,0.01,-366,-330,-350,-330,50,80,60,80,15,-2
640,0,2000,1100,0.01,-366,-330,-340,-330,50,80,60,80,7,-2
744,0,2000,1250,0.01,-360,-330,-360,-330,50,80,60,80,0,0
746,0,2000,1200,0.01,-360,-330,-354,-330,50,80,60,80,20,-20
715,0,2000,1200,0.01,-360,-330,-360,-330,50,80,60,80,10,10
617,0,2000,1250,0.01,-360,-330,-360,-330,50,80,60,80,30,-20
626,0,2000,1250,0.01,-360,-330,-360,-330,50,80,60,80,0,0
685,0,2000,1100,0.01,-366,-330,-350,-330,50,80,60,80,10,10
652,0,2000,800,0.01,-360,-324,-360,-340,50,80,50,70,0,-29.856
603,0,2000,1250,0.01,-360,-330,-360,-330,50,80,50,70,0,0
579,0,2000,1250,0.01,-360,-330,-360,-330,50,80,60,80,30,20
103,1500,1700,1600,0.01,-360,-330,-360,-330,50,80,60,80,0,0
634,0,2000,1250,0.01,-360,-330,-360,-330,50,80,80,100,0,0
834,0,2000,1250,0.01,-400,-376,-380,-340,60,80,40,80,20,20
726,0,2000,900,0.01,12,10,13,12,10,7.23,13,10,0,0
638,0,2000,1250,0.01,-360,-330,-360,-330,50,80,60,80,30,20
687,0,2000,1100,0.01,-366,-330,-340,-330,50,80,60,80,10,-2
601,0,2000,1285,0.01,-360,-330,-360,-330,50,80,60,80,0,0
596,0,2000,1100,0.01,-300,-270,-360,-330,55,80,50,80,10,3
736,0,2000,1250,0.01,-366,-330,-360,-330,50,80,50,80,18,18
648,0,2000,1250,0.01,-360,-348,-360,-352,50,60,50,58,15,0
607,0,2000,1200,0.01,-360,-330,-360,-330,50,80,50,70,0,0
662,0,2000,1600,0.01,-360,-330,-360,-330,50,80,60,80,0,0
602,0,2000,900,0.01,-260,-235,-600,-595,60,78,27,30,20,0
588,0,2000,1100,0.01,-360,-330,-360,-330,50,75,50,80,20,0
582,0,2000,1100,0.01,-360,-330,-360,-330,50,80,60,80,0,0
615,0,2000,1250,0.01,-360,-324,-360,-330,50,80,40,70,30,-20
743,0,2000,1250,0.01,-360,-330,-360,-330,50,80,60,80,20,0
738,0,2000,1500,0.01,-360,-330,-360,-330,50,80,60,80,0,0
581,0,2000,1100,0.01,-300,-270,-360,-330,55,80,50,80,30,20
655,0,2000,1250,0.01,-360,-330,-360,-330,50,80,60,80,15,0
665,0,2000,1250,0.01,-360,-330,-360,-330,50,80,60,80,30,40
743,0,2000,1250,0.01,-360,-330,-360,-330,50,80,60,80,0,0
613,0,2000,1250,0.01,-360,-330,-360,-330,50,80,60,80,30,-20
621,0,2000,1250,0.01,-360,-330,-360,-330,50,80,60,80,10,0
667,0,2000,780,0.01,-360,-330,-360,-330,50,80,60,80,30,-20
724,0,2000,1250,0.01,-360,-330,-360,-330,50,80,60,80,0,0
612,0,2000,1250,0.01,-360,-330,-360,-330,50,80,60,80,0,0
612,0,2000,1250,0.01,-360,-330,-360,-330,100,150,50,70,0,0
700,0,2000,1250,0.01,-360,-330,-360,-330,50,80,60,80,20,0
674,0,2000,1000,0.01,-360,-330,-360,-330,50,80,50,70,30,30
656,0,2000,800,0.01,-360,-330,-360,-330,50,80,60,80,0,0
642,0,2000,1250,0.01,-366,-330,-360,-330,50,80,60,90,25,20
578,0,2000,1250,0.01,-360,-330,-360,-330,80.04,80,80.04,80,0,0
735,0,2000,1250,0.01,-360,-330,-360,-330,50,80,60,80,1,1
726,0,2000,1800,0.01,-400,-424,-360,-390,70,90,60,90,-30,-20
727,0,2000,1250,0.01,-366,-330,-350,-330,50,80,50,70,50,20
708,0,2000,1250,0.01,-12,-10,-12,-10,10,10,10,10,15,0
594,0,2000,1250,0.01,-360,-330,-360,-330,50,80,60,80,30,20
649,0,2000,1000,0.01,-360,-330,-360,-330,50,80,50,70,30,0
602,0,2000,1250,0.01,-360,-330,-360,-330,50,80,60,80,0,0
607,0,2000,1500,0.01,-360,-330,-360,-330,50,80,60,80,0,0
650,0,2000,1000,0.01,-366,-330,-350,-330,50,80,60,80,21,21
696,0,2000,1500,0.01,-360,-330,-360,-330,50,80,60,80,0,0
615,0,1950,1000,0.01,-200,-100,-200,-100,50,80,50,70,0,0
662,0,2000,1100,0.01,-300,-270,-360,-330,40,65,50,80,10,-10
259,300,1000,400,0.01,-360,-330,-360,-330,50,80,50,70,0,0
727,0,2000,1250,0.01,-360,-330,-360,-330,50,80,60,80,20,-10
723,0,2000,1100,0.01,-360,-330,-360,-330,50,80,60,80,0,0
612,0,2000,1250,0.01,-360,-330,-360,-330,50,80,60,80,-30,-20
665,0,2000,1250,0.01,-360,-330,-360,-330,50,80,60,80,0,0
857,0,2000,1800,0.01,-400,-424,-360,-390,70,90,60,90,30,-10
483,300,2000,298,0.01,-260,-235,-600,-595,60,78,27,30,20,0
585,0,2000,300,0.01,-264.7017,-235,-600,-595,-103.9188333,78,27,30,20,0
754,0,2000,1250,0.01,-384,-360,-360,-330,70,90,50,80,20,30
716,0,2000,1250,0.01,-400,-340,-400,-340,40,90,40,100,20,22
635,0,2000,1000,0.01,-360,-330,-360,-330,50,80,50,70,0,0
771,0,2000,1100,0.01,-366,-330,-350,-330,50,80,60,80,30,20
700,0,2000,1800,0.01,-360,-330,-360,-330,50,80,60,80,0,0
596,0,2000,1250,0.01,-360,-330,-360,-330,50,80,60,80,0,0
599,0,2000,1250,0.01,-360,360,-360,360,50,80,50,70,0,0
743,0,2000,1250,0.01,-360,-330,-360,-330,55,80,50,80,15,10
696,0,2000,1250,0.01,-360,-330,-360,-330,50,75,50,80,30,-30
605,0,2000,1250,0.01,-354,-330,-350,-330,60,80,50,70,30,-10
777,0,2000,1250,0.01,-360,-330,-360,-330,50,80,60,80,40,-30
648,0,2000,1250,0.01,-360,-330,-360,-330,50,80,60,80,30,15
612,0,2000,1250,0.01,-360,-330,-360,-330,50,80,60,80,15,0
789,0,2000,1250,0.01,-366,-330,-360,-330,50,80,50,80,0,10
805,0,2000,1250,0.01,-360,-330,-360,-330,50,80,50,70,-360,-330
696,0,2000,1250,0.01,-374,-350,-360,-330,50,70,50,80,15,10
662,0,2000,1250,0.01,-360,-330,-360,-330,50,80,60,80,0,0
601,0,2000,900,0.01,-360,-330,-360,-330,55,80,60,80,15,0
625,0,2000,1100,0.01,-366,-330,-340,-330,50,80,60,80,1,-2
673,0,2000,1250,0.01,-360,-330,-360,-330,50,80,50,70,1,0
733,0,2000,1250,0.01,-360,-330,-360,-330,50,80,60,80,0,0
644,0,2000,1250,0.01,-360,-330,-360,-330,50,80,60,80,0,20
714,0,2000,1250,0.01,-360,-330,-360,-330,50,80,60,80,20,-20
626,0,2000,1250,0.01,-360,-330,-360,-330,50,80,50,70,0,0
147,800,1200,1250,0.01,-360,-330,-360,-330,50,80,60,80,0,0
648,0,2000,1250,0.01,-360,-330,-360,-330,50,75,50,80,0,-10
643,0,2000,1250,0.01,-374,-350,-360,-330,50,70,50,80,34,10
722,0,2000,2000,0.01,-360,-330,-360,-330,50,80,60,80,0,0
585,0,2000,600,0.01,-360,-330,-360,-330,50,80,60,80,0,0
539,300,2000,1200,0.01,-360,-330,-360,-330,50,80,60,80,15,0
683,0,2000,1250,0.01,-360,-330,-360,-330,50,80,60,80,100,-80
649,0,2000,1250,0.01,-360,-330,-360,-330,50,80,60,80,25,0
716,0,2000,1250,0.01,-366,-330,-340,-330,50,80,60,80,0,0
659,0,2000,1250,0.01,-360,-330,-360,-330,50,80,60,80,0,0
632,0,2000,1250,0.01,-374,-350,-360,-330,50,70,50,80,20,25
702,0,2000,300,0.01,-360,-330,-360,-330,50,80,60,80,0,0
658,0,2000,1800,0.01,-360,-330,-360,-330,50,80,60,80,0,0
641,0,2000,1250,0.01,-360,-330,-360,-330,50,80,60,80,30,20
616,0,2000,1800,0.01,-360,-330,-360,-330,50,80,60,80,0,0
629,0,2000,1250,0.01,-400,-340,-400,-340,40,90,40,100,25,40
649,0,2000,1800,0.01,-360,-330,-360,-330,50,80,60,80,0,0
753,0,2000,1100,0.01,-366,-330,-350,-330,50,80,60,80,10,0
612,0,2000,1250,0.01,-360,-330,-360,-330,50,80,60,80,0,0
602,0,2000,1250,0.01,-360,-330,-360,-330,50,80,60,80,-10,0
600,0,2000,1250,0.01,-360,-330,-360,-330,50,80,60,80,0,0
585,0,2000,1250,0.01,-360,-330,-360,-330,50,80,55,80,20,-20
5,0,2000,1250,0.01,-360,-330,-360,-330,50,80,50,70,0,0
632,0,2000,1250,0.01,-360,-330,-360,-330,50,75,50,80,20,20
789,0,2000,1250,0.01,-360,-330,-360,-330,55,80,50,80,30,-20
656,0,2000,600,0.01,-360,-330,-360,-330,50,80,60,80,0,0
632,0,2000,1250,0.01,-360,-330,-360,-330,50,80,60,80,30,20
618,0,2000,1250,0.01,-360,-330,-360,-330,50,80,60,80,30,50
610,0,2000,1250,0.01,-360,-324,-360,-330,50,80,40,70,20,-20
612,0,2000,1250,0.01,-360,-330,-360,-330,50,80,60,80,20,0
603,0,2000,1250,0.01,-360,-330,-360,-330,50,80,60,80,30,20
619,0,2000,1250,0.01,-336,-300,-320,-300,50,80,60,80,30,20
830,0,2000,1250,0.01,-360,-330,-360,-330,50,80,60,70,30,20
582,0,2000,1000,0.01,-366,-330,-350,-330,50,80,60,80,20,20
698,0,2000,1250,0.01,-366,-330,-360,-330,50,80,50,80,17,17
614,0,2000,800,0.01,-360,-330,-360,-330,50,80,60,80,0,0
604,0,2000,1400,0.01,-360,-330,-360,-330,50,80,60,80,0,0
659,0,2000,1400,0.01,-360,-330,-360,-330,50,80,60,80,0,0
796,0,2000,1500,0.01,-360,-330,-360,-330,50,80,50,70,0,0
598,0,2000,1100,0.01,-360,-330,-360,-330,50,80,50,70,0,0
776,0,2000,1250,0.01,-400,-340,-400,-340,40,90,40,100,40,-20
790,0,2000,1250,0.01,-360,-330,-360,-330,50,80,60,80,0,0
614,0,2000,750,0.01,-360,-330,-360,-330,50,80,60,80,0,0
592,0,2000,1250,0.01,-360,-330,-360,-330,50,80,60,80,0,0
746,0,2000,1250,0.01,-360,-330,-360,-330,50,80,60,80,40,10
427,200,1500,1000,0.01,-360,-330,-360,-330,50,80,60,80,30000,20000
620,0,2000,1100,0.01,-366,-330,-340,-330,50,80,60,80,4,-2
658,0,2000,1100,0.01,-366,-330,-350,-330,50,80,60,80,-30,20
409,300,1600,1000,0.01,-360,-330,-360,-330,50,80,60,80,0,-5
596,0,2000,1250,0.01,-360,-330,-360,-330,50,80,60,80,-1,-1
737,0,2000,1400,0.01,-360,-330,-360,-330,50,80,60,80,30,20
742,0,2000,1250,0.01,-384,-360,-360,-330,70,90,50,80,30,20
783,0,2000,1250,0.01,-360,-330,-360,-330,50,80,60,80,0,0
631,0,2000,1250,0.01,-360,-330,-360,-330,50,80,50,70,50,80
760,0,2000,900,0.01,-360,-330,-360,-330,54,80,50,80,25,-25
686,0,2000,1000,0.01,-360,-330,-360,-330,50,80,60,80,0,0
755,0,2000,300,0.01,-360,-330,-360,-330,50,80,60,80,0,0
821,0,2000,750,0.01,-360,-330,-360,-330,50,80,60,80,-15,0
591,0,2000,1250,0.01,-360,-330,-360,-330,50,80,60,80,30,20
821,0,2000,1250,0.01,-360,-330,-360,-330,50,80,60,80,60,20
596,0,2000,1250,0.01,-360,-330,-360,-330,50,80,60,80,10000,10000
605,0,2000,1250,0.01,-360,-330,-360,-330,50,80,60,80,0,0
617,0,2000,1700,0.01,-360,-330,-360,-330,50,80,60,80,0,0
696,0,2000,1250,0.01,-384,-360,-360,-330,70,90,50,80,-30,20
547,300,2000,1000,0.01,-360,-330,-360,-330,50,80,60,80,15,0
700,0,2000,1250,0.01,-360,-300,-308,-300,-312,80,-312,80,-10,-10
657,0,2000,1250,0.01,-360,-330,-360,-330,50,80,60,80,30,0
648,0,2000,1250,0.01,-360,-330,-360,-330,50,80,60,80,10,-15
719,0,2000,1250,0.01,-366,-330,-360,-330,50,80,50,80,19,19
605,0,2000,1000,0.01,-366,-330,-360,-340,50,80,60,80,19,19
815,0,2000,1250,0.01,-360,-330,-360,-330,55,80,50,80,3,-2
627,0,2000,1250,0.01,-360,-330,-360,-330,50,80,50,70,30,15
652,0,2000,1250,0.01,-360,-330,-360,-330,50,80,60,80,40,-10
582,0,2000,1250,0.01,-360,-330,-360,-330,50,80,50,70,0,0
630,0,2000,1200,0.01,-360,-330,-360,-330,50,80,60,80,0,0
641,0,2000,1250,0.01,-360,-330,-360,-330,50,80,60,80,0,0
748,0,2000,1000,0.01,-360,-330,-360,-330,60,80,50,80,20,-20
666,0,2000,1250,0.01,-360,-330,-360,-330,50,80,60,80,70,20
793,0,2000,1250,0.01,-400,-340,-400,-340,40,90,40,100,15,5
693,0,2000,1200,0.01,-360,-330,-354,-330,50,80,60,80,20,10
663,0,2000,1250,0.01,-360,-330,-360,-330,50,80,60,80,40,-40
634,0,2000,1250,0.01,-360,-330,-360,-330,50,80,60,80,0,0
605,0,2000,1250,0.01,-360,-330,-360,-330,100,125,50,80,0,0
641,0,2000,750,0.01,-360,-330,-360,-330,50,80,50,70,0,0
602,0,2000,1250,0.01,-360,-330,-360,-330,50,80,60,80,0,0
677,0,2000,1250,0.01,-360,-330,-360,-330,60,85,50,80,42000,10000
4,100,2000,1250,0.01,-360,-330,-360,-330,50,80,50,70,0,0
605,0,2000,600,0.01,-360,-324,-360,-340,50,80,60,80,70,20
598,0,2000,1250,0.01,-360,-330,-360,-330,50,80,60,80,0,0
616,0,2000,1100,0.01,-366,-330,-340,-330,50,80,60,80,-2,-2
697,0,2000,1250,0.01,-500,-450,-530,-450,50,80,40,80,30,20
605,0,2000,1250,0.01,-400,-200,-400,-200,80,50,70,50,0,0
593,0,2000,800,0.01,-360,-330,-360,-330,50,80,60,80,0,0
414,300,1600,1000,0.01,-360,-330,-360,-330,50,80,60,80,5,-5
915,0,2000,1250,0.01,-360,-330,-130,-100,50,80,-30,-50,0,0
651,0,2000,1600,0.01,-360,-330,-360,-330,50,80,60,80,0,0
722,0,2000,1250,0.01,-360,-330,-360,-330,50,75,60,90,0,90
655,0,2000,1250,0.01,-360,-324,-360,-330,50,80,40,70,0,-50
649,0,2000,1250,0.01,-360,-330,-360,-330,50,80,50,70,1500,1500
702,0,2000,1250,0.01,-400,-340,-400,-340,40,90,40,100,30,-30
793,0,2000,1250,0.01,-360,-330,-360,-330,50,80,50,70,0,0
622,0,2000,1250,0.01,-360,-330,-360,-330,50,80,60,80,30,20
742,0,2000,1250,0.01,-360,-324,-360,-330,50,80,40,70,15,10
685,0,2000,1250,0.01,-360,-330,-360,-330,60,80,60,80,40,20
731,0,2000,1250,0.01,-360,-330,-360,-330,50,80,60,80,-20000,0
600,0,2000,1900,0.01,-360,-330,-360,-330,50,80,60,80,0,0
690,0,2000,1250,0.01,-360,-330,-360,-330,50,80,60,80,10,-20
639,0,2000,1250,0.01,-360,-330,-360,-330,50,80,50,70,0,0
660,0,2000,700,0.01,-360,-330,-360,-330,50,80,60,80,0,0
601,0,2000,1250,0.01,-360,-330,-360,-330,50,80,60,80,30,30
625,0,2000,1250,0.01,-360,-330,-360,-330,50,80,60,80,30,20
850,0,2000,1250,0.01,-360,-330,-360,-330,50,80,50,70,0,0
665,0,2000,1250,0.01,-360,-330,-360,-330,50,80,60,80,30,-20
604,0,2000,1250,0.01,-360,-330,-360,-330,50,80,60,80,0,0
735,0,2000,1250,0.01,-360,-330,-360,-330,65,80,50,80,-30,-20
728,0,2000,1250,0.01,-366,-330,-360,-330,50,80,60,90,30,20
612,0,2000,1250,0.01,-354,-330,-350,-330,60,80,50,70,20,-20
657,0,2000,1100,0.01,-360,-330,-360,-330,50,80,60,80,0,0
677,0,2000,1250,0.01,-360,-330,-360,-330,50,80,60,80,20000,0
600,0,2000,1250,0.01,-360,-330,-360,-330,50,80,60,80,40,-30
700,0,2000,1100,0.01,-366,-330,-350,-330,50,80,60,80,20,-90
670,0,2000,1250,0.01,-360,-330,-360,-330,50,80,50,70,0,0
610,0,2000,1250,0.01,-400,-350,-400,-350,70,120,80,120,60,50
717,0,2000,1250,0.01,-360,-330,-360,-330,50,80,50,70,30,50
628,0,2000,1200,0.01,-360,-330,-360,-330,50,80,60,80,30,20
610,0,2000,1250,0.01,-360,-330,-360,-330,50,80,50,70,0.5,0.5
653,0,2000,700,0.01,-360,-330,-360,-330,50,80,60,80,0,0
640,0,2000,1200,0.01,-360,-330,-360,-330,50,80,60,80,0,0
670,0,2000,1250,0.01,-366,-330,-360,-330,50,80,50,80,0,15
663,0,2000,1250,0.01,-360,-330,-360,-330,50,80,60,80,30,20
610,0,2000,1100,0.01,-300,-270,-360,-330,55,80,50,80,5,3
685,0,2000,1250,0.01,-360,-330,-360,-330,50,75,50,80,0,0
595,0,2000,1250,0.01,-360,-330,-360,-330,50,80,60,80,30,20
792,0,2000,700,0.01,-360,-324,-360,-340,50,80,50,70,13.44,-9.576
697,0,2000,900,0.01,-360,-330,-360,-330,50,80,54,80,30,-30
742,0,2000,1250,0.01,-366,-330,-360,-330,50,80,60,90,40,20
727,0,2000,700,0.01,-360,-330,-360,-330,50,80,60,80,30,20
855,0,2000,1250,0.01,-360,-330,-360,-330,50,75,60,90,30,20
787,0,2000,500,0.01,-360,-330,-360,-330,50,80,60,80,0,0
659,0,2000,1250,0.01,-360,-324,-360,-330,50,80,40,70,17,20
714,0,2000,1250,0.01,-360,-330,-360,-330,50,80,60,80,20,-5
641,0,2000,1250,0.01,-360,-330,-360,-330,50,80,50,70,0,0
654,0,2000,1250,0.01,-360,-330,-360,-330,50,80,50,70,0,0
587,0,2000,600,0.01,-360,-330,-360,-330,50,80,60,80,0,0
592,0,2000,800,0.01,-360,-330,-360,-330,50,80,60,80,0,0
619,0,2000,1250,0.01,-360,-330,-360,-330,50,80,60,80,0,0
703,0,2000,1250,0.01,-360,-330,-360,-330,50,80,60,80,20,-10
733,0,2000,1250,0.01,-400,-340,-400,-340,40,90,40,100,15,10
661,0,2000,1250,0.01,-360,-330,-360,-330,50,80,60,80,30,20
676,0,2000,1250,0.01,-366,-330,-360,-330,50,80,50,80,17.5,17.5
665,0,2000,1250,0.01,-360,-330,-360,-330,50,80,60,80,0,0
668,0,2000,1250,0.01,-400,-340,-400,-340,40,90,40,100,25,25
757,0,2000,1200,0.01,-360,-330,-360,-330,60,80,50,80,60,20
696,0,2000,1250,0.01,-360,-330,-360,-330,50,80,60,80,30,-20
736,0,2000,900,0.01,-360,-330,-360,-330,55,80,50,70,30,-30
707,0,2000,1250,0.01,-366,-330,-360,-330,50,80,50,80,20,0
672,0,2000,1250,0.01,-360,-330,-360,-330,50,80,50,70,0,0
739,0,2000,1100,0.01,-366,-330,-350,-330,50,80,60,80,30,-30
649,0,2000,1250,0.01,-360,-330,-360,-330,50,80,60,80,0,0
625,0,2000,600,0.01,-360,-324,-360,-340,50,80,50,70,50,0
606,0,2000,1250,0.01,-360,-630,-360,-330,50,80,50,70,2000,0
810,0,2000,1100,0.01,-366,-330,-350,-330,50,80,60,80,20,20
639,0,2000,1250,0.01,-360,-330,-360,-330,55,80,50,80,0,15000
572,0,2000,1100,0.01,-146.87366,-235,-600,-595,-98.5855,78,27,30,20,0
706,0,2000,1100,0.01,-366,-330,-350,-330,50,80,60,80,30,-40
730,0,2000,1200,0.01,-360,-330,-354,-330,50,80,60,80,-20,0
721,0,2000,800,0.01,-360,-330,-360,-330,55,80,60,80,10,-10
681,0,2000,1250,0.01,-400,-376,-380,-340,60,80,40,80,30,20
651,0,2000,1250,0.01,-374,-350,-360,-330,50,70,50,80,1,10
51,0,2000,1250,1,-360,-330,-360,-330,50,80,60,80,30,20
636,0,2000,1250,0.01,-360,-330,-360,-330,50,80,60,80,30,20
605,0,2000,1000,0.01,-366,-330,-360,-330,50,80,50,80,20,20
615,0,2000,1250,0.01,-360,-330,-360,-330,50,80,50,70,0,1200
779,0,2000,1250,0.01,-360,-336,-370,-350,30,50,40,60,30,-20
641,0,2000,1250,0.01,-360,-330,-360,-330,50,75,50,80,10,-15
623,0,2000,500,0.01,-360,-330,-360,-330,50,80,60,80,0,0
628,0,2000,1500,0.01,-360,-330,-360,-330,50,80,60,80,0,0
619,0,2000,1250,0.01,-366,-320,-360,-330,50,80,50,80,30,20
576,0,2000,900,0.01,-360,-330,-360,-330,50,80,60,80,0,0
630,0,2000,1280,0.01,-360,-330,-360,-330,50,80,60,80,0,0
637,0,2000,1250,0.01,-360,-330,-360,-330,50,80,60,80,15,35
720,0,2000,1250,0.01,-360,-330,-360,-330,50,80,60,80,30,20
759,0,2000,1250,0.01,-374,-350,-360,-330,50,70,50,80,24,20
591,0,2000,1250,0.01,-360,-330,-360,-330,55,80,50,80,25,20
586,0,2000,1750,0.01,-360,-330,-360,-330,50,80,60,80,0,0
636,0,2000,1250,0.01,-360,-330,-360,-330,50,80,50,70,-360,-330
646,0,2000,1100,0.01,-360,-330,-360,-330,50,80,60,80,0,0
756,0,2000,1250,0.01,-360,-330,-354,-330,50,80,60,80,30,-20
766,0,2000,1250,0.01,-150,-322,-360,-300,60,30,56,73,0,0
723,0,2000,1100,0.01,-300,-308,-300,-312,70,80,70,80,0,-20
571,0,2000,1250,0.01,-360,-330,-360,-330,50,80,50,70,0,0
665,0,2000,1250,0.01,-360,-330,-360,-330,50,75,60,85,10,-20
653,0,2000,1000,0.01,-360,-330,-360,-330,50,80,60,80,0,0
681,0,2000,1600,0.01,-360,-330,-360,-330,50,80,60,80,0,0
758,0,2000,1250,0.01,-360,-330,-360,-330,50,80,60,80,1,-1
716,0,2000,1100,0.01,-366,-330,-350,-330,50,80,60,80,30,40
814,0,2000,1250,0.01,-360,-330,-360,-330,50,80,50,70,0,0
675,0,2000,1250,0.01,-720,-660,-180,-165,40,70,50,70,40,30
596,0,2000,1700,0.01,-360,-330,-360,-330,50,80,60,80,0,0
740,0,2000,1250,0.01,-360,-330,-360,-330,50,80,60,80,30,20
677,0,2000,1300,0.01,-360,-330,-360,-330,50,80,60,80,0,0
699,0,2000,1250,0.01,-360,-324,-360,-330,50,80,50,80,15,-15
633,0,2000,1100,0.01,-366,-330,-350,-330,50,80,60,80,10,-90
777,0,2000,1250,0.01,-360,-330,-360,-330,50,80,60,80,0,-15
610,0,2000,1250,0.01,-360,-324,-360,-330,50,80,50,80,15,10
567,200,2000,1450,0.01,-360,-330,-360,-330,50,80,60,80,0,0
730,0,2000,1100,0.01,-366,-330,-350,-330,50,80,60,80,20,-70
798,0,2000,1250,0.01,-384,-360,-360,-330,70,90,50,80,-20,-30
587,0,2000,1250,0.01,-360,-330,-360,-330,50,75,50,80,15,0
817,0,2000,1250,0.01,-360,-330,-360,-330,50,80,50,70,-1,0
600,0,2000,800,0.01,-360,-330,-360,-330,50,80,60,80,0,0
631,0,2000,1250,0.01,-360,-330,-360,-330,50,80,60,80,2,1
720,0,2000,1100,0.01,-366,-330,-350,-330,50,80,60,80,30,-80
707,0,2000,1250,0.01,-360,-324,-360,-330,50,80,40,70,15,15
711,0,2000,1250,0.01,-360,-330,-360,-330,50,80,60,80,20,-10
629,0,2000,1250,0.01,-360,-330,-360,-330,50,80,90,100,0,0
773,0,2000,750,0.01,-360,-330,-360,-330,50,80,60,80,0,0
547,0,1500,1100,0.01,-360,-330,-360,-330,50,80,60,80,30,20
618,0,2000,1350,0.01,-360,-330,-360,-330,50,80,60,80,30,20
619,0,2000,1250,0.01,-360,-330,-360,-330,50,80,50,80,50,-10
689,0,2000,1250,0.01,-360,-330,-360,-330,50,80,60,70,10,-10
720,0,2000,1250,0.01,-360,-330,-360,-330,65,80,50,80,20,-10
646,0,2000,1000,0.01,-360,-330,-360,-330,50,80,60,80,0,0
673,0,2000,1250,0.01,-360,-330,-360,-330,80,60,60,80,0,0
663,0,2000,1100,0.01,-366,-330,-350,-330,50,80,60,80,0,-80
725,0,2000,1250,0.01,-384,-360,-360,-330,70,90,50,80,30,-20
694,0,2000,1100,0.01,-300,-308,-300,-312,70,80,70,80,0,-20
645,0,2000,1250,0.01,-360,-330,-360,-330,55,80,50,80,30,10
744,0,2000,1250,0.01,-360,-330,-360,-330,50,80,60,80,20,-30
686,0,2000,1250,0.01,-360,-330,-360,-330,50,80,60,80,0,15
742,0,2000,1250,0.01,-360,-330,-360,-330,50,80,60,80,-30,40
642,0,2000,1250,0.01,-400,-340,-400,-340,40,90,40,100,5,30
815,0,2000,750,0.01,-360,-330,-360,-330,50,80,50,70,0,0
652,0,2000,1250,0.01,-360,-330,-360,-330,50,80,60,80,0,0
851,0,2000,900,0.01,-360,-330,-360,-330,60,80,50,80,30,20
673,0,2000,1250,0.01,-360,-330,-360,-330,50,65,50,80,30,-20
672,0,2000,1500,0.01,-360,-330,-360,-330,50,80,60,80,0,0
712,0,2000,1100,0.01,-366,-330,-350,-330,50,80,60,80,30,-60
580,0,2000,1250,0.01,-360,-330,-360,-330,50,75,50,80,30,20
698,0,2000,1250,0.01,-360,-330,-360,-330,50,80,60,80,30,20
633,0,2000,1250,0.01,-360,-330,-360,-330,50,80,60,80,0,0
715,0,2000,1250,0.01,-336,-300,-320,-300,50,80,60,80,40,0
754,0,2000,1000,0.01,-38000,-30000,-44000,-32000,50,60,55,65,-10,-20
744,0,2000,1100,0.01,-366,-330,-350,-330,50,80,60,80,0,-90
654,0,2000,1250,0.01,-360,-330,-360,-330,50,80,60,80,100,100
646,0,2000,1100,0.01,-366,-330,-350,-330,50,80,60,80,10,-60
826,0,2000,1250,0.01,-795.8,-877.3,-924.54,-926.8,104.6,80,63.2,70,20,30
596,0,2000,1250,0.01,-366,-330,-360,-330,50,80,50,80,30,30
1005,0,2000,1250,0.01,-360,-330,-360,-330,50,80,50,70,0,0
725,0,2000,1250,0.01,-360,-330,-360,-330,50,80,60,70,20,-20
705,0,2000,1250,0.01,-366,-330,-360,-330,50,80,50,80,18,18
650,0,2000,1250,0.01,-360,-330,-360,-330,50,80,50,70,0,-100
566,0,2000,1250,0.01,-360,-330,-360,-330,50,80,50,70,0,0
626,0,2000,1265,0.01,-360,-330,-360,-330,50,80,60,80,0,0
604,0,2000,700,0.01,-360,-330,-360,-330,50,80,50,70,0,0
792,0,2000,1250,0.01,-360,-330,-354,-330,50,80,60,80,30,-20
722,0,2000,1250,0.01,-360,-330,-360,-330,50,80,60,80,0,0
522,300,2000,800,0.01,-360,-330,-360,-330,50,80,60,80,15,0
560,300,2000,1500,0.01,-360,-330,-360,-330,50,80,60,80,15,0
625,0,2000,1000,0.01,-366,-330,-360,-330,50,80,60,90,21,21
686,0,2000,1700,0.01,-360,-330,-360,-330,50,80,60,80,30,20
664,0,2000,700,0.01,-360,-330,-360,-330,50,80,60,80,0,0
621,0,2000,1250,0.01,-360,-330,-360,-330,55,80,50,80,30000,20000
722,0,2000,1250,0.01,-360,-324,-360,-330,50,80,40,70,20,5
608,0,2000,1250,0.01,-360,-330,-360,-330,50,80,60,80,30,20
597,0,2000,1100,0.01,-300,-270,-360,-330,55,80,50,80,5,3
647,0,2000,1250,0.01,-360,-330,-360,-330,50,80,60,80,0,0
598,0,2000,1250,0.01,-360,-330,-360,-330,50,80,60,80,30000,20000
640,0,2000,900,0.01,-360,-330,-360,-330,50,80,60,80,0,0
765,0,2000,1250,0.01,-360,-330,-360,-330,50,80,50,70,0,0
595,0,2000,1250,0.01,-360,-330,-360,-330,50,80,50,70,0,0
731,0,2000,1700,0.01,-360,-330,-360,-330,50,80,60,80,0,0
615,0,2000,1250,0.01,-360,-330,-360,-330,50,0,50,0,0,0
682,0,2000,1250,0.01,-360,-330,-360,-330,50,80,60,80,100,50
630,0,2000,900,0.01,-360,-330,-360,-330,50,80,60,80,40,-40
734,0,2000,1200,0.01,-360,-330,-354,-330,50,80,60,80,-20,20
708,0,2000,1800,0.01,-400,-424,-360,-390,70,90,60,90,30,20
713,0,2000,1250,0.01,-374,-350,-360,-330,50,70,50,80,28,20
626,0,2000,1250,0.01,-360,-330,-360,-330,100,125,50,80,0,30
919,0,2000,1250,0.01,-360,-330,-360,-330,50,80,60,80,30,20
753,0,2000,1250,0.01,-366,-330,-360,-330,50,80,50,80,-20,0
601,0,2000,950,0.01,-360,-330,-360,-330,55,80,60,80,15,0
612,0,2000,1000,0.01,-360,-330,-360,-330,50,80,60,80,0,0
634,0,2000,1250,0.01,-360,-330,-360,-330,50,80,60,80,50,50
617,0,2000,1250,0.01,-360,-330,-360,-330,50,80,60,80,-30,20
641,0,2000,1250,0.01,-360,-330,-360,-330,50,80,60,80,30,-20
650,0,2000,1250,0.01,-366,-330,-360,-330,50,80,60,90,20,30
735,0,2000,1250,0.01,-336,-300,-320,-300,50,80,60,80,40,5
573,0,2000,1300,0.01,-360,-330,-360,-330,50,80,60,80,0,0
655,0,2000,1250,0.01,-366,-330,-360,-330,50,80,50,70,30,20
725,0,2000,1250,0.01,-360,-330,-360,-330,65,80,50,80,-30,20
644,0,2000,1100,0.01,-366,-330,-340,-330,50,80,60,80,14,-2
680,0,2000,1700,0.01,-360,-330,-360,-330,50,80,60,80,0,0
756,0,2000,1250,0.01,-360,-330,-360,-330,50,80,60,80,300,200
719,0,2000,1050,0.01,-360,-330,-360,-330,50,80,60,80,0,0
688,0,2000,1250,0.01,-366,-330,-360,-330,50,80,50,80,18.5,18.5
695,0,2000,1250,0.01,-360,-330,-360,-330,50,80,60,80,100,200
729,0,2000,1250,0.01,-384,-360,-360,-330,70,90,50,80,40,-30
608,0,2000,1250,0.01,-360,-330,-360,-330,50,80,50,70,30,30
647,0,2000,1100,0.01,-366,-330,-350,-330,50,80,60,80,30,-20
721,0,2000,1250,0.01,-360,-330,-354,-330,50,80,60,80,0,10
710,0,2000,1100,0.01,-366,-330,-350,-330,50,80,60,80,20,-80
674,0,2000,1500,0.01,-360,-330,-360,-330,50,80,60,80,0,0
609,0,2000,600,0.01,-360,-324,-360,-340,50,80,50,70,75,25
654,0,2000,1250,0.01,-360,-330,-360,-330,50,80,60,80,0,0
595,0,2000,1250,0.01,-360,-330,-360,-330,50,80,60,80,30,30
725,0,2000,1250,0.01,-360,-330,-360,-330,50,80,50,70,0,0
709,0,2000,1250,0.01,-360,-330,-360,-330,100,70,70,40,0,0
753,0,2000,1250,0.01,-400,-376,-380,-340,60,80,40,80,17,10
591,0,2000,1500,0.01,-360,-330,-360,-330,50,80,60,80,0,0
838,0,2000,1250,0.01,-360,-330,-360,-330,50,80,60,80,50,40
634,0,2000,1000,0.01,-360,-330,-360,-330,80,110,70,110,30,-30
648,0,2000,1250,0.01,-374,-350,-360,-330,50,70,50,80,10,10
561,300,2000,500,0.01,-360,-330,-360,-330,50,80,60,80,30,20
791,0,2000,1250,0.01,-360,-330,-360,-330,50,80,60,80,30,20
760,0,2000,1500,0.01,-360,-330,-360,-330,50,80,60,80,0,0
703,0,2000,1250,0.01,-354,-330,-350,-330,60,80,50,70,0,-10
585,0,2000,1250,0.01,-360,-330,-360,-330,50,80,50,70,2000,0
677,0,2000,1250,0.01,-360,-330,-360,-330,50,80,50,80,-5000,20000
793,0,2000,1250,0.01,-320,-150,-400,-300,50,80,50,70,0,0
617,0,2000,1250,0.01,-360,-330,-360,-330,50,80,60,80,0,0
852,0,2000,500,0.01,-360,-330,-360,-330,50,80,60,80,0,0
694,0,2000,1800,0.01,-360,-330,-360,-330,50,80,60,80,0,0
612,0,2000,1250,0.01,-360,-330,-360,-330,50,80,50,70,10,-12
873,0,2000,1500,0.01,-360,-330,-360,-330,50,80,60,80,0,0
625,0,2000,1250,0.01,-360,0,-360,0,50,80,50,70,0,-330
578,0,2000,1250,0.01,-400,-340,-400,-340,40,90,40,100,25,80
588,0,2000,1100,0.01,-354,-330,-360,-330,50,70,50,80,20,-30
626,0,2000,600,0.01,-360,-330,-360,-330,50,80,60,80,0,0
651,0,2000,1250,0.01,-360,-330,-360,-330,50,80,50,70,10,0
691,0,2000,200,0.01,-360,-330,-360,-330,50,80,60,80,0,0
719,0,2000,1250,0.01,-360,-330,-354,-330,50,80,60,80,10,-10
620,0,2000,1250,0.01,-360,-330,-360,-330,50,80,50,70,0,1000
595,0,2000,1250,0.01,-360,-330,-360,-330,55,80,50,80,50,30
666,0,2000,1250,0.01,-360,-330,-360,-330,50,75,50,80,20,-15
592,0,2000,1250,0.01,-360,-330,-360,-330,50,80,60,80,30,20
629,0,2000,1250,0.01,-360,-330,-360,-330,50,80,60,80,10,-20
674,0,2000,1250,0.01,-360,-330,-360,-330,50,75,60,90,30,-20
675,0,2000,1250,0.01,-360,-330,-360,-330,50,80,60,80,0,30
637,0,2000,1500,0.01,-360,-330,-360,-330,50,80,60,80,0,0
721,0,2000,1200,0.01,-360,-330,-360,-330,60,80,50,80,45,20
584,0,2000,1250,0.01,-360,-330,-360,-330,50,80,60,80,30,20
641,0,2000,1450,0.01,-360,-330,-360,-330,50,80,60,80,0,0
637,0,2000,750,0.01,-360,-330,-360,-330,50,80,60,80,0,0
732,0,2000,1250,0.01,-360,-330,-360,-330,50,80,60,80,-1,-1
622,0,2000,1000,0.01,-360,-330,-360,-330,50,80,50,70,0,0
618,0,2000,250,0.01,-360,-330,-360,-330,50,80,50,70,0,0
692,0,2000,1250,0.01,-360,-330,-360,-330,50,80,60,80,30000,20000
643,0,2000,1250,0.01,-374,-350,-360,-330,50,70,50,80,35,10
590,0,2000,1050,0.01,-360,-330,-360,-330,50,80,60,80,0,0
45,0,2000,1250,1,-360,-330,-360,-330,50,80,60,80,30,20
689,0,2000,1250,0.01,-366,-330,-360,-330,50,80,50,80,15,0
621,0,2000,1250,0.01,-360,-330,-360,-330,50,80,60,80,40,0
654,0,2000,1250,0.01,-360,-330,-360,-330,50,80,60,80,0,0
610,0,2000,1250,0.01,-560,-530,-560,-530,60,90,70,90,40,30
601,0,2000,1250,0.01,-360,-324,-360,-330,50,80,50,80,100,-100
659,0,2000,1250,0.01,-360,-324,-360,-330,50,80,50,80,15,-10
677,0,2000,1450,0.01,-360,-330,-360,-330,50,80,60,80,0,0
773,0,2000,1250,0.01,-360,-330,-360,-330,50,80,60,80,0,0
692,0,2000,1250,0.01,-360,-330,-360,-330,50,80,60,80,0,0
843,0,2000,600,0.01,-360,-324,-360,-340,50,80,50,70,10,-40
553,300,2000,1600,0.01,-360,-330,-360,-330,50,80,60,80,30,20
638,0,2000,1250,0.01,-366,-330,-360,-330,50,80,60,90,15,12
678,0,2000,1250,0.01,-360,-330,-360,-330,50,75,60,90,20,-10
716,0,2000,1250,0.01,-360,-330,-360,-330,50,80,60,80,0,0
735,0,2000,1250,0.01,-366,-330,-360,-330,50,80,50,80,10,0
706,0,2000,1250,0.01,-360,-330,-360,-330,50,80,60,80,-15,0
596,0,2000,1273,0.01,-360,-330,-360,-330,79.976,80,79.976,80,0,0
732,0,2000,1550,0.01,-354,-330,-360,-330,50,70,50,80,-30,20
609,0,2000,1250,0.01,-360,-330,-360,-330,55,80,50,80,50,20
747,0,2000,1250,0.01,-336,-300,-320,-300,50,80,60,80,20,10
587,0,2000,1100,0.01,-300,-270,-360,-330,55,80,50,80,3,1
655,0,2000,1000,0.01,-360,-330,-360,-330,50,80,50,70,30,20
868,0,2000,1250,0.01,-400,-340,-400,-340,40,90,40,100,20,-40
747,0,2000,1250,0.01,-366,-330,-350,-330,50,80,50,70,40,40
869,0,2000,1250,0.01,-360,-330,-360,-330,50,80,60,80,0,20
732,0,2000,1000,0.01,-38000,-30000,-44000,-32000,50,60,55,65,0,-20
686,0,2000,1250,0.01,-366,-330,-360,-330,50,80,50,80,25,20
662,0,2000,1500,0.01,-360,-330,-360,-330,50,80,60,80,0,0
616,0,2000,1250,0.01,-360,-330,-360,-330,50,80,60,80,0,15000
633,0,2000,1100,0.01,-300,-270,-360,-330,55,80,50,80,20,30
618,0,2000,700,0.01,-360,-330,-360,-330,50,80,60,80,0,0
661,0,2000,1250,0.01,-360,-330,-360,-330,50,75,50,80,0,-20
649,0,2000,1250,0.01,-360,-325,-360,-330,50,80,80,60,0,0
662,0,2000,1700,0.01,-360,-330,-360,-330,50,80,60,80,0,0
632,0,2000,1000,0.01,-366,-330,-360,-340,50,80,60,80,20,20
621,0,2000,1250,0.01,-360,-330,-360,-330,50,80,50,70,20,0
656,0,2000,1250,0.01,-360,-330,-360,-330,50,75,50,80,25,25
621,0,2000,1000,0.01,-360,-330,-360,-330,50,80,40,80,20,-20
683,0,2000,1250,0.01,-336,-300,-320,-300,50,80,60,80,20,0
749,0,2000,1250,0.01,-360,-330,-360,-330,50,60,50,80,30,-20
619,0,2000,1250,0.01,-360,-330,-354,-330,50,80,50,80,30,-20
801,0,2000,1800,0.01,-360,-330,-360,-330,50,80,60,80,0,20000
607,0,2000,1100,0.01,-360,-330,-360,-330,50,80,60,80,30,-30
746,0,2000,1250,0.01,-360,-330,-360,-330,50,80,60,80,10,-10
582,0,2000,1250,0.01,-360,-330,-360,-330,50,80,60,80,30000,20000
628,0,2000,1250,0.01,-360,-330,-360,-330,55,80,50,80,25,-25
648,0,2000,1250,0.01,-366,-330,-360,-330,50,80,50,80,0,30
784,0,2000,1250,0.01,-366,-330,-350,-330,50,80,50,70,40,20
656,0,2000,1250,0.01,-360,-330,-360,-330,50,80,60,80,30,20
722,0,2000,1250,0.01,-360,-330,-360,-330,50,80,60,80,30,20
608,0,2000,1000,0.01,20000,30000,20000,30000,20,30,20,30,30,-20
623,0,2000,1250,0.01,-360,-330,-360,-330,50,75,50,80,10,-10
649,0,2000,1600,0.01,-360,-330,-360,-330,50,80,60,80,0,0
677,0,2000,500,0.01,-360,-330,-360,-330,50,80,60,80,0,0
642,0,2000,1100,0.01,-366,-330,-340,-330,50,80,60,80,6,-2
604,0,2000,1000,0.01,-360,-330,-360,-330,55,80,50,80,20,-20
709,0,2000,1250,0.01,-336,-300,-320,-300,50,80,60,80,10,0
656,0,2000,1250,0.01,-360,-330,-360,-330,50,75,50,80,20,40
663,0,2000,1100,0.01,-366,-330,-350,-330,50,80,60,80,15,-6
701,0,2000,1250,0.01,-360,-330,-360,-330,50,75,50,80,30,30
798,0,2000,750,0.01,-360,-330,-360,-330,50,80,60,80,20,0
582,0,1500,900,0.01,-330,-300,-330,-300,50,80,50,70,0,0
566,0,2000,1250,0.01,-360,360,-360,360,50,80,50,70,0,0
736,0,2000,1250,0.01,-360,-330,-360,-330,50,80,60,80,-30,20
614,0,2000,1250,0.01,-360,-330,-360,-330,50,80,50,70,30,-30
618,0,2000,1250,0.01,-360,-330,-360,-330,50,80,60,80,30,0
629,0,2000,1250,0.01,-360,-330,-360,-330,50,80,60,80,0,20000
617,0,2000,1250,0.01,-360,-330,-360,-330,50,80,60,80,5000,20000
571,0,2000,1500,0.01,-360,-330,-360,-330,50,80,60,80,0,0
696,0,2000,1100,0.01,-366,-330,-350,-330,50,80,60,80,20,-10
635,0,2000,1000,0.01,-366,-330,-360,-330,50,80,60,90,19,19
657,0,2000,1800,0.01,-360,-330,-360,-330,50,80,60,80,30000,-20000
601,0,2000,1000,0.01,-366,-330,-360,-330,50,80,50,80,25,25
578,0,2000,1250,0.01,-360,-330,-360,-330,50,80,50,70,30,0
705,0,2000,1250,0.01,-360,-330,-360,-330,50,75,60,90,0,0
616,0,2000,1500,0.01,-360,-330,-360,-330,50,80,60,80,0,0
677,0,2000,1000,0.01,-360,-330,-360,-330,50,80,60,80,0,0
670,0,2000,1250,0.01,1200,1200,800,800,1,1,1,1,0,0
610,0,2000,1250,0.01,-360,-330,-360,-330,50,75,50,80,18,18
620,0,2000,600,0.01,-360,-324,-360,-340,50,80,50,70,65,5
608,0,2000,1250,0.01,-360,-330,-360,-330,50,80,60,80,50,70
450,300,1600,400,0.01,-360,-330,-360,-330,50,80,60,80,5,0
747,0,2000,1250,0.01,-360,-330,-360,-330,50,80,60,80,60,50
669,0,2000,1250,0.01,-366,-330,-360,-330,50,80,60,90,50,20
729,0,2000,1100,0.01,-366,-330,-350,-330,50,80,60,80,20,-50
680,0,2000,500,0.01,-360,-330,-360,-330,50,80,60,80,0,0
713,0,2000,1250,0.01,-366,-330,-360,-330,50,80,50,80,24,24
601,0,2000,1000,0.01,-366,-330,-360,-340,50,80,60,80,21,21
690,0,2000,900,0.01,-360,-330,-360,-330,50,80,60,80,0,0
617,0,2000,1100,0.01,-260,-235,-600,-595,60,78,27,30,20,0
736,0,2000,1250,0.01,-360,-330,-360,-330,50,80,60,80,15,0
88,0,2000,1250,0.1,-360,-330,-360,-330,50,80,60,80,0,0
753,0,2000,1250,0.01,-360,-330,-360,-330,55,80,50,80,20,-10
716,0,2000,1250,0.01,-360,-330,-360,-330,50,80,60,80,30,-30
754,0,2000,1250,0.01,-360,-330,-360,-330,55,80,50,80,30,-20
640,0,2000,1250,0.01,-360,-330,-360,-330,50,80,60,80,30,20
648,0,2000,1250,0.01,-360,-330,-360,-330,50,80,50,70,0,0
614,0,2000,1250,0.01,-360,-330,-360,-330,50,80,60,80,30,0
830,0,2000,700,0.01,-360,-330,-360,-330,60,80,50,80,30,-30
669,0,2000,1100,0.01,-360,-330,-360,-330,50,80,60,80,0,0
624,0,2000,1500,0.01,-360,-330,-360,-330,50,80,60,80,0,0
613,0,2000,1100,0.01,-366,-330,-340,-330,50,80,60,80,9,-2
696,0,2000,1250,0.01,-400,-340,-400,-340,40,90,40,100,40,70
715,0,2000,1250,0.01,-374,-350,-360,-330,50,70,50,80,12,10
682,0,2000,1000,0.01,-360,-330,-360,-330,50,80,60,80,0,0
636,0,2000,1250,0.01,-360,-330,-360,-330,50,80,60,80,30000,20000
683,0,2000,1250,0.01,-360,-330,-360,-330,50,80,60,80,20,30
660,0,2000,500,0.01,-360,-330,-360,-330,50,80,60,80,0,0
650,0,2000,1250,0.01,-374,-350,-360,-330,50,70,50,80,30,10
671,0,2000,1250,0.01,-360,-330,-360,-330,50,80,60,80,30,-30
749,0,2000,1250,0.01,-360,-330,-360,-330,50,80,60,80,0,0
625,0,2000,1000,0.01,-360,-330,-360,-330,50,80,60,80,0,0
712,0,2000,700,0.01,-360,-330,-360,-330,50,80,60,80,0,0
683,0,2000,250,0.01,-360,-330,-360,-330,50,80,60,80,0,0
588,0,2000,500,0.01,-360,-330,-360,-330,50,80,60,80,0,0
722,0,2000,1250,0.01,-366,-330,-360,-330,50,80,50,80,19,19
671,0,2000,800,0.01,-360,-324,-360,-340,50,80,50,70,18.267725,-13.239134
706,0,2000,1300,0.01,-360,-330,-360,-330,50,80,60,80,30,20
738,0,2000,1250,0.01,-400,-376,-380,-340,60,80,40,80,20,10
730,0,2000,1250,0.01,-360,-330,-360,-330,50,75,60,90,10,-20
647,0,2000,1000,0.01,-360,-330,-360,-330,50,80,60,80,0,0
603,0,2000,1250,0.01,-360,-330,-360,-330,50,80,60,80,10,5
702,0,2000,1250,0.01,-360,-330,-360,-330,50,80,60,80,30,20
629,0,2000,1250,0.01,-360,-330,-360,-330,50,80,50,70,0,0
647,0,2000,1250,0.01,-360,-330,-360,-330,50,80,60,80,50000,0
966,0,2000,1250,0.01,-360,-330,-360,-330,55,80,50,80,2000,15000
823,0,2000,1250,0.01,-360,-330,-360,-330,65,80,50,80,30,-20
628,0,2000,1250,0.01,-360,-360,-360,-360,300,300,360,360,15,0
645,0,2000,1250,0.01,-360,-330,-360,-330,50,80,50,70,0,0
620,0,2000,1100,0.01,-366,-330,-340,-330,50,80,60,80,0,-2
662,0,2000,1800,0.01,-360,-330,-360,-330,50,80,60,80,0,0
670,0,2000,1100,0.01,-366,-330,-340,-330,50,80,60,80,0,0
636,0,2000,1250,0.01,-366,-330,-350,-330,50,80,50,70,30,20
718,0,2000,1600,0.01,-360,-330,-360,-330,50,80,60,80,0,0
625,0,2000,1100,0.01,-360,-330,-360,-330,55,80,60,80,15,0
867,0,2000,1250,0.01,-200,-160,-360,-330,130,160,80,100,0,0
736,0,2000,1250,0.01,-360,-330,-360,-330,50,80,60,80,-20,20
673,0,2000,1250,0.01,-360,-330,-360,-330,50,80,50,70,0,0
639,0,2000,1250,0.01,-354,-330,-350,-330,60,80,50,70,30,-20
595,0,2000,1400,0.01,-360,-330,-360,-330,50,80,60,80,0,0
607,0,2000,1250,0.01,-360,-324,-360,-340,50,80,50,70,70,40
604,0,2000,1250,0.01,-360,-330,-360,-330,50,80,50,70,50,50
551,200,2000,300,0.01,-360,-330,-360,-330,50,80,60,80,0,0
563,0,2000,1100,0.01,-354,-330,-360,-330,50,70,50,80,-20,30
606,0,2000,1250,0.01,-360,-330,-360,-330,50,80,55,80,30,0
651,0,2000,900,0.01,-360,-330,-360,-330,50,80,60,80,0,0
579,300,2000,400,0.01,-360,-330,-360,-330,50,80,60,80,30,-20
667,0,2000,1100,0.01,-366,-330,-350,-330,50,80,60,80,10,-50
633,0,2000,900,0.01,-360,-330,-360,-330,50,80,60,80,0,0
694,0,2000,1250,0.01,-366,-330,-350,-330,50,80,50,70,40,30
587,0,2000,1250,0.01,-360,-330,-360,-330,50,80,50,70,0,0
628,0,2000,1250,0.01,-360,-330,-360,-330,50,80,40,80,30,20
793,0,2000,1750,0.01,-360,-330,-360,-330,50,80,60,80,0,0
615,0,2000,1250,0.01,-360,-330,-360,-330,50,80,60,80,30,70
397,200,1500,800,0.01,-360,-330,-360,-330,50,80,60,80,30000,20000
744,0,2000,1250,0.01,-360,-330,-360,-330,50,80,60,80,30,0
675,0,2000,750,0.01,-360,-330,-360,-330,50,80,60,80,0,0
596,0,2000,1000,0.01,-360,-330,-360,-330,50,80,60,80,0,0
650,0,2000,1250,0.01,-360,-330,-360,-330,50,80,50,80,30,20
651,0,2000,1250,0.01,-374,-350,-360,-330,50,70,50,80,32,10
721,0,2000,1250,0.01,-360,-330,-360,-330,60,80,50,80,60,50
875,0,1200,800,0.01,-360,-330,-360,-330,50,80,60,80,0,0
593,0,2000,1100,0.01,-360,-330,-360,-330,50,80,60,80,0,0
739,0,2000,1250,0.01,-360,-330,-360,-330,50,75,60,90,90,0
634,0,2000,600,0.01,-360,-324,-360,-340,50,80,50,70,60,0
423,80,1250,1250,0.01,-360,-330,-360,-330,40,80,50,90,0,0
614,300,1500,1250,0.01,-360,-330,-360,-330,50,75,50,80,30,0
606,0,2000,1250,0.01,-360,-330,-360,-330,50,80,60,80,30,20
603,0,2000,1750,0.01,-360,-330,-360,-330,50,80,60,80,0,0
615,0,2000,1250,0.01,-366,-330,-360,-330,50,80,60,90,20,20
618,0,2000,1250,0.01,-360,-330,-360,-330,50,80,50,70,10000,0
639,0,2000,800,0.01,-360,-324,-360,-340,50,80,50,70,13,-16.8564
622,0,2000,1250,0.01,-360,-330,-360,-330,50,80,60,80,30,20
607,0,1500,1000,0.01,-300,-280,-300,-280,50,80,50,70,0,0
772,0,2000,800,0.01,-360,-330,-360,-330,50,80,60,80,0,0
776,0,2000,1250,0.01,-400,-340,-400,-340,40,90,40,100,30,5
50689,0,2000,1250,0.01,-360,-330,-360,-330,50,80,50,70,0,0
578,200,2000,1250,0.01,-360,-330,-360,-330,50,80,60,80,0,0
918,0,2000,1250,0.01,-360,-330,-360,-330,50,80,60,80,0,0
737,0,2000,1250,0.01,-360,-330,-360,-330,50,80,60,80,-30,30
658,0,2000,1250,0.01,-360,-330,-360,-330,50,80,60,80,0,0
699,0,2000,1100,0.01,-366,-330,-350,-330,50,80,60,80,20,-40
713,0,2000,750,0.01,-360,-330,-360,-330,50,80,60,80,20,-20
737,0,2000,1250,0.01,-400,-376,-380,-340,60,80,40,80,19,10
769,0,2000,1250,0.01,-360,-330,-360,-330,50,80,60,80,20,-30
648,0,2000,1000,0.01,-366,-330,-360,-330,50,80,60,80,0,15
631,0,2000,500,0.01,-360,-330,-360,-330,50,80,60,80,0,0
779,0,2000,1250,0.01,-366,-330,-360,-330,50,80,50,70,16,16
704,0,2000,1250,0.01,-360,-300,-308,-300,-312,80,-312,80,0,-20
619,0,2000,1250,0.01,-360,-330,-360,-330,55,80,50,80,30,-30
567,0,2000,700,0.01,-260,-235,-600,-595,60,78,23,30,20000,0
752,0,2000,1250,0.01,-360,-330,-360,-330,50,80,60,80,-5,20
707,0,2000,1250,0.01,-384,-360,-360,-330,70,90,50,80,20,-30
765,0,2000,1250,0.01,-366,-330,-360,-330,50,80,50,80,-5,15
640,0,2000,1600,0.01,-360,-330,-360,-330,50,80,60,80,0,0
603,0,2000,1250,0.01,1000,13000,2000,12000,20,30,20,30,30,-20
603,0,2000,1000,0.01,-360,-330,-360,-330,50,80,50,70,0,0
655,0,2000,750,0.01,-360,-330,-360,-330,50,80,60,80,30,20
610,0,2000,1250,0.01,0,-400,-400,0,50,80,50,70,0,-400
645,0,2000,1250,0.01,-360,-330,-360,-330,50,80,50,70,0,0
631,0,2000,1250,0.01,-400,-376,-380,-340,60,80,40,80,40,20
914,0,2000,900,0.01,-360,-330,-360,-330,50,80,60,80,0,0
642,0,2000,1250,0.01,-360,-330,-360,-330,50,80,50,70,30,20
656,0,2000,1250,0.01,-360,-330,-360,-330,50,80,60,80,15,0
748,0,2000,1250,0.01,-356,-320,-340,-320,50,80,50,70,30,10
759,0,2000,1000,0.01,-360,-330,-360,-330,65,80,55,80,20,-20
768,0,2000,1250,0.01,-360,-330,-360,-330,50,80,60,80,300,250
583,0,2000,1000,0.01,-366,-330,-350,-330,50,80,60,80,19,19
704,0,2000,1250,0.01,-360,-330,-360,-330,50,80,60,80,0,0
701,0,2000,1250,0.01,-400,-340,-400,-340,40,90,40,100,20,50
706,0,2000,1100,0.01,-366,-330,-350,-330,50,80,60,80,20,0
750,0,2000,1250,0.01,-360,-330,-360,-330,50,80,60,80,0,0
702,0,2000,800,0.01,-360,-330,-360,-330,55,80,60,80,40,0
678,0,2000,1000,0.01,-360,-330,-360,-330,50,80,60,80,30,20
708,0,2000,1750,0.01,-360,-330,-360,-330,50,80,60,80,0,0
688,0,2000,1250,0.01,-400,-376,-380,-340,60,80,40,80,40,10
826,0,2000,1250,0.01,-360,-330,-360,-330,50,80,60,80,0,0
638,0,2000,1250,0.01,-360,-330,-360,-330,50,80,60,80,30,0
723,0,2000,1250,0.01,-360,-300,-308,-300,-312,80,-312,70,-10,-10
473,0,1400,1250,0.01,-360,-330,-360,-330,50,75,50,80,20,-20
624,0,2000,1250,0.01,-360,-330,-360,-330,50,80,60,80,0,0
893,0,3000,2500,0.01,-360,-330,-360,-330,50,80,60,80,0,0
600,0,2000,1250,0.01,-360,-330,-360,-330,50,80,60,80,0,0
716,0,2000,1250,0.01,-360,-330,-354,-330,50,80,60,80,0,0
599,0,2000,1250,0.01,-360,-330,-360,-330,50,75,50,80,15,0
588,0,2000,1100,0.01,-148768.3667,-235,-600,-595,-98.5855,78,27,30,20,0
616,0,2000,1250,0.01,-360,-330,-360,-330,50,80,60,80,30,-20
631,0,2000,1250,0.01,-360,-330,-360,-330,50,80,60,80,0,50
614,0,2000,1000,0.01,-360,-330,-360,-330,50,80,60,80,0,0
608,0,2000,1100,0.01,-360,-330,-360,-330,50,80,60,80,0,0
625,0,2000,1250,0.01,-360,-330,-360,-330,50,75,50,80,5,-15
662,0,2000,1100,0.01,-366,-330,-340,-330,50,80,60,80,2,-2
635,0,2000,1250,0.01,-360,-330,-360,-330,80,80,60,80,40,20
543,300,2000,1200,0.01,-360,-330,-360,-330,50,80,60,80,30,20
622,0,2000,1250,0.01,-360,-330,-360,-330,50,80,60,80,0,-20000
649,0,2000,1250,0.01,-360,-330,-360,-330,50,80,70,40,0,0
740,0,2000,1250,0.01,-360,-330,-360,-330,50,80,60,80,20,10
645,0,2000,1250,0.01,-360,-330,-360,-330,50,75,50,80,21,21
650,0,2000,1250,0.01,-360,-330,-360,-330,60,80,60,80,30,20
697,0,2000,1250,0.01,-360,-330,-354,-330,50,80,60,80,10,-20
664,0,2000,1250,0.01,-374,-350,-360,-330,50,70,50,80,5,10
652,0,2000,1250,0.01,-360,-324,-360,-330,50,80,40,70,10,0
602,0,2000,900,0.01,-360,-324,-360,-340,50,80,50,70,20,0.515
687,0,2000,1200,0.01,-360,-330,-354,-330,50,80,60,80,20,0
692,0,2000,1400,0.01,-360,-330,-360,-330,50,80,60,80,0,0
870,0,2000,1250,0.01,-360,-330,-360,-330,50,80,60,80,0,-10000
613,0,2000,1250,0.01,-360,-330,-360,-330,50,80,50,70,-360,-330
783,0,2000,1250,0.01,-360,-330,-360,-330,50,80,60,80,30,20
676,0,2000,1250,0.01,-360,-300,-308,-300,-312,80,-312,80,-20,0
552,0,1500,800,0.01,-360,-330,-360,-330,50,80,60,80,30,20
806,0,2000,1250,0.01,-360,-330,-360,-330,50,80,60,80,30,20
664,0,2000,500,0.01,-360,-330,-360,-330,50,80,60,80,30000,20000
784,0,2000,1250,0.01,-360,-330,-360,-330,60,80,50,80,30,45
743,0,2000,1250,0.01,-360,-330,-360,-330,65,80,50,80,-20,0
634,0,2000,900,0.01,-360,-330,-360,-330,50,80,60,80,30,-30
696,0,2000,1100,0.01,-366,-330,-340,-330,50,80,60,80,0,-20
625,0,2000,1250,0.01,-360,-330,-360,-330,50,80,60,80,0,0
704,0,2000,1250,0.01,-360,-330,-360,-330,65,80,50,80,0,20
644,0,2000,1250,0.01,-360,-300,-360,-300,30,80,20,80,30,-20
570,300,2000,1300,0.01,-360,-330,-360,-330,50,80,60,80,15,0
729,0,2000,1250,0.01,-360,-330,-360,-330,50,80,50,70,30,-30
575,0,2000,1250,0.01,-360,-330,-360,-330,50,80,50,70,0,0
699,0,2000,1250,0.01,-360,-330,-360,-330,50,80,60,80,40,-30
608,0,2000,1250,0.01,-360,-330,-360,-330,50,80,50,70,0,0
797,0,2000,625,0.01,-360,-330,-360,-330,50,80,60,80,0,0
695,0,2000,1250,0.01,-360,-330,-360,-330,100,125,50,80,30,0
841,0,2000,800,0.01,-360,-324,-360,-340,50,80,50,70,15.368,-14.771
885,0,2000,1000,0.01,-360,-330,-360,-330,50,80,60,80,0,0
715,0,2000,1100,0.01,-366,-330,-350,-330,50,80,60,80,30,0
636,0,2000,1250,0.01,-360,-330,-360,-330,50,80,50,70,-360,-330
670,0,2000,1250,0.01,-360,-330,-360,-330,50,80,60,80,30,20
664,0,2000,1250,0.01,-360,-330,-360,-330,50,80,60,80,30,20
590,0,2000,1200,0.01,-360,-330,-360,-330,50,80,60,80,0,0
630,0,2000,1250,0.01,-354,-330,-350,-330,60,80,50,70,10,-15
655,0,2000,1250,0.01,-360,-330,-360,-330,50,80,60,80,0,0
669,0,2000,1250,0.01,-360,-330,-360,-330,50,80,60,80,0,0
658,0,2000,1250,0.01,-360,-330,-360,-330,50,80,60,80,30,0
619,0,2000,1250,0.01,-374,-350,-360,-330,50,70,50,80,10,1
590,0,2000,1250,0.01,-400,-340,-400,-340,40,90,40,100,15,30
627,0,2000,750,0.01,-360,-330,-360,-330,50,80,60,80,0,0
661,0,2000,1250,0.01,-360,-330,-360,-330,50,80,60,80,30,-20
633,0,2000,1250,0.01,-360,-330,-360,-330,55,80,50,80,0,15000
645,0,2000,1250,0.01,-360,-330,-360,-330,50,80,60,80,0,0
689,0,2000,1250,0.01,-360,-330,-360,-330,65,80,50,80,30,-20
594,0,2000,800,0.01,-360,-330,-360,-330,50,80,60,80,0,0
1595,0,2000,1250,0.01,-360,-330,-360,-330,50,80,50,70,0,0
711,0,2000,1250,0.01,-400,-340,-400,-340,40,90,40,100,20,-5
682,0,2000,1250,0.01,-360,-330,-360,-330,50,75,50,80,30,-20
597,0,2000,1250,0.01,-360,-330,-360,-330,50,75,50,80,30,30
809,0,2000,1250,0.01,-360,-330,-360,-330,50,80,60,80,20,-10
741,0,2000,1250,0.01,-360,-330,-360,-330,50,80,60,80,0,0
634,0,2000,1250,0.01,-360,-330,-360,-330,50,80,50,70,0,0
614,0,2000,1250,0.01,-400,-340,-400,-340,40,90,40,100,20,30
591,0,2000,1300,0.01,-360,-330,-360,-330,50,80,60,80,0,0
256,0,1800,1267,0.015,-360,-330,-360,-330,50,80,50,70,0,0
630,0,2000,1250,0.01,-360,-330,-360,-330,50,75,50,80,10,-5
776,0,2000,1250,0.01,-360,-330,-360,-330,50,80,60,80,0,0
781,0,2000,1250,0.01,-360,-330,-360,-330,50,80,60,80,0,0
724,0,2000,1000,0.01,-360,-330,-360,-330,50,80,60,80,0,0
596,0,2000,1250,0.01,-360,-330,-360,-330,50,80,60,80,30,20
602,0,2000,1250,0.01,-360,-330,-360,-330,50,80,60,80,30,20
627,0,2000,1290,0.01,-360,-330,-360,-330,50,80,60,80,0,0
578,0,2000,1250,0.01,-360,-330,-360,-330,50,80,50,70,0,0
777,0,2000,1250,0.01,-360,-330,-360,-330,80,80,60,80,40,20
658,0,2000,1250,0.01,-360,-330,-360,-330,50,75,50,80,18,18
709,0,2000,1250,0.01,-360,-330,-354,-330,50,80,60,80,10,10
658,0,2000,1250,0.01,-360,-330,-360,-330,55,80,50,80,30,-20
642,0,2000,1250,0.01,-360,-336,-360,-340,30,50,50,70,20,20
713,0,2000,1250,0.01,-360,-330,-360,-330,50,80,60,80,0,0
637,0,2000,1250,0.01,-360,-330,-360,-330,50,75,50,80,30,40
669,0,2000,1250,0.01,-360,-330,-360,-330,50,80,60,80,20,-30
635,0,2000,1250,0.01,-360,-330,-360,-330,50,80,60,80,0,0
712,0,2000,1750,0.01,-360,-330,-360,-330,50,80,60,80,0,0
579,0,2000,1750,0.01,-360,-330,-360,-330,50,80,60,80,30,20
617,0,2000,1250,0.01,-360,-324,-360,-330,50,80,50,80,15,0
656,0,2000,1250,0.01,-360,-330,-360,-330,50,80,50,70,20,20
573,0,2000,300,0.01,-799,-235,-600,-595,87.5,78,27,30,20,0
703,0,2000,1250,0.01,-366,-330,-360,-330,50,80,50,80,-40,0
645,0,2000,500,0.01,-360,-330,-360,-330,50,80,60,80,0,0
589,0,2000,1250,0.01,-350,-320,-350,-320,60,70,50,70,20,30
773,0,2000,1250,0.01,-360,-330,-360,-330,50,80,60,80,30,20
693,0,2000,1250,0.01,-360,-330,-360,-330,65,80,50,80,20,0
670,0,2000,1250,0.01,-360,-330,-360,-330,50,80,60,80,30,20
296,800,1400,1250,0.01,-360,-330,-360,-330,50,75,50,80,10,-20
476,0,1500,1200,0.01,-360,-330,-360,-330,50,80,60,80,0,0
609,0,2000,1200,0.01,-360,-330,-360,-330,50,80,50,70,0,0
593,0,2000,1100,0.01,-366,-330,-350,-330,50,80,60,80,15,-5
604,0,2000,1250,0.01,-360,-330,-360,-330,50,80,60,80,-100,-100
869,0,2000,1250,0.01,-360,-330,-360,-330,60,80,60,80,0,0
601,0,2000,1250,0.01,-400,-376,-380,-340,60,80,40,80,15,15
726,0,2000,1250,0.01,-360,-330,-360,-330,50,80,60,80,0,0
617,0,2000,1250,0.01,-360,-330,-360,-330,50,75,50,80,30,-20
674,0,2000,600,0.01,-360,-330,-360,-330,50,80,60,80,0,0
659,0,2000,1250,0.01,-366,-330,-360,-340,50,80,60,80,0,35
331,600,1600,1100,0.01,-360,-330,-360,-330,50,80,60,80,10,0
568,0,1500,1100,0.01,-460,-430,-460,-430,60,90,60,80,29,24
691,0,2000,1250,0.01,-360,-330,-360,-330,50,80,60,80,30,20
796,0,2000,1250,0.01,-360,-330,-360,-330,50,80,60,80,30000,20000
480,300,1600,1100,0.01,-360,-330,-360,-330,50,80,60,80,10,0
645,0,2000,1250,0.01,-360,-330,-360,-330,50,80,60,80,50,100
618,0,2000,1250,0.01,-360,-330,-360,-330,50,80,60,80,0,0
603,0,2000,1700,0.01,-360,-330,-360,-330,50,80,60,80,0,0
640,0,2000,1250,0.01,-360,-330,-360,-330,50,80,50,70,40,40
611,0,2000,1250,0.01,-360,-330,-360,-330,50,80,60,80,50,50
576,0,2000,1250,0.01,-360,-330,-360,-330,50,80,60,80,30,20
628,0,2000,1250,0.01,-360,-330,-360,-330,50,80,60,80,0,0
652,0,2000,800,0.01,-360,-330,-360,-330,55,80,60,80,30,0
558,0,1500,700,0.01,-360,-330,-360,-330,50,80,60,80,30,20
529,300,2000,900,0.01,-360,-330,-360,-330,50,80,60,80,15,0
697,0,2000,1100,0.01,-366,-330,-350,-330,50,80,60,80,10,-30
657,0,2000,1250,0.01,-360,-330,-360,-330,50,75,50,80,0,10
791,0,2000,1250,0.01,-360,-330,-360,-330,50,80,60,80,15,5
735,0,2000,1250,0.01,-400,-340,-400,-340,40,90,40,100,187.83,401.54
635,0,2000,1250,0.01,-360,-330,-360,-330,50,80,50,70,-360,-330
619,0,2000,1250,0.01,-360,-330,-360,-330,50,80,60,80,0,0
764,0,2000,1500,0.01,-360,-330,-360,-330,50,80,50,70,0,0
599,0,2000,1250,0.01,-360,-324,-360,-330,50,80,50,80,50,-50
735,0,2000,1100,0.01,-366,-330,-350,-330,50,80,60,80,10,-10
754,0,2000,1250,0.01,-374,-350,-360,-330,50,70,50,80,11,10
751,0,2000,1100,0.01,-366,-330,-350,-330,50,80,60,80,0,-40
720,0,2000,1250,0.01,-360,-324,-360,-340,50,80,50,70,30,20
755,0,2000,1250,0.01,-360,-330,-360,-330,55,80,50,80,20,-10
657,0,2000,1250,0.01,-360,-330,-360,-330,50,80,60,80,0,0
638,0,2000,1250,0.01,-360,-324,-360,-330,50,80,40,70,20,17
572,200,2000,1000,0.01,-360,-330,-360,-330,50,80,60,80,0,0
860,0,2000,1800,0.01,-400,-424,-360,-390,70,90,60,90,-30,20
764,0,2000,1250,0.01,-360,-330,-360,-330,50,80,50,70,30,20
687,0,2000,700,0.01,-360,-330,-360,-330,50,80,60,80,0,0
680,0,2000,1000,0.01,-360,-330,-360,-330,50,80,60,80,0,0
607,0,2000,1250,0.01,-354,-330,-350,-330,60,80,50,70,0,-20
856,0,2000,1250,0.01,-366,-330,-360,-330,50,80,60,90,20,5
658,0,2000,1250,0.01,-360,-330,-360,-330,50,80,50,70,0,0
691,0,2000,1250,0.01,-360,-300,-308,-300,-312,80,-312,70,0,-20
604,0,2000,1250,0.01,-360,-330,-360,-330,60,85,50,80,16000,0
565,300,2000,1000,0.01,-360,-330,-360,-330,50,80,60,80,30,-20
748,0,2000,1200,0.01,-360,-336,-360,-330,60,80,50,80,30,10
558,200,2000,300,0.01,-360,-330,-360,-330,50,80,60,80,0,0
622,0,2000,1250,0.01,-360,-330,-360,-330,50,80,60,80,50,-20
790,0,2000,1250,0.01,-360,-330,-360,-330,55,80,50,80,30,-20
724,0,2000,1250,0.01,-360,-330,-360,-330,50,80,60,80,30,-20
596,0,2000,1250,0.01,-360,-330,-360,-330,50,80,60,80,30,90
643,0,2000,1250,0.01,-360,-330,-354,-330,50,80,60,80,30,-20
684,0,2000,1250,0.01,-360,-330,-360,-330,70,80,60,80,40,20
647,0,2000,600,0.01,-360,-330,-360,-330,50,80,60,80,30,20
227,0,700,1250,0.01,-360,-330,-360,-330,55,80,60,80,15,0
594,0,2000,1250,0.01,-360,-330,-360,-330,50,80,50,70,1200,0
719,0,2000,1250,0.01,-360,-330,-360,-330,50,80,60,80,15,-10
763,0,2000,1250,0.01,-360,-330,-360,-330,50,80,60,80,20,15
669,0,2000,1250,0.01,-360,-330,-360,-330,50,80,60,80,500,250
811,0,2000,1250,0.01,-360,-330,-360,-330,50,80,60,80,0,0
657,0,2000,1250,0.01,-360,-330,-360,-330,50,80,60,80,15000,0
739,0,2000,1250,0.01,-374,-350,-360,-330,50,70,50,80,29,20
584,0,2000,1500,0.01,-360,-330,-360,-330,50,80,60,80,0,0
619,0,2000,1250,0.01,-360,-330,-360,-330,50,80,60,80,30,0
756,0,2000,400,0.01,-360,-330,-360,-330,50,80,60,80,0,0
771,0,2000,1250,0.01,-400,-340,-400,-340,40,90,40,100,30,-20
409,300,1600,400,0.01,-360,-330,-360,-330,50,80,60,80,45,0
658,0,2000,1250,0.01,-360,-330,-360,-330,50,80,60,80,0,0
706,0,2000,1100,0.01,-366,-330,-350,-330,50,80,60,80,30,-50
576,0,2000,700,0.01,-260,-235,-600,-595,60,78,27,30,20,0
660,0,2000,1250,0.01,-360,-330,-360,-330,50,80,60,80,40,-20
643,0,2000,1450,0.01,-360,-330,-360,-330,50,80,60,80,0,0
631,0,2000,1100,0.01,-360,-330,-360,-330,50,80,60,80,15,0
629,0,2000,1800,0.01,-360,-330,-360,-330,50,80,50,70,0,0
674,0,2000,1200,0.01,-360,-330,-354,-330,50,80,60,80,-20,-10
720,0,2000,1250,0.01,-360,-330,-360,-330,50,80,60,80,30,20
706,0,2000,750,0.01,-360,-330,-360,-330,50,80,60,80,0,0
601,0,2000,1750,0.01,-360,-330,-360,-330,50,80,60,80,0,0
656,0,2000,1700,0.01,-360,-330,-360,-330,50,80,60,80,0,0
731,0,2000,1250,0.01,-360,-330,-360,-330,50,80,60,80,30,20
845,0,2000,1250,0.01,-360,-330,-360,-330,50,80,60,80,30,20
671,0,2000,1100,0.01,-366,-330,-350,-330,50,80,60,80,12,-2
778,0,2000,1000,0.01,-360,-330,-360,-330,50,80,60,80,0,0
619,0,2000,1250,0.01,-366,-330,-360,-340,50,80,60,80,0,25
599,0,2000,1250,0.01,-360,-330,-360,-330,50,80,60,80,0,0
713,0,2000,1100,0.01,-366,-330,-350,-330,50,80,60,80,10,-100
982,0,2000,1250,0.01,-360,-330,-360,-330,50,80,50,70,0,0
627,0,2000,1250,0.01,-312,-300,-310,-300,50,60,50,60,30,0
631,0,2000,600,0.01,-360,-324,-360,-340,50,80,60,80,-100,-150
751,0,2000,1250,0.01,-360,-330,-360,-330,50,80,60,80,20,-20
1011,0,2000,1250,0.01,-354,-330,-360,-330,60,80,50,80,30,-20
659,0,2000,900,0.01,-360,-330,-360,-330,50,80,60,80,0,0
723,0,2000,1800,0.01,-400,-424,-360,-390,70,90,60,90,30,-20
675,0,2000,1250,0.01,-360,-330,-360,-330,50,80,50,70,0,0
658,0,2000,800,0.01,-360,-324,-360,-340,50,80,50,70,18.267725,-5.9111312
637,0,2000,1250,0.01,-360,-336,-360,-340,30,50,50,70,30,10
590,0,2000,1250,0.01,-360,-330,-360,-330,50,80,50,70,0,0
490,0,1500,1000,0.01,-300,-280,-300,-280,50,80,50,70,0,0
717,0,2000,1250,0.01,-374,-350,-360,-330,50,70,50,80,23,20
620,0,2000,1250,0.01,-360,-330,-360,-330,50,80,60,80,0,0
677,0,2000,1250,0.01,-360,-330,-360,-330,50,75,50,80,15,-15
641,0,2000,1000,0.01,-366,-330,-360,-330,50,80,60,90,20,20
586,0,2000,500,0.01,-265.47366,-235,-600,-595,-103.9188333,78,27,30,20,0
951,0,2000,1250,0.01,-366,-330,-360,-330,50,80,60,90,30,10
582,0,2000,1000,0.01,-360,-330,-360,-330,55,80,60,80,15,0
626,0,2000,1250,0.01,-360,-330,-360,-330,50,75,50,80,5,-15
594,0,2000,1250,0.01,-360,-330,-360,-330,50,80,50,70,0,0
642,0,2000,1250,0.01,-360,-336,-360,-340,30,50,50,70,30,30
642,0,2000,1800,0.01,-360,-330,-360,-330,50,80,60,80,0,0
682,0,2000,1250,0.01,-360,-330,-360,-330,50,80,60,80,30000,20000
742,0,2000,1250,0.01,-400,-376,-380,-340,60,80,40,80,18,10
651,0,2000,1400,0.01,-360,-330,-360,-330,50,80,60,80,0,0
862,0,2000,1250,0.01,-360,-330,-360,-330,50,80,60,80,0,0
608,0,2000,1250,0.01,-360,-330,-360,-330,50,80,60,80,30,20
625,0,2000,1100,0.01,-366,-330,-350,-330,50,80,60,80,-20,30
781,0,2000,1250,0.01,-336,-300,-320,-300,50,80,60,80,30,0
633,0,2000,1250,0.01,-360,-330,-360,-330,50,80,50,70,900,0
639,0,2000,500,0.01,-360,-330,-360,-330,50,80,60,80,0,0
617,0,2000,1250,0.01,-360,-330,-360,-330,-240,-220,-240,-220,0,0
788,0,2000,1450,0.01,-360,-330,-360,-330,50,80,60,80,30,20
644,0,2000,1250,0.01,-360,-330,-360,-330,50,80,60,80,0,0
624,0,2000,1250,0.01,-366,-330,-360,-330,50,80,60,90,20,10
636,0,2000,1400,0.01,-360,-330,-360,-330,50,80,50,70,0,0
610,0,2000,1750,0.01,-360,-330,-360,-330,50,80,50,70,0,0
778,0,2000,600,0.01,-360,-330,-360,-330,50,80,60,80,0,0
612,0,2000,1250,0.01,-360,-330,-360,-330,50,75,50,80,15,15
606,0,2000,1600,0.01,-360,-330,-360,-330,50,80,60,80,0,0
624,0,2000,1250,0.01,-360,-330,-360,-330,50,80,30,80,30,20
644,0,2000,1250,0.01,-360,-330,-360,-330,50,75,50,80,-10,-15
624,0,2000,1250,0.01,-360,-330,-360,-330,50,80,60,80,70,0
591,0,2000,1250,0.01,-360,-330,-360,-330,50,80,60,80,0,0
731,0,2000,1250,0.01,-360,-330,-354,-330,50,80,60,80,0,-10
759,0,2000,1250,0.01,-374,-350,-360,-330,50,70,50,80,25,20
692,0,2000,1250,0.01,-366,-330,-360,-330,50,80,60,90,20,15
629,0,2000,1250,0.01,-360,-330,-360,-330,50,80,60,80,1500,800
545,300,2000,700,0.01,-360,-330,-360,-330,50,80,60,80,30,20
658,0,2000,1250,0.01,-360,-330,-360,-330,60,80,50,80,45,30
631,0,2000,1250,0.01,-360,-330,-360,-330,50,80,60,80,30,20
962,0,3200,1250,0.01,-420,-408,-440,-436,50,60,50,55,0,0
577,0,2000,1250,0.01,-360,-330,-360,-330,50,80,50,70,50,50
757,0,2000,1100,0.01,-366,-330,-350,-330,50,80,60,80,30,-100
765,0,2000,1750,0.01,-360,-330,-360,-330,50,80,60,80,0,0
616,0,2000,900,0.01,-360,-330,-360,-330,50,80,60,80,0,0
524,0,1750,1350,0.01,-325,-300,-325,-300,50,80,50,70,0,0
657,0,2000,1200,0.01,-360,-330,-360,-330,50,80,60,80,-90,-60
811,0,2000,1250,0.01,-400,-376,-380,-340,60,80,40,80,16,10
57,0,2000,1250,1,-360,-330,-360,-330,50,80,60,80,30,20
592,0,2000,1250,0.01,-360,-1630,-360,-330,50,80,50,70,1000,0
712,0,2000,1250,0.01,-360,-330,-360,-330,50,80,60,80,30,20
659,0,2000,1200,0.01,-360,-330,-360,-330,50,80,60,80,10,30
610,0,2000,600,0.01,-360,-330,-360,-330,55,80,60,80,15,0
633,0,2000,1400,0.01,-360,-330,-360,-330,50,80,60,80,0,0
702,0,2000,1250,0.01,-360,-330,-360,-330,50,80,60,80,10000,20000
662,0,2000,1100,0.01,-360,-330,-360,-330,50,80,60,80,0,0
808,0,2000,1250,0.01,-360,-330,-360,-330,50,80,60,80,30,20
668,0,2000,1250,0.01,-360,-330,-360,-330,50,80,60,80,0,0
755,0,2000,900,0.01,-360,-330,-360,-330,50,80,60,80,0,0
668,0,2000,1000,0.01,-360,-330,-360,-330,50,80,50,70,30,10
630,0,2000,1600,0.01,-360,-330,-360,-330,50,80,60,80,0,0
643,0,2000,1250,0.01,-360,-330,-360,-330,50,80,60,80,1000,2000
718,0,2000,1250,0.01,-366,-330,-360,-330,50,80,50,80,21,21
840,0,2000,1250,0.01,-360,-330,-360,-330,50,80,55,80,50,50
668,0,2000,1250,0.01,-360,-330,-360,-330,50,80,60,80,50,10
619,0,2000,600,0.01,-360,-324,-360,-340,50,80,60,80,50,0
635,0,2000,1700,0.01,-360,-330,-360,-330,50,80,60,80,0,0
701,0,2000,1250,0.01,-360,-330,-360,-330,50,80,60,80,30,20
590,0,2000,1250,0.01,-380,-330,-335,-330,50,80,50,70,0,0
834,0,2000,1250,0.01,-360,-330,-360,-330,50,80,60,80,30,-20
610,0,2000,800,0.01,-360,-330,-360,-330,50,80,60,80,0,0
649,0,2000,1000,0.01,-360,-330,-360,-330,50,80,60,80,0,0
747,0,2000,1100,0.01,-366,-330,-350,-330,50,80,60,80,30,-10
611,0,2000,1250,0.01,-360,-330,-360,-330,55,80,50,80,20,10
567,0,1800,1200,0.01,-300,-320,-300,-320,50,80,50,70,0,0
665,0,2000,1250,0.01,-360,-330,-360,-330,50,80,60,80,0,0
654,0,2000,1250,0.01,-360,-330,-360,-330,60,85,50,80,36,4
887,0,2000,1250,0.01,-366,-330,-360,-330,50,80,60,90,20,15
798,0,2000,1250,0.01,-360,-330,-360,-330,50,80,60,80,30,40
617,0,2000,1250,0.01,-360,-330,-360,-330,50,80,50,70,30,20
574,0,2000,900,0.01,-177.9517,-235,-600,-595,-99.91883333,78,27,30,20,0
685,0,2000,900,0.01,-360,-330,-360,-330,50,80,60,80,30,20
651,0,2000,1200,0.01,-360,-330,-360,-330,50,80,60,80,0,0
608,0,2000,1250,0.01,-360,-330,-360,-330,50,80,50,70,1500,100
609,0,2000,1250,0.01,-400,-376,-380,-340,60,80,40,80,30,10
619,0,2000,1750,0.01,-360,-330,-360,-330,50,80,60,80,0,0
595,0,2000,1100,0.01,-366,-330,-340,-330,50,80,60,80,5,-2
682,0,2000,1250,0.01,-374,-350,-360,-330,50,70,50,80,16,10
848,0,2000,1250,0.01,-360,-324,-360,-330,50,80,50,80,30,-30
767,0,2000,1100,0.01,-366,-330,-340,-330,50,80,60,80,5,10
628,0,2000,1250,0.01,-360,-330,-360,-330,50,80,60,80,50,-15
565,200,2000,1700,0.01,-360,-330,-360,-330,50,80,60,80,0,0
636,0,2000,750,0.01,-360,-330,-360,-330,50,80,50,70,0,0
640,0,2000,600,0.01,-360,-324,-360,-340,50,80,50,70,60,10
612,0,2000,1250,0.01,-360,-330,-360,-330,50,80,50,70,0,0
600,0,2000,1250,0.01,-360,-330,-360,-330,50,80,60,80,0,0
655,0,2000,1250,0.01,-360,-330,-360,-330,50,75,50,80,0,-15
636,0,2000,1250,0.01,-360,-330,-360,-330,50,80,50,70,0,0
627,0,2000,1250,0.01,-360,-330,-360,-330,60,85,50,80,38441,6441
1068,0,2000,1250,0.01,-360,-330,-360,-330,50,80,60,80,0,0
729,0,2000,1250,0.01,-360,-324,-360,-340,50,80,60,80,30,-20
622,0,2000,1250,0.01,-360,-330,-360,-330,50,80,50,70,-330,0
646,0,2000,1250,0.01,-360,-330,-360,-330,50,80,60,80,0,0
701,0,2000,1250,0.01,-384,-360,-360,-330,70,90,50,80,-20,30
769,0,2000,1250,0.01,-360,-330,-360,-330,50,80,60,80,30,20
597,0,2000,1250,0.01,-360,-330,-360,-330,50,80,60,80,30,20
684,0,2000,1250,0.01,-360,-330,-360,-330,50,75,60,90,0,30
108,800,1000,900,0.01,-360,-330,-360,-330,50,80,60,80,0,0
696,0,2000,1800,0.01,-360,-330,-360,-330,50,80,60,80,0,0
681,0,2000,1100,0.01,-366,-330,-350,-330,50,80,60,80,10,-40
813,0,2000,1250,0.01,-400,-340,-400,-340,40,90,40,100,10,-20
927,0,2000,1250,0.01,-360,-330,-360,-330,50,75,60,90,30,-20
731,0,2000,1400,0.01,-360,-330,-360,-330,50,80,60,80,0,0
688,0,2000,1000,0.01,-360,-330,-360,-330,50,80,50,70,100,0
1001,0,2000,1250,0.01,-360,-330,-360,-330,50,80,60,80,0,0
419,300,1600,400,0.01,-360,-330,-360,-330,50,80,60,80,20,0
733,0,2000,900,0.01,12,10,13,12,10,7.23,13,10,0,0
644,0,2000,1250,0.01,-360,-330,-360,-330,50,80,60,80,30,20
802,0,2000,1250,0.01,-366,-330,-360,-330,50,80,60,90,10,5
557,0,2000,300,0.01,-264701.7,-235,-600,-595,103.92,78,27,30,20,0
652,0,2000,1600,0.01,-360,-330,-360,-330,50,80,60,80,0,0
697,0,2000,1250,0.01,-374,-350,-360,-330,50,70,50,80,30,20
585,0,2000,1100,0.01,-360,-330,-360,-330,50,80,60,80,0,0
631,0,2000,1250,0.01,-360,-330,-360,-330,50,80,60,80,30,-20
616,0,2000,1250,0.01,-360,-330,-360,-330,50,80,60,80,30000,20000
589,0,2000,1100,0.01,-300,-270,-360,-330,55,80,50,80,10,3
745,0,2000,750,0.01,-360,-330,-360,-330,50,80,50,70,0,0
691,0,2000,1750,0.01,-360,-330,-360,-330,50,80,60,80,30,20
725,0,2000,1000,0.01,-360,-330,-360,-330,50,80,60,80,0,0
627,0,2000,1100,0.01,-360,-330,-360,-330,50,75,50,80,10,0
659,0,2000,850,0.01,-360,-330,-360,-330,50,80,60,80,0,0
717,0,2000,1250,0.01,-360,-330,-360,-330,50,80,60,80,30000,20000
714,0,2000,1250,0.01,-360,-324,-360,-330,50,80,50,80,30,-30
616,0,2000,1250,0.01,-360,-330,-360,-330,50,80,50,70,0,0
627,0,2000,1750,0.01,-360,-330,-360,-330,50,80,60,80,0,0
604,0,2000,1250,0.01,-360,-330,-360,-330,60,80,50,80,30,-20
623,0,2000,1100,0.01,-366,-330,-350,-330,50,80,60,80,10,-80
715,0,2000,1250,0.01,-360,-330,-360,-330,50,80,60,80,40,20
768,0,2000,1000,0.01,-360,-330,-360,-330,50,80,60,80,0,0
690,0,2000,1250,0.01,-360,-330,-354,-330,50,80,60,80,10,20
728,0,2000,1200,0.01,-360,-330,-354,-330,50,80,60,80,20,20
592,0,2000,1250,0.01,-390,-330,-340,-330,50,80,50,70,0,0
442,300,1600,1000,0.01,-360,-330,-360,-330,50,80,60,80,15,-5
658,0,2000,1000,0.01,-360,-330,-360,-330,50,80,60,80,0,0
586,0,2000,1000,0.01,-360,-330,-360,-330,50,80,60,80,0,0
613,0,2000,1270,0.01,-360,-330,-360,-330,50,80,60,80,0,0
671,0,2000,250,0.01,-360,-330,-360,-330,50,80,60,80,0,0
756,0,2000,1250,0.01,-366,-330,-360,-330,50,80,50,80,22,22
575,0,2000,700,0.01,-360,-330,-360,-330,50,80,60,80,0,0
674,0,2000,1450,0.01,-360,-330,-360,-330,50,80,60,80,0,0
611,0,2000,1100,0.01,-354,-330,-360,-330,50,70,50,80,-30,20
720,0,2000,1250,0.01,-366,-330,-350,-330,50,80,60,80,20,20
790,0,2000,1250,0.01,-360,-330,-360,-330,60,85,50,80,30,10
723,0,2000,1250,0.01,-366,-330,-360,-330,50,80,50,80,0,20
640,0,2000,1100,0.01,-366,-330,-340,-330,50,80,60,80,15,-2
722,0,2000,1000,0.01,-360,-330,-360,-330,55,80,45,80,20,-20
629,0,2000,1250,0.01,-360,-324,-360,-330,50,80,40,70,20,-10
636,0,2000,1250,0.01,-360,-330,-360,-330,50,80,60,80,500,1000
750,0,2000,1250,0.01,-336,-300,-320,-300,50,80,60,80,30,5
892,0,2000,1250,0.01,-500,-470,-500,-470,130,170,150,170,0,0
723,0,2000,1250,0.01,-374,-350,-360,-330,50,70,50,80,26,20
662,0,2000,1250,0.01,-360,-330,-360,-330,50,80,60,80,20,20
587,0,2000,1250,0.01,-360,-330,-360,-330,50,80,60,80,30,20
5,100,2000,1250,0.01,-360,-330,-360,-330,50,80,50,70,0,0
868,0,2000,1250,0.01,-360,-330,-360,-330,50,75,50,80,30,20
746,0,2000,100,0.01,-360,-330,-360,-330,50,80,60,80,0,0
777,0,2000,1250,0.01,-360,-330,-360,-330,50,80,60,80,0,0
774,0,2000,1250,0.01,-366,-330,-360,-330,50,80,50,80,30,0
730,0,2000,1250,0.01,-374,-350,-360,-330,50,70,50,80,14,10
609,0,2000,1250,0.01,-360,-330,-360,-330,50,80,60,80,200,100
719,0,2000,700,0.01,-360,-330,-360,-330,50,80,60,80,0,0
620,0,2000,1500,0.01,-360,-330,-360,-330,50,80,50,70,0,0
613,0,2000,1250,0.01,-360,-330,-360,-330,50,80,60,80,20,-30
630,0,2000,1100,0.01,-366,-330,-350,-330,50,80,60,80,20,-30
675,0,2000,1100,0.01,-366,-330,-350,-330,50,80,60,80,20,-20
811,0,2000,1750,0.01,-360,-330,-360,-330,50,80,50,70,0,0
627,0,2000,1750,0.01,-360,-330,-360,-330,50,80,50,70,0,0
705,0,2000,1200,0.01,-360,-330,-360,-330,60,80,50,80,60,10
573,0,2000,300,0.01,-260,-235,-600,-598,60,78,27,30,20,0
662,0,2000,1250,0.01,-360,-330,-360,-330,50,80,60,80,0,0
643,0,2000,1250,0.01,-360,-330,-360,-330,50,80,60,80,30,20
651,0,2000,1300,0.01,-360,-330,-360,-330,50,80,60,80,0,0
688,0,2000,1250,0.01,-360,-324,-360,-340,50,80,50,70,30,20
579,0,1500,1100,0.01,-342,-330,-340,-330,70,80,70,80,0,15
571,0,2000,500,0.01,-236.02366,-235,-600,-595,-102.58,78,27,30,20,0
607,0,2000,1250,0.01,-360,-330,-360,-330,50,80,60,80,0,0
667,0,2000,1250,0.01,-360,-330,-360,-330,55,80,50,80,0,0
606,0,2000,1250,0.01,-360,-330,-360,-330,50,80,60,80,30,20
741,0,2000,1250,0.01,-360,-330,-360,-330,50,80,50,70,30,20
584,0,2000,600,0.01,-360,-330,-360,-330,50,80,60,80,0,0
694,0,2000,1250,0.01,-360,-330,-360,-330,50,80,60,80,40,-10
830,0,2000,1100,0.01,-360,-330,-360,-330,-300,-275,-360,-330,30,-20
651,0,2000,1100,0.01,-366,-330,-350,-330,50,80,60,80,10,-70
641,0,2000,1100,0.01,-360,-330,-360,-330,50,80,50,70,0,0
744,0,2000,750,0.01,-360,-330,-360,-330,50,80,60,80,-10,0
825,0,2000,1250,0.01,-360,-330,-360,-330,50,80,60,80,30,20
603,0,2000,1000,0.01,-360,-330,-360,-330,50,80,60,80,0,0
607,0,2000,1250,0.01,-360,-330,-360,-330,50,80,60,80,20,30
731,0,2000,1250,0.01,-360,-330,-360,-330,60,80,50,80,0,0
665,0,2000,1250,0.01,-360,-324,-360,-330,50,80,40,70,10,-10
589,0,2000,1250,0.01,-360,-330,-360,-330,50,80,50,70,1500,0
733,0,2000,1250,0.01,-400,-340,-400,-340,40,90,40,100,-15,-20
761,0,2000,1250,0.01,-12,-12,-10,-10,10,10,10,10,15,0
694,0,2000,1100,0.01,-360,-330,-360,-330,50,80,60,80,15,-10
622,0,2000,1100,0.01,-366,-330,-340,-330,50,80,60,80,3,-2
713,0,2000,750,0.01,-360,-330,-360,-330,50,80,60,80,0,0
622,0,2000,1250,0.01,-360,-330,-360,-330,50,80,50,70,30000,20000
642,0,2000,1250,0.01,-360,-330,-360,-330,50,80,60,80,30,-20
331,900,1300,1250,0.01,-360,-330,-360,-330,50,75,50,80,-30,-20
760,0,2000,1100,0.01,-366,-330,-350,-330,50,80,60,80,0,-70
614,0,2000,700,0.01,-360,-330,-360,-330,50,80,60,80,0,0
836,0,2000,1250,0.01,-360,-330,-360,-330,100,60,70,40,0,0
710,0,2000,1250,0.01,-360,-330,-360,-330,50,80,60,80,10,-10
607,0,2000,1500,0.01,-360,-330,-360,-330,50,80,60,80,0,0
662,0,2000,1000,0.01,-366,-330,-360,-330,50,80,60,80,0,20
744,0,2000,1250,0.01,-360,-330,-360,-330,50,80,60,80,0,0
591,0,2000,1250,0.01,-360,-330,-360,-330,50,80,60,80,0,0
648,0,2000,1250,0.01,-400,-376,-380,-340,60,80,40,80,50,40
601,0,2000,1250,0.01,-374,-350,-360,-330,50,70,50,80,5,1
617,0,2000,1250,0.01,-374,-350,-360,-330,50,70,50,80,1,5
639,0,2000,1800,0.01,-360,-330,-360,-330,50,80,60,80,0,0
671,0,2000,1250,0.01,-360,-330,-360,-330,50,80,60,80,0,0
620,0,2000,1250,0.01,-400,-376,-380,-340,60,80,40,80,10,10
600,0,2000,1250,0.01,-360,-330,-360,-330,50,80,60,80,0,0
38,0,2000,1250,1,-360,-330,-360,-330,50,80,60,80,0,0
928,0,2000,1250,0.01,-360,-336,-360,-330,50,70,50,80,30,0
575,0,2000,1700,0.01,-360,-330,-360,-330,50,80,60,80,0,0
589,0,2000,723,0.01,50,100,30,70,50,30,40,20,0,0
682,0,2000,750,0.01,-360,-330,-360,-330,50,80,60,80,0,0
715,0,2000,1250,0.01,-360,-330,-360,-330,50,80,60,80,0,0
689,0,2000,1100,0.01,-366,-330,-350,-330,50,80,60,80,30,-90
692,0,2000,1200,0.01,-360,-330,-354,-330,50,80,60,80,-20,10
692,0,2000,1250,0.01,-360,-330,-360,-330,50,80,60,80,30,-20
807,0,2000,1250,0.01,-360,-330,-360,-330,100,40,70,40,0,0
694,0,2000,1250,0.01,-366,-330,-360,-330,50,80,60,90,30,-20
88,0,2000,1250,1,-360,-330,-360,-330,50,80,60,80,0,0
744,0,2000,1800,0.01,-360,-330,-360,-330,50,80,60,80,30000,0
642,0,2000,1250,0.01,-360,-330,-360,-330,50,80,50,70,1500,20
576,0,2000,1100,0.01,-354,-330,-360,-330,50,70,50,80,30,-20
754,0,2000,1250,0.01,-400,-340,-400,-340,40,90,40,100,15,-30
613,0,2000,1250,0.01,-400,-376,-380,-340,60,80,40,80,10,15
748,0,2000,1250,0.01,-360,-330,-360,-330,50,80,60,80,0,0
700,0,2000,1800,0.01,-360,-330,-360,-330,50,80,60,80,30,20
571,0,2000,1250,0.01,-360,-330,-360,-330,50,80,60,80,30000,20000
195,0,600,1250,0.01,-360,-330,-360,-330,55,80,60,80,15,0
881,0,2000,1300,0.01,-360,-330,-360,-330,50,80,60,80,0,0
805,0,2000,1250,0.01,-360,-330,-360,-330,55,80,60,80,15000,2000
693,0,2000,1200,0.01,-360,-330,-354,-330,50,80,60,80,-10,0
676,0,2000,1250,0.01,-360,-330,-360,-330,50,80,60,80,0,0
719,0,2000,900,0.01,-360,-330,-360,-330,55,80,50,80,25,-25
769,0,2000,750,0.01,-360,-330,-360,-330,50,80,60,80,-10,-10
653,0,2000,1250,0.01,-360,-330,-360,-330,50,80,60,80,-360,-330
682,0,2000,1250,0.01,-360,-330,-360,-330,50,80,60,80,30,20
652,0,2000,1250,0.01,-360,-330,-360,-330,50,80,60,80,30,20
752,0,2000,1100,0.01,-366,-330,-350,-330,50,80,60,80,20,-30
769,0,2000,1250,0.01,-360,-330,-360,-330,50,80,60,80,30,20
692,0,2000,1250,0.01,-360,-330,-360,-330,50,80,60,80,0,0
628,0,2000,600,0.01,-360,-324,-360,-340,50,80,60,80,70,20
642,0,2000,1250,0.01,-366,-330,-360,-340,50,80,60,80,0,30
570,0,2000,1000,0.01,-260,-235,-600,-595,60,78,27,30,20000,0
656,0,2000,1250,0.01,-360,-330,-360,-330,50,80,60,80,30000,20000
688,0,2000,1100,0.01,-360,-330,-360,-330,50,80,60,80,0,0
711,0,2000,1250,0.01,-400,-340,-400,-340,40,90,40,100,20,25
837,0,2000,1200,0.01,-360,-330,-360,-330,50,70,40,70,40,-40
643,0,2000,1250,0.01,-360,-330,-360,-330,50,75,50,80,0,15
752,0,2000,1100,0.01,-366,-330,-350,-330,50,80,60,80,0,0
634,0,2000,1250,0.01,-12,-12,-10,-10,10,10,10,10,15,5
753,0,2000,1100,0.01,-366,-330,-350,-330,50,80,60,80,20,-100
640,0,2000,1100,0.01,-300,-270,-360,-330,55,80,50,80,2,3
449,0,1100,1250,0.01,-360,-330,-360,-330,-300,-275,-360,-330,30,-20
611,0,2000,500,0.01,-360,-330,-360,-330,50,80,50,70,0,0
699,0,2000,1750,0.01,-360,-330,-360,-330,50,80,50,70,0,0
679,0,2000,1100,0.01,-360,-330,-360,-330,50,80,60,80,0,0
773,0,2000,600,0.01,-360,-330,-360,-330,50,80,60,80,0,0
669,0,2000,750,0.01,-360,-330,-360,-330,50,80,60,80,0,0
665,0,2000,1250,0.01,-360,-330,-360,-330,54,80,46,80,0,0
621,0,2000,1500,0.01,-360,-330,-360,-330,50,80,60,80,0,0
735,0,2000,1250,0.01,-360,-330,-360,-330,50,80,60,80,20,20
681,0,2000,1250,0.01,-360,-336,-360,-340,30,50,50,70,0,0
589,0,2000,1250,0.01,-360,-330,-360,-330,50,80,60,80,0,0
602,0,2000,600,0.01,-360,-324,-360,-340,50,80,60,80,30,-20
608,0,2000,1250,0.01,-360,-324,-360,-330,50,80,50,80,0,-10
632,0,2000,900,0.01,-360,-330,-360,-330,50,80,60,80,0,0
632,0,2000,1250,0.01,-360,-330,-360,-330,54,80,50,80,30,-30
685,0,2000,1250,0.01,-360,-330,-360,-330,50,80,60,80,35,15
597,0,2000,1250,0.01,-360,-330,-360,-330,50,80,60,80,20,15
703,0,2000,1250,0.01,-360,-330,-360,-330,50,80,60,80,-10,20
598,0,2000,1250,0.01,-400,-350,-360,-330,55,80,50,80,20,-20
732,0,2000,1100,0.01,-366,-330,-350,-330,50,80,60,80,0,-50
599,0,2000,750,0.01,-360,-330,-360,-330,50,80,60,80,0,0
740,0,2000,1250,0.01,-360,-330,-360,-330,50,80,60,70,30,0
918,0,2000,1500,0.01,-360,-330,-360,-330,50,80,60,80,0,0
704,0,2000,1250,0.01,-360,-330,-360,-330,60,85,60,80,17500,30000
607,0,2000,1250,0.01,-360,-330,-360,-330,50,80,60,80,0,0
704,0,2000,1100,0.01,-360,-330,-360,-330,50,80,55,80,0,30
776,0,2000,1250,0.01,-360,-324,-360,-330,50,80,40,70,16.628,0
683,0,2000,300,0.01,-360,-330,-360,-330,50,80,60,80,30,20
587,0,2000,800,0.01,-360,-324,-360,-340,50,80,50,70,30,0.143
653,0,2000,800,0.01,-360,-330,-360,-330,50,80,50,70,0,0
757,0,2000,1250,0.01,-400,-340,-400,-340,40,90,40,100,40,-30
689,0,2000,1100,0.01,-366,-330,-350,-330,50,80,60,80,20,10
867,0,2000,1250,0.01,-366,-330,-360,-330,50,80,60,90,20,15
743,0,2000,1250,0.01,-360,-330,-360,-330,50,80,60,80,-20000,-500
607,0,2000,1100,0.01,-366,-330,-350,-330,50,80,60,80,15,-3
602,0,2000,1700,0.01,-360,-330,-360,-330,50,80,60,80,0,0
601,0,2000,1000,0.01,-360,-330,-360,-330,50,80,60,80,0,0
601,0,2000,1700,0.01,-360,-330,-360,-330,50,80,60,80,0,0
604,0,2000,1250,0.01,-360,-330,-360,-330,50,80,60,80,0,0
589,0,2000,1250,0.01,-360,-330,-360,-330,50,80,50,70,0,0
698,0,2000,1550,0.01,-360,-330,-360,-330,50,80,60,80,0,0
668,0,2000,1100,0.01,-366,-330,-340,-330,50,80,60,80,12,-2
722,0,2000,1250,0.01,-360,-330,-360,-330,50,80,60,80,30,20
652,0,2000,1250,0.01,-360,-330,-360,-330,50,80,50,70,0,0
692,0,2000,1250,0.01,-360,-330,-360,-330,50,80,60,80,30,20
568,0,2000,500,0.01,-235.9183667,-235,-600,-595,-102.5855,78,27,30,20,0
425,200,1500,300,0.01,-360,-330,-360,-330,50,80,60,80,30000,20000
753,0,2000,1250,0.01,-360,-330,-360,-330,60,80,50,80,30,20
782,0,2000,1100,0.01,-366,-330,-350,-330,50,80,60,80,0,-60
731,0,2000,1250,0.01,-400,-340,-400,-340,40,90,40,100,30,10
708,0,2000,1250,0.01,-360,-330,-354,-330,50,80,60,80,10,0
632,0,2000,1000,0.01,-360,-330,-360,-330,50,80,60,80,30,20
667,0,2000,1250,0.01,-360,-330,-360,-330,60,85,50,80,30,40
706,0,2000,1250,0.01,-360,-330,-360,-330,50,80,50,70,0,100
667,0,2000,1250,0.01,-360,-330,-360,-330,50,80,50,70,0,0
643,0,2000,1000,0.01,-360,-330,-360,-330,50,80,60,80,0,0
695,0,2000,800,0.01,-360,-330,-360,-330,55,80,60,80,20,0
656,0,2000,1250,0.01,-360,-330,-360,-330,50,80,60,80,0,100
607,0,2000,1250,0.01,-360,-330,-360,-330,50,80,60,80,-30,20
596,0,2000,800,0.01,-360,-324,-360,-340,50,80,50,70,30,0.143
750,0,2000,1250,0.01,-360,-330,-360,-330,50,80,50,70,0,0
620,0,2000,1250,0.01,-360,-330,-360,-330,50,80,60,80,0,0
616,0,2000,1250,0.01,-360,-330,-360,-330,50,80,50,70,15,0
689,0,2000,1250,0.01,-360,-330,-360,-330,60,85,50,80,30,-20
552,300,2000,1100,0.01,-360,-330,-360,-330,50,80,60,80,30,20
616,0,2000,750,0.01,-360,-330,-360,-330,55,80,50,80,30,-30
901,0,2000,1250,0.01,-360,-330,-360,-330,50,80,60,80,0,0
816,0,2000,1250,0.01,-360,-330,-360,-330,50,80,60,80,0,0
1092,0,2000,1250,0.01,-360,-330,-360,-330,50,80,50,70,0,0
615,0,2000,1250,0.01,-360,-330,-360,-330,55,80,50,80,15000,2000
604,0,2000,1700,0.01,-360,-330,-360,-330,50,80,60,80,0,0
594,0,2000,1100,0.01,-300,-270,-360,-330,55,80,50,80,15,3
565,0,2000,700,0.01,-260,-235,-600,-595,60,78,27,30,20,0
655,0,2000,1250,0.01,-400,-330,-400,-330,50,80,50,70,0,0
648,0,2000,1100,0.01,-360,-330,-360,-330,55,80,50,80,20,-10
691,0,2000,1250,0.01,-360,-330,-360,-330,50,80,50,70,0,0
810,0,2000,1250,0.01,-360,-330,-360,-330,50,80,100,120,0,0
644,0,2000,600,0.01,-360,-330,-360,-330,50,80,60,80,0,0
782,0,2000,750,0.01,-360,-330,-360,-330,50,80,60,80,10,-10
556,300,2000,300,0.01,-360,-330,-360,-330,50,80,60,80,30,20
626,0,2000,1250,0.01,-360,-330,-360,-330,50,80,50,70,1000,0
691,0,2000,1250,0.01,-360,-330,-360,-330,50,80,60,80,80,-80
592,0,2000,1250,0.01,-312,-300,-310,-300,50,60,50,60,30,-10
809,0,2000,1250,0.01,-360,-330,-360,-330,50,80,60,80,15,0
630,0,2000,1250,0.01,-360,-330,-360,-330,50,80,60,80,90,30
643,0,2000,1250,0.01,-336,-300,-320,-300,50,80,60,80,30,30
608,0,2000,1250,0.01,-360,-324,-360,-330,50,80,40,70,30,-20
602,0,2000,1500,0.01,-360,-330,-360,-330,50,80,50,70,0,0
