runtime,in01,in02,in03,in04,in05
46,150,100,4,0,0
218954,3000,50,-8.8633,-1.5628,0
91124,2000,50,-2.970804,0,0.417519
26519,1000,50,-4.987820251,0.348782369,0
67113,1500,50,-4.987820251,0.348782369,0
69017,1000,50,-5.9088,0,-1.0416
66797,3000,50,-2,0,0
91695,1500,50,-4.962730758,0,-0.609346717
25869,1000,50,-5,0,0
55606,1500,50,-4.962730758,0,0.609346717
22958,1000,50,-8,0,0
1,1000,50,-1.997,0,0.105
48416,2000,20,-8,0,0
35182,1000,50,-4.951340344,-0.695865505,0
20510,1000,50,-1,0,0
56125,2500,50,-3,-0.529,0
183140,1500,50,-0.996,-0.087,0
44685,1000,50,-7.999,0,0.14
224204,1500,50,-1,1,0
36599,1000,50,-2.99,0,0.1046
28797,1000,50,-1,0,0
105252,1500,50,-2.995889,0,-0.157008
43385,1500,50,-0.9848,0,0.1736
4981,2000,50,-2.954423,-0.520945,0
187,1000,50,-2,0,0
54378,2000,50,-2.983565686,0,0.31358539
28748,1000,50,-4.951340344,-0.695865505,0
26533,1000,50,-8,0,0
43746,750,150,-2.819077862,0,1.02606043
46527,2000,50,-10,0,0
65136,1500,50,-4.972609477,0,-0.522642316
78617,1500,50,-0.9848,0,-0.1736
16866,1000,50,-0.9993,0.0348,0
292974,3000,50,-0.9848,0,-0.1736
45625,2000,20,-0.98481,0.173648,0
83031,3000,50,-8.8633,1.5628,0
22799,1000,50,-1,0,0
24837,3000,50,-1,0,0
33782,1000,50,-7,0,0
24544,1500,50,-4.9627,0,-0.60935
171550,2500,50,-2.971,0,0.418
28044,1200,120,-6.893654271,1.215537244,0
136832,2000,50,-3,0,0
15201,400,100,-2,0,0
4545,150,100,4,0,0
25209,1000,50,-8,0,0
5776,150,100,4,0,0
25382,1000,50,-8,0,0
4,1500,50,-2.983566,0,-0.313585
20602,800,80,-2.988584094,0,0.261467228
20993,3000,50,-1,0,0
141820,1000,50,-4.957,0.6526,0
80742,2500,50,-2.984,0,-0.314
29290,1000,25,-4.924038765,0.868240888,0
62093,1500,50,-2,0,0
22765,1000,25,-9,0,0
103594,2000,400,-5,0,0
78639,4000,80,-1,0,0
103228,2500,50,-2.971,0,-0.418
76267,2000,50,-2.992692151,-0.209269421,0
15433,1000,50,-4,0,0
58585,1000,50,-2,0,0
15918,1000,50,-7,0,0
605533,2000,50,-2.983565686,0.31358539,0
146139,2500,50,-2.954,-0.515,0
20256,1000,25,-5,0,0
43255,1000,50,-8,0,0
24388,1000,50,-7,0,0
19519,1000,50,-7,0,0
27117,1000,50,-4.938,0,-0.782
96956,2000,50,-6,0,0
35545,1000,50,-4.9240388,0,-0.8682409
20533,1000,100,-4.98097349,0,-0.435778714
50630,1000,50,-4.987820251,0,-0.348782369
2,1000,50,-8,0,0
46570,2000,20,-0.96126,0,0.275637
120346,1500,50,-2.954423,-0.520945,0
46230,1000,50,-4.987820251,0,-0.348782369
84206,1000,50,-8.991,0,0.3924
2,2000,20,-2.88379,0,-0.826912
64914,2000,50,-4.981,0.436,0
49832,2000,50,-10,0,0
74410,2000,50,-2.954423,-0.520945,0
34753,1000,50,-6,0,0
17019,1000,50,-4.938,0,-0.782
143323,2000,50,-3.978087581,0.418113853,0
48099,1500,50,-0.9848,0.1736,0
34667,1000,50,-4.999,0,0.087
65026,3000,50,-1.997,0.105,0
70597,2000,50,-2.954423,0,-0.520945
17733,1000,50,-3.99026,0.279026,0
28137,1000,25,-4.97261,0,0.52264
39190,1000,50,7.878462024,0,-1.389185421
3994,150,100,4,0,0
84828,4000,80,-5,0,0
243389,5000,50,-5,0,0
30130,1000,50,-4.972609477,0,0.522642316
13163,1500,50,-2.955889,0,-0.157008
16280,1000,25,-4.98097349,0,-0.435778714
45858,2000,20,-0.99452,-0.104528,0
73309,2000,50,-3,0,0
18273,1000,25,-4.957224307,0,0.652630961
79205,1000,50,-4.003,0,0
32994,1500,50,-1,0,0
2775,50,50,1,0,0
48924,1000,50,-2.997,0,0.1308
59904,2000,50,-4.951340344,0,0.695865505
10,150,100,4,0,0
203383,2000,50,-4.981,-0.436,0
25465,1500,50,-7,0,0
20396,3000,50,-1,0,0
78282,1500,50,-9,0,0
47315,1000,50,-7,0,0
92284,1000,50,-4.924,0,0.868
97490,2000,50,-8,0,0
44499,2500,50,-3,-0.21,0
110201,1500,50,-2.988584,0,0.261467
76911,1000,50,-2,0,0
15709,1000,50,-5,0,0
98360,2000,50,-4.981,-0.436,0
34773,3000,50,1,9,0
124955,1000,50,-1,0,0
22902,1000,50,-10,0,0
64808,2000,50,-2.970804,0.417519,0
70965,2000,50,-2.998172,0,0.104698
31846,1000,50,-7.96956,0,0.697246
40723,1000,50,-4.993,0,0.262
90141,1500,50,-2.983566,0.313585,0
57198,2000,50,-2.970804206,0,-0.417519303
139366,1500,50,-1,0,0.176
61605,2000,50,-1,0,0
25229,2000,50,-2.983565686,0.31358539,0
1,1000,50,-1,0,0
8421,150,100,2,0,0
176,1000,50,-4,0,0
118261,1000,25,-4.995241108,0,0.218096937
34787,1000,50,-0.9961,0,0.0871
75807,2500,50,-5,0,0
38605,1000,50,-9,0,0
145,3000,50,-10,0,0
24914,1000,50,-3,0,0.42
40399,1000,50,-2.97,0.417,0
112367,2000,50,-4.98097349,0,-0.435778714
70305,2000,50,-2.95,0,0.52
1,1000,50,-1.997,0,0.105
3542,1000,50,3,0,0
35176,3000,50,-1,-5,0
186097,3000,50,-1,0,0
46222,1000,50,-5,0,0
4234,100,50,-5,0,0
30197,1000,50,-4.987820251,0,0.348782369
563387,1000,50,-3,0,0.1
44528,1000,50,-8.998,0,0
60730,1500,50,-4.951340344,0.695865505,0
66343,1000,50,2.97,0,0.417
20195,1000,50,-7,0,0
35847,1500,50,-3.99756,0,0.139597
110788,1500,50,-3.978087,0,0.418113
53005,2500,50,-2.971,0.414,0
133471,2000,50,-4.924,0.868,0
21534,1000,50,-4.993147674,0,0.261679781
54249,3000,50,1,3,0
22256,1000,25,-4.97261,0,-0.52264
165132,1000,50,-6,0,0
117617,2000,50,-10,0,0
32299,1000,50,-4.996954,0,0.174497
75872,2000,50,-7,0,0
24511,800,80,-2.988584094,0.261467228,0
2,150,50,-1,0,0
208,2000,50,-6,0,0
62151,3000,50,-2.96,0.468,0
65975,1500,50,-2.998172481,0,-0.10469849
142076,2000,50,-9,0,0
539639,1000,50,-7.94,0,-0.975
27100,1000,50,-7.989036278,0,0.41868765
35690,1000,50,-1,0,0
37076,1000,50,-0.9848,-0.1736,0
67448,2000,50,-2.98,0.26,0
35973,2000,25,-5,0,0
45489,1500,50,-0.9848,-0.1736,0
21592,3000,50,-1,0,0
69273,2000,50,-0.996,0,-0.087
67879,1400,350,-6.893654271,1.215537244,0
60041,1000,25,-4.98097349,-0.435778714,0
13746,1500,50,-2.998172,-0.104698,0
80132,2000,50,-2.970804,0,0.417519
119790,1500,50,-2.983566,0.313585,0
2,1000,50,-1,0,0
2661,2000,50,-5,0,0
93687,3000,50,-2.96,-0.468,0
76000,2000,50,-6,0,0
94100,2000,50,-4.924,0,-0.868
3515,150,100,4,0,0
3569,1000,50,3,0,0
206208,2000,50,-4.924,-0.868,0
96388,2000,50,-5,0,0
71943,2000,50,-4.981,-0.436,0
99145,1000,50,-7.989036,0,-0.418688
91144,2000,50,-9.962,-0.276,0
54366,1000,25,-7,0,0
194825,3000,50,-1,0,0
194284,10000,50,-1,0,0
25167,1000,50,-5,0,0
403,3000,50,-8.8633,-1.5628,0
34246,1200,120,-6.973362887,0,-0.610090199
180249,3000,50,-5,0,0
24921,1000,50,-4.995,-0.218,0
45676,1000,50,-3,0,0
222136,3000,50,-8.8633,0,1.5628
144722,1500,50,-1,0,0
60912,1200,120,-0.984807753,0.173648178,0
75862,1000,50,-4.951340344,-0.695865505,0
545929,1000,50,-4.963,0,0.609
59333,1000,50,-4,0,0
101600,2000,50,-4.962730758,-0.609349717,0
51710,1500,50,-4.987820251,0,0.348782369
34061,1500,50,-1,0,0
35784,2000,50,-10,0,0
38668,1500,50,-2.954423,0,-0.520945
48330,1000,50,-3.002,0,0
33821,1000,50,-9,0,0
90295,1000,50,-4.987820251,-0.348782369,0
25945,1000,50,-6,0,0
29877,1000,50,-9,0,0
18401,1000,50,-1.997,0,-0.105
46680,2000,50,-10,0,0
59751,1000,50,-8.9226,0,1.1745
6764,100,20,4,0,0
17081,1000,50,-4,0,0
23137,1000,50,-9,0,0
78033,2000,50,-2.99,0,-0.13
27706,1000,50,-7,0,0
29577,1000,50,-4.987820251,-0.348782369,0
54991,2000,20,-7,0,0
55171,1500,50,-2.954423259,0.520944533,0
26368,1000,50,-8,0,0
17835,1000,50,-2,0,0
16073,1000,50,-4.938441703,0,0.782172352
95577,4000,80,-4.981,0.436,0
45638,2000,20,-0.99452,0.104528,0
29676,1000,50,-7.989036278,0,0.41868765
32405,500,100,-0.939692621,0,0.342020143
24666,1000,50,-5,0,0
97766,3000,50,-5.99,0,0.32
40008,1000,50,-4.996954,-0.174497,0
3,1000,25,-10,0,0
62535,1000,50,-1.992,0,-0.174
36775,1000,50,-9,0,0
61126,1000,25,-9.8481,0,1.7365
49587,1000,50,-2.973,0,0.392
24432,1000,50,-4.938441703,0,0.782172325
70722,2000,50,-4.981,0,-0.436
73044,1500,50,-2.998172,0,0.104698
50714,1500,50,-4.951340344,0,-0.695865505
8198,150,100,4,0,0
44994,3000,50,4,0,0
16294,1000,50,-1,0,0
1,2000,20,-0.96126,0.275637,0
115920,1500,50,-4.9627,0,0.60935
50913,1000,50,-5.99,0,0.32
53557,1000,50,-0.9848,0,-0.1736
19744,1000,50,-3,0,0
14684,1000,25,-4.98097349,0.435778714,0
95530,4000,80,-0.996,0,-0.087
54379,2000,50,-2.992692151,0.209269421,0
79,4000,80,-0.996,0.087,0
120574,1000,50,-4,0,0
56197,2000,50,-2.954423259,0,-0.520944533
53953,1000,50,-4.993147674,0,0.261679781
92721,3000,100,-1.701973113,0,5.753545648
36346,1000,50,-7,0,0
26272,1500,50,-3,0,0
117906,1500,50,-5,0,0
34666,1000,50,-8.9658,0,-0.7848
73341,1000,50,-4.924,0.868,0
44307,1000,50,-5.997,0,0
64982,3000,50,-4,0,0
48197,1500,50,-2.954423259,0.520944533,0
37899,1000,50,-8.8632,0,1.5624
205591,2000,50,-6,0,0
21722,3000,300,-4,0,-0.5
19794,1000,50,-10,0,0
50324,1500,50,-4.987820251,0,-0.348782369
1,1000,50,-7.902,0,1.251
132945,2000,50,-0.996,0,0.087
48931,1000,50,-4.987820251,-0.348782369,0
176385,1500,50,-10,0,0
62257,1000,50,-4,0,0
50440,1500,20,-2,0,0
17084,1000,50,-8,0,0
19992,1000,25,-3,0,0
18346,1000,50,-4.972609477,0,-0.522642316
50943,3000,50,1,7,0
96,1000,50,-5,0,0
38020,2000,50,-4.951340344,-0.695865505,0
4314,150,100,4,0,0
31193,1000,50,-2.954423259,-0.520944533,0
12513,1500,50,-8,0,0
55267,1000,50,-1,0,0
176458,2000,50,-2,0,0
155,1000,50,-1,0,0
51403,1500,50,-4.972609477,-0.522642316,0
13835,4000,80,-9.848,1.736,0
80018,2000,50,-5,0,0
37547,1000,50,-7.97,0,-0.697
30062,1000,50,-1,0,0
22607,1200,120,-6.893654271,0,1.215537244
50838,1500,50,-4.924038765,0,-0.868240888
151,3000,50,-7.969558,0,-0.697246
40532,600,60,-0.984807753,0,-0.173648178
12597,1500,50,-6,0,0
67745,2000,50,-4.924,0,0.868
96154,1000,50,-7.969558,0,-0.697246
121221,5000,50,-4,0,0
25844,1000,50,-4,0,0
26000,1000,50,-7,0,0
107906,2500,50,-2.984,0,0.314
2,1000,50,-7.989,0,-0.419
48583,1000,50,-4,0,0
100226,2500,50,-4,0,0
21331,1000,50,-4.9572243,0,0.652631
241037,5000,50,-6,0,0
130887,2500,50,-2.971,-0.414,0
56556,1000,50,-8.9658,0,0.7848
24939,2000,50,-2.970804206,0.417519303,0
46610,2500,50,-3,-0.315,0
18837,1000,50,-5.9088,0,-1.0416
136358,2000,50,-3,0,0
11856,400,100,-0.984807753,0.173648178,0
32,2000,50,-3,0,0
88498,1000,50,-4.987820251,0,0.348782369
23067,1000,50,-1,0,0
62685,2000,50,-0.996,0,0.087
107151,1000,50,-4.98,0,-0.4357
205144,2000,50,-8,0,0
62981,2000,50,-2.954423,0.520945,0
21555,1000,50,-1,0,0
73,1000,50,-1,0,0
20152,600,60,-1,0,0
126013,2500,50,-9,0,0
16832,1000,50,-3.96107,0,-0.556692
79851,2000,50,-2.970804,0.417519,0
12,1000,50,-1,0,0
43293,1000,50,-2.99,0.16,0
44389,3000,50,4,0,0
103810,4000,80,-4.981,0,-0.436
112054,1500,50,-2.977638,0,0.365608
44086,1000,50,-2,0,-0.035
37151,2000,50,-4.987820251,0,-0.348782369
13540,1500,50,-2.998172,0.104698,0
27185,1000,50,-3,0,0
33006,1000,50,-4.987820251,0,0.348782369
260376,1500,50,-1,1,1
141534,2000,50,-5,0,0
17529,1000,50,-0.9993,0,-0.0348
29387,1000,50,-4,0,0
40567,2000,50,-9,0,0
64968,3000,50,-1.992,0.175,0
47070,2000,20,-1,0,0
54603,1000,50,-1.975,0,0.313
31650,2500,50,-4,0,0
138302,2000,50,-3,0,0
2,1000,50,-1,0,0
34483,1000,50,-1.997,0,0.105
36894,1000,50,-4.951340344,0,-0.695865505
79383,2000,50,-3,0,0
51353,2000,20,-9,0,0
95329,2500,50,-3,-0.105,0
39874,1000,50,-4.996954,0.174497,0
34882,1000,50,-2.97,0,0.417
348770,3000,50,4.98097349,0.435778714,0
96159,2000,50,-4.951340344,0,-0.695865505
51097,1000,50,-2.989,0,0.262
4,5000,50,-6,0,0
85214,1000,50,-9,0,0
71311,1500,50,-2.998172,-0.104698,0
16254,1000,50,-8,0,0
100655,1500,50,-3,0,0
2,1500,50,-2.992692,-0.209269,0
192640,3000,50,-4.981,0.4358,0
60870,2000,50,-2.998172,0,-0.104698
16062,1500,50,-7,0,0
60665,1500,50,-1,0,0
211483,3000,50,-2.968,0,0.468
58194,2000,50,-1,0,0
2,4000,80,-9.848,0,1.736
4,3000,50,-1,0,0
32224,1000,50,-5,0,0
6770,150,100,4,0,0
144,1000,50,-1,0,0
135,1500,50,-2.983565686,0.31358539,0
226079,2000,50,-0.985,0.174,0
129767,3000,100,-5.977168189,0,-0.522934456
93730,3000,50,-2.998,0,0.16
20892,1000,50,-3,0,0
27648,1000,50,-7.902,0,1.251
12484,1500,50,-10,0,0
39709,1500,50,-2.983566,-0.313585,0
9184,300,50,-3,0,0
20239,1000,50,-9,0,0
65216,1000,50,-4.938,0,-0.782
36013,2500,50,-3,0,0
39811,2000,50,-2.970804,0,0.417519
3,2000,50,-5,0,0
85339,1000,50,-3,0,0
18555,800,80,-4,0,0
9,80,100,4,0,0
36158,1000,50,-4,0,0
86724,1000,200,-4.698463104,0,1.710100717
17353,1000,50,-0.9993,-0.0348,0
79902,2000,50,-3.990256201,0.279025895,0
62513,3000,50,-4,0,0
14831,1000,25,-5,0,0
104240,2500,50,-2.993,0,0.209
74146,1000,50,-1,0,0
220050,2000,50,-9,0,0
44317,1000,50,-9,0,0
7096,150,100,4,0,0
61255,1200,120,-4.924038765,0,-0.868240888
120502,2000,50,-3.997563308,0.139597987,0
76418,1000,50,-4.957,0,0.6526
19229,1000,50,-4.993147674,0,0.261679781
20335,1500,50,-2,0,0
46364,2000,20,-0.96126,0,-0.275637
7999,150,100,4,0,0
23983,1000,50,-4.973,0,-0.523
210696,3000,50,-2.998,0,0.2163
46237,2000,20,-0.93969,0,-0.34202
21472,1000,25,-1,0,0
35775,1000,50,-7.989,0,-0.419
41856,2000,400,-6,0,0
162,1000,50,-2.954423259,0.520944533,0
74340,2000,50,-4.981,0,-0.436
49722,1500,50,-2.983566,0,-0.313585
233445,3000,50,-0.9848,-0.1736,0
199839,5000,50,-3,0,0
54955,1500,50,-4.972609477,0,0.522642316
119341,2000,50,-1,0,0
49648,1500,50,-4.996954135,0,0.174497484
33386,2000,50,-8,0,0
111938,4000,80,-1,0,0
100736,4000,80,-0.985,0,0.174
2,1000,50,-1,0,0
21635,1000,25,-4.92404,0,0.86824
12166,1500,50,-2.998172,0,-0.104698
33357,1000,50,-4,0,0
120931,2000,50,-2.983566,0,-0.313585
45936,1000,50,-4.972609,0,0.522642
297866,3000,50,-0.9962,0,0.0872
220951,3000,50,-8.9658,-0.7844,0
18181,1000,50,-3.99026,-0.279026,0
19552,1000,50,-9,0,0
150530,3000,50,4.962730758,0.609346717,0
24353,1000,25,-4.957224307,0.652630961,0
6157,150,100,4,0,0
17852,750,150,-2.819077862,1.02606043,0
49098,3000,50,-1,-9,0
28826,1000,50,-4.951340344,0,0.695865505
16558,600,60,-3,0,0
122448,2000,50,-2.983566,-0.313585,0
2,1000,50,-7.956,0,-0.836
142348,2000,50,-5,0,0
45627,2000,20,-0.96126,-0.275637,0
65297,3000,50,-2.977,-0.26,-0.26
10058,1000,50,-7,0,0
10788,200,100,1,0,0
25369,1000,50,-1.997,0,0.105
11524,4000,80,-9.848,-1.736,0
34754,3000,50,-1,3,0
19217,1000,50,-4.972609477,0,0.522642316
131282,2000,50,-0.985,-0.174,0
50074,1000,50,-1,0,0
93631,2000,50,-2,0,0
78827,1000,50,-2,0,0
177247,2000,50,-2.998172481,0.10469849,0
62658,1000,50,-8.9226,0,-1.1745
8473,200,50,4,0,0
93353,2500,50,-2.971,0,0.418
9614,400,100,-2.954423259,0.520944533,0
3807,150,100,4,0,0
138416,3000,100,-5.908846518,1.041889066,0
2,1000,50,-1,0,0
8117,150,100,4,0,0
53118,1000,50,-2.997,0,-0.1308
28242,1000,50,-6,0,0
69863,1500,250,-6.577848346,2.394141003,0
16662,1000,50,-7,0,0
25337,2000,50,-8,0,0
50054,2500,50,-3,-0.422,0
55687,1000,25,-4.924038765,0,0.868240888
46923,3000,50,3,0,0
63036,2000,20,-3,0,0
244198,3000,50,-8.9658,0,-0.7844
26433,1000,50,-2,0,0
19620,1000,50,-0.9925,-0.1218,0
243846,3000,50,-0.9962,0.0872,0
142418,2000,50,-10,0,0
56327,1500,50,-4.972609477,0,-0.522642316
605351,10000,100,4,0,0
89194,1000,25,-5,0,0
21497,1000,50,-4.9809735,0,-0.4357787
51225,1000,50,-3,0,0
35380,1000,100,-4.98097349,0,0.435778714
114034,4000,50,-1,0,0
29168,1000,50,-4.951340344,-0.695865505,0
53186,2000,20,-2,0,0
2,4000,80,-9.848,0,-1.736
90286,3000,50,-5.997,0,-0.321
106298,4000,80,-0.985,0,-0.174
27668,1000,50,-4,0,0
26796,3000,100,-1,0,0
522,3000,50,-6,0,0
17086,600,60,-0.996194698,0,0.087155743
360467,3000,50,-2,0,0
46708,2000,20,-0.93969,0,0.34202
3465,150,100,4,0,0
69218,1000,50,-4.963,0,-0.609
204,1000,50,-1,0.1,0.2
47856,2500,50,-2.954,0,-0.521
69251,1000,25,-4.97261,0,-0.52264
52194,2000,50,-10,0,0
22569,300,50,-1,0,0
98150,2000,50,-4.924,0.868,0
65050,2000,50,-3.978087582,0,-0.418113853
40056,1000,50,-5.99,0,-0.32
293811,4000,80,-9.962,0,-0.276
53089,1500,20,-10,0,0
17,1000,50,-5,0,0
2,1000,50,-7.989,0,-0.419
81630,2000,50,-4.924,-0.868,0
178337,2000,50,-1,0,0
1,1000,50,-1,0,0
18732,1000,50,-4,0,0
18558,1000,50,-3,0,0
172275,1500,50,-1,0,-0.5773
120499,1000,50,-7.878462,0,-1.389185
56991,3000,100,-9,0,0
94220,1500,50,-4.99315,0,0.26165
51768,3000,50,9,0,0
1,1000,50,-7.989,0,0.419
72492,2000,50,-9.848,-1.736,0
66836,3000,50,-1.997,0,0.1048
2894,50,50,1,0,0
52872,2000,50,-2.998172481,0,0.10469849
12346,150,100,4,0,0
64275,1000,50,-4.951340344,0.695865505,0
7632,1000,50,-1,0,0
55483,1000,50,-4.972609477,0,-0.522642316
76395,1000,50,-4.924,-0.868,0
15152,600,60,-0.996194698,0,-0.087155743
28167,1000,50,-3,0,0
71685,2000,50,-4.924,-0.868,0
22792,3000,50,-1,0,0
3204,150,100,4,0,0
841,2000,50,1,0,0
54109,2000,20,-6,0,0
4182,1000,50,3,0,0
182999,1500,50,-0.996,0,0.087
628,3000,50,-4,0,0
54649,1000,50,-4.972609477,0,0.522642316
92684,2000,50,-9.962,0.276,0
13058,1500,150,-4,0,0.5
26272,1000,50,-4.987820251,0,-0.348782369
6234,150,100,4,0,0
114184,2000,50,-4.981,0,-0.436
61681,2500,50,-2.998,-0.105,0
55542,2000,50,-9,0,0
6417,2000,50,-5,0,0
63648,2000,50,-4.951340344,0.695865505,0
68598,2000,50,-4.981,0.436,0
42968,1000,50,-2.95,0.52,0
81416,2000,50,-2.983565686,0.31358539,0
17601,1000,50,-1,0,0
24583,1000,50,-3,0,0
19786,1000,50,-3.99026,0,0.55669
84598,2000,50,-8,0,0
82881,2000,50,-1,0,0
48820,1500,50,-4.951340344,0,0.695865505
111308,4000,80,-0.996,0,0.087
207407,3000,50,-9,0,0
103089,1000,25,-4.924038765,-0.868240888,0
143755,3000,100,-5.908846518,-1.041889066,0
64378,2000,50,-2.970804,0,0.417519
37180,1500,50,-2.983566,0,-0.313585
153390,2500,50,-2.984,-0.312,0
44642,1000,50,-2.98,0,0.26
31306,2000,50,-9.962,0,1.736
34895,4000,80,-4.981,0,0.436
46733,600,60,-2,0,0
44915,2000,50,-9.962,0,0.276
31378,1000,50,-9,0,0
57381,2000,50,-2.954423,0.520945,0
469,10,5,-1,0,0
45499,1500,50,-4.924038765,0,0.868240888
35002,1000,50,-4,0.64,0
13323,600,150,-0.984807753,0,-0.173648178
34261,1000,50,-4,0,0.64
1,1000,50,-7.956,0,-0.836
182,1000,50,-8,0,0
39443,1500,50,-2.983566,0,-0.313585
70831,2000,50,-2.970804206,-0.417519303,0
15104,1500,150,-4,0,1
17364,800,200,-2.954423259,0,-0.520944533
64688,2500,50,-2.993,-0.209,0
2,1000,50,-1,0,0
15541,1000,50,-4,0,0
70771,2000,50,-2.95,0.52,0
1,2000,20,-2.81908,0,-1.02606
14655,1500,150,-4,0,-0.7
157545,2000,50,-4.981,-0.436,0
18692,4000,80,-9.962,0.276,0
238901,3000,50,-0.9848,-0.1736,0
107051,1500,300,-6.577848346,0,2.394141003
15375,1000,50,-4.972609477,0,-0.522642316
32878,1500,50,-3,0,0
4159,100,100,4,0,0
20436,1000,50,-4.924,0,0.8682
198,3000,50,-8,0,0
53740,3000,600,-6.893654271,0,-1.215537244
27928,1000,50,-7.878462024,0,-1.389185421
63494,1000,50,-4.98,0,0.4357
108,1000,50,-2.983565686,0.31358539,0
38,2000,50,-1,0,0
36623,1000,50,-2.98,0.26,0
37914,1000,50,-1.975,0,0.313
249399,2000,50,-4.924,-0.868,0
99832,2000,50,-6,0,0
50066,1000,50,-9,0,0
58081,1500,20,-3,0,0
33140,1000,50,-4.987820251,0,0.348782369
138058,1000,50,-4.98,0.4357,0
61932,1000,50,-2.989,0,-0.262
31877,2000,50,-2.970804,0,-0.417519
24310,1000,50,-8,0,0
96652,2000,50,-7,0,0
37470,2000,50,-9.962,0,-9.962
237810,2000,50,-4.981,0,0.436
59580,1000,50,-6,0,0
47184,1500,50,-2.970804206,0.417519303,0
106250,2000,50,-2.970804,0,-0.417519
77434,3000,50,-6,0,0
71180,1000,50,-3,0,0
25748,1000,50,-7.989,0,-0.419
48005,1000,50,2.97,0,-0.417
24807,1000,50,-3,0,0
84647,3000,50,-4.962730758,0,-0.609346717
24251,1000,50,-1.989,0,0.209
334904,3000,50,-8.9658,-0.7844,0
318468,5000,50,-7,0,0
85375,1500,50,-7,0,0
74296,2000,50,-2.998172481,0,-0.10469849
22220,1000,25,-4.995241108,0,-0.218096937
53099,1000,50,-4.981,0,-0.436
105529,2500,50,-2.998,0,-0.105
45578,2000,20,-1,0,0
22544,1000,50,-4.9952411,0,-0.2180969
50496,1500,50,-4.972609477,0.522642316,0
31762,1200,120,-6.893654271,0,-1.215537244
35618,1000,50,-0.996,0,0.087
151727,2000,50,-3,0,0
82982,2000,50,-6,0,0
181204,2000,50,-5,0,0
51506,1500,50,-2.954423,0,0.520945
46839,1000,50,-2,0,0
61973,3000,100,-6,0,0
132109,2000,50,-7,0,0
15627,1000,50,-4.938441703,0,-0.782172325
32552,1000,50,-0.9848,0,0.1736
25963,1000,50,-7.989036278,0,-0.41868765
94983,1000,25,-4.995241108,-0.218096937,0
145783,1000,50,-4.993147674,0,-0.261679781
21375,1000,50,-5,0,0
17612,800,80,-2.988584094,0,-0.261467228
69474,1500,50,-4,0,0
104431,1000,50,-4.957,-0.6526,0
59351,1000,50,-2.98,0,-0.26
34612,2000,50,-4.987820251,0.348782369,0
18589,1000,50,-7,0,0
62070,1000,50,-7,0,0
2,1000,50,-7.902,0,1.251
60509,2000,50,-9,0,0
2,1500,50,-2.988584,0.261467,0
16985,1000,50,-4,0,0
112184,2000,50,-2.970804,-0.417519,0
73,1000,50,-4,0,0
6781,150,100,10,0,0
38,1500,50,-2.954423259,0.520944533,0
17922,1000,50,-0.9993,0,0.0348
62390,2000,50,-2.983565686,0,-0.31358539
18251,1000,25,-4.957224307,0,-0.652630961
4786,1000,50,3,0,0
181320,3000,50,-4.924,-0.8682,0
12138,2000,50,-2.970804,0.417519,0
18792,4000,80,-9.962,-0.276,0
45002,2500,50,-2.954,0.515,0
28678,1000,50,-7.956175163,0,0.836227706
36908,1500,50,-2.970804,0,0.417519
17291,1000,50,-10,0,0
88175,1000,50,-4.987820251,0.348782369,0
17684,1000,50,-4,0,0
17933,800,80,-6,0,0
25772,1000,50,-7.989036278,0,-0.41868765
58250,2000,50,-4.972609,0,0.522642
247786,3000,50,-8.8633,0,-1.5628
42596,1000,50,-4.981,0,0.436
62611,2000,50,-2.98,-0.26,0
66953,2000,50,-4.924,0,0.868
10898,1500,50,-2.988584,0,-0.261467
30391,1000,50,-4.951340344,0,0.695865505
51921,2000,20,-1,0,0
171,1000,50,-6,0,0
76879,1000,50,-9,0,0
15335,1000,25,-3,0,0
143,1000,50,-1,0,0
33213,1000,50,-4.9809735,0,0.4357787
99200,2000,50,-4.924,0,-0.868
2,1000,50,-1.997,0,0.105
1,1000,50,-1.997,0,-0.105
54992,2000,20,-4,0,0
3738,100,100,-8,0,0
2,1000,50,-3.5,0,0.49
137331,2000,50,-8,0,0
1,2000,20,-2.98357,0,0.313585
23026,1000,50,-7.956,0,-0.836
26442,1000,50,-7.989,0,-0.419
94815,1000,50,-7.956175163,0,0.836227706
36157,1000,50,-3,0,0
51821,1500,20,-6,0,0
30771,1000,50,-7.878462024,0,1.389185421
44976,3000,50,-1,-7,0
10697,500,125,-0.984807753,0,0.173648178
69963,1000,25,4.995241108,0,0.218096937
88546,1000,50,-1,0,0
59644,2500,50,-2.993,0.209,0
7489,150,100,4,0,0
19212,1000,50,-6,0,0
78894,2500,50,-2.984,0.312,0
4534,150,100,4,0,0
7871,150,100,1,0,0
132596,3500,50,-9,0,0
63757,3000,50,-1.997,0.1048,0
227543,3000,50,-9,0,0
19669,1000,50,-1,0,0
172,1000,50,-9,0,0
26515,1000,50,-7.902,0,-1.251
14758,2000,50,-1,0,0
59076,1000,50,-5.9484,0,0.783
23032,1000,50,-0.9848,0,-0.1736
235000,3000,50,-8.8633,1.5628,0
45671,3000,50,7,0,0
80972,2000,50,-2.954423,0.520945,0
156282,2500,50,-2.993,-0.209,0
77352,1500,50,-1,0,0
43372,1000,50,-7,0,0
568922,1000,50,-2.99,0,-0.16
175655,3000,100,-5.908846518,0,1.041889066
46891,2000,20,-0.98481,0,-0.173648
74592,2000,50,-5,0,0
45974,2000,20,-0.98481,0,0.173648
35034,1000,50,-4.972609,-0.522642,0
51891,1500,50,-4.996954135,0,-0.174497484
24109,1000,25,-7,0,0
34982,500,50,-1,0,0
36345,1000,50,-4.972609,0.522642,0
70739,2500,50,-5,0,0
32874,5000,50,-1,0,0
44055,1000,50,-4.998,0,0
16033,1500,50,-2,0,0
37358,1000,50,-2.95,0,-0.52
3,2000,20,-2.95442,0,-0.520945
92272,2000,50,-2,0,0
104095,1500,50,-3,0,0
64379,1000,50,-8,0,0
48093,1500,50,-1,0,0
299526,4000,80,-9.962,0,0.276
81311,1500,50,-4.996954135,0,0.174497484
38491,1000,50,-3,0,0.1
12716,1500,50,-2.998172,0,0.104698
27529,1000,50,-7.989036278,0,0.41868765
22421,1000,50,-4.995,0.218,0
48371,1000,50,-2,0,0
17705,1000,50,-8,0,0
45256,1000,50,-7,0,0
66736,3000,50,-1.997,0,-0.1048
3878,100,50,-5,0,0
51664,900,180,-4.698463104,1.710100717,0
99387,3000,50,-8,0,0
57365,1500,20,-5,0,0
41800,1000,50,-7.999,0,-0.14
31181,1000,50,-4.996954,0.174497,0
58080,1000,50,-7.98904,0,0.418688
46184,2000,50,-9.962,0,0.276
124913,2500,50,-8,0,0
36965,1000,50,-2,0,0
45667,1000,50,-4.972609,0,-0.522642
90309,1000,25,-4.995241108,0.218096937,0
24775,1000,25,-1,0,0
130206,3500,50,-8,0,0
43671,1000,50,-10,0,0
51375,2000,20,-10,0,0
7623,150,100,4,0,0
34421,2000,50,-9,0,0
24288,1000,25,-4.997,0,0.1745
51563,1000,50,-1,0,0
9397,300,50,6,0,0
214086,3000,50,-8.9658,0,0.7844
33783,1000,50,-3,0,0
63766,3000,50,-1.992,0.175,0
288102,3000,50,-5,0,0
87952,3000,50,-2.99,0.16,0.16
14072,1500,150,-4,0,-0.7
21122,1000,25,-4.92404,0,-0.86824
73374,2000,50,-2.992692,0,0.209269
63346,1000,50,-5.9484,0,-0.783
96,1000,50,-7.878462,0,1.389185
18693,1000,50,-6,0,0
621,2000,50,-2.983565686,0.31358539,0
100,1000,50,-7.969558,0,-0.697246
26889,1000,50,-3.93923,0,0.6945927
124463,1000,50,-8,0,0
19965,1000,50,-3.99026,0.279026,0
31341,1200,120,-2.954423259,0,0.520944533
34308,3000,50,5,0,0
13306,1500,50,-3,0,0
2,1000,50,-1,0,0
50615,1500,20,-4,0,0
94954,2000,50,-4.924,0,0.868
51507,1500,50,-4.987820251,0,0.348782369
37464,1500,50,-2.970804,0.417519,0
30053,1000,50,-4.951340344,0.695865505,0
75188,1000,25,-9,0,0
31677,1000,50,-4.996954,0,-0.174497
50941,1000,50,-4.999,0,-0.087
7074,2000,50,-2.954423,0,0.520945
49894,1500,20,-8,0,0
2,2000,50,-2.970804,0.417519,0
28316,1000,50,-8,0,0
104304,1500,50,-4.9627,-0.60935,0
29941,1000,50,-10,0,0
124738,1000,50,-4.995,0,0.218
6106,1500,50,-2.988584,0,0.261467
25209,1000,50,-7.956175163,0,-0.836227706
19861,1000,50,-5,0,0
5,1000,50,-4.98,0,0.4357
36351,1000,50,-3.96107,0,0.556692
15635,1500,50,-4,0,0
29934,1000,50,-5,0,0
41236,1500,300,-4.924038765,0,-0.868240888
39889,1500,50,-1,0,0
58660,1000,50,-8,0,0
98855,1000,50,-5,0,0
89858,1500,50,-4.99315,0,-0.26165
65486,3000,50,-1.992,0,0.175
4651,1000,50,3,0,0
25640,1000,50,-3.96107,0,0.556692
55963,2000,50,-3.961072275,0,-0.556692404
31422,1000,50,-2.970804206,0.417519303,0
34006,1500,50,-4,0,0
39953,1000,50,-5,0,0
25093,1000,50,-4.938,0,0.782
111727,2000,50,-4.981,0.436,0
47459,1000,50,-2.99,-0.26,0
53662,1000,50,-4.938441703,0,-0.782172325
25174,800,80,-7,0,0
86749,3000,100,-1.701973113,-5.753545648,0
13841,2000,2000,-4,0,0
40053,2000,50,-2.970804,0.417519,0
226869,3000,50,-0.9848,0.1736,0
99146,1000,50,-4.98,-0.4357,0
129,1000,50,-5,0,0
204951,1500,50,-1,0.364,0
71588,1000,100,-4.98097349,0.435778714,0
2,1000,50,-1,0,0
35872,1000,50,-7.989,0,0.419
25798,3000,50,-1,0,0
147,1000,50,-1,0,0
48961,1000,50,-1.997,0,-0.105
7,1500,50,-2.983566,-0.313585,0
16732,2000,2000,-4,0,-1
32418,1000,50,-1,0,0
128717,3000,100,-5.977168189,0,0.522934456
16970,1000,50,-7.902,0,-1.251
5877,100,100,4,0,0
233197,3000,50,-1,0,0
83897,2000,50,-4,0,0
48968,1000,50,-1.997,0,0.105
80237,1500,50,-2.992692151,-0.209269421,0
106390,2000,50,-4.924,-0.868,0
81802,3000,50,-4.981,0,0.4358
70875,1500,50,-3,0,0
55428,1000,50,-4,0,0
26374,1000,50,-3,0.42,0
50838,1500,50,-4.972609477,0,-0.522642316
16898,1000,50,-5,0,0
58263,2000,50,-4.924,0,-0.868
50754,2000,50,-10,0,0
46792,1000,50,-10,0,0
34340,1000,50,-1,0,0
39046,1500,50,-10,0,0
34127,1000,50,-1.992,0,0.174
41820,1000,50,-5,0,0
97153,1000,50,-5.994,0,-0.2616
37967,2500,50,-5,0,0
46548,1500,50,-2.998172481,-0.10469849,0
34611,1500,50,-5,0,0
3403,150,100,4,0,0
12234,1500,50,-2.955889,-0.157008,0
58208,1000,50,-4.996954,0,-0.174497
84722,1000,50,-3,0,0
20229,3000,100,-1,0,0
83,1000,50,-1,0,0
26701,1000,50,-4.951340344,0,0.695865505
63606,1500,50,-4.996954135,-0.174497484,0
21362,1000,50,-6,0,0
37096,1000,50,-4,0,0
16860,3000,300,-4,0,0
29934,1000,50,-0.9961,0,-0.0871
51312,1000,50,-2,0,0
19683,1000,50,-10,0,0
44230,3000,50,-1,-3,0
3,1500,50,-2.983566,0,0.313585
36537,1000,50,-2.998,0.16,0
20492,1000,50,-0.9925,0,0.1218
123837,1000,50,-6,0,0
51257,1500,50,-4.98097349,0,0.435778714
66998,1000,50,-1,0,0
14810,600,60,-0.996194698,0.087155743,0
19935,1000,50,-3,0,0
68337,3000,50,-1,0,0
36337,1000,50,-4.987820251,-0.348782369,0
61045,3000,50,-2.977,-0.26,0.26
25244,1000,50,-1,0,0
8,80,50,4,2,1
111231,4000,80,-4.924,0.868,0
56857,1000,50,-4.981,0,-0.4358
61317,2000,50,-2.983566,0,0.313585
106288,2500,50,-7,0,0
50754,1500,50,-2,0,0
18591,3000,50,-1,0,0
75210,2000,50,-2.992692151,0,-0.209269421
45811,1500,20,-1,0,0
25225,1200,120,-4.924038765,0.868240888,0
74757,2000,50,-8,0,0
99918,2500,50,-5,0,0
10762,500,125,-0.939692621,0,-0.342020143
51510,2000,50,-3.939231012,0.694592711,0
18290,1000,25,-7,0,0
2,2000,20,-2.95442,0,0.520945
1,1000,50,-7.902,0,-1.251
62106,2000,50,-4.972609,0.522642,0
33482,1000,50,-10,0,0
2764,50,50,1,0,0
35182,1000,50,-4.951340344,0.695865505,0
63446,2000,50,-5,0,0
89163,2000,50,-2.992692,0,-0.209269
191213,2000,50,-0.996,-0.087,0
136164,2000,50,-4,0,0
33123,2000,50,-2.983566,0.313585,0
1,2000,20,-2.81908,0,1.02606
29691,1000,50,-3,0,0
99772,2000,50,-4.981,0.436,0
32027,1000,50,-2,0,0.035
62118,3000,100,-5.908846518,0,1.041889066
74385,2000,50,-4.924,-0.868,0
85734,3000,100,5.034429174,3.264126665,0
130185,4000,800,-8,0,0
37185,1000,50,-7,0,0
37810,1000,50,-6,0,0
3781,50,50,1,0,0
80565,2000,50,-4.981,-0.436,0
24588,3000,50,-1,0,0
71946,2000,50,-4.981,0,0.436
76975,1500,50,-4.996954135,0,-0.174497484
10524,1500,50,-2.955889,0,0.157008
46340,1000,50,2.97,0.417,0
112756,3000,100,5.034429174,-3.264126665,0
100112,3000,100,-1.701973113,0,-5.753545648
26383,3000,50,-1,0,0
218085,1500,50,-5,0,0
88056,1000,50,-5.9772,0,0.5232
56628,2000,50,-0.996,-0.087,0
36374,1200,120,-2.954423259,0.520944533,0
11935,1500,50,-2.955889,0.157008,0
42806,2000,50,-4.951340344,0,0.695865505
21690,1000,50,-7.956,0,0.836
65010,2000,50,-2.970804206,0,0.417519303
8206,150,100,4,0,0
102986,4000,80,-5,0,0
8,1000,50,-3,0,0.42
24336,1000,50,-3,0,0.42
24,2000,50,-2.992692151,0,-0.209269421
100721,2000,50,-4.924,0,-0.868
49724,1000,50,-7.94,0,0.975
159602,2000,50,-4.924,0.868,0
120793,1500,50,-2.995889,0.157008,0
25255,1000,50,-7.7240661,0,2.070552361
124713,3000,50,-3,0,0
20059,1000,50,-8,0,0
53661,1000,50,-5.9772,0,-0.5232
85476,3000,50,-7,0,0
20442,1000,50,-4.9240388,0,0.8682409
194513,2000,50,-0.985,0,0.174
58154,2000,50,-5,0,0
34294,1000,50,-1,-0.1,-0.2
55082,2500,50,-2.998,0.105,0
13226,1500,150,-4,0,0.5
20378,1000,50,-8,0,0
109443,2000,50,-3.961072275,0.556692404,0
48910,1500,50,-2.992692151,0,-0.209269421
2,1500,50,-2.992692,0,-0.209269
57863,1500,50,-4.951340344,-0.695865505,0
226075,3000,50,-0.9962,-0.0872,0
48062,1000,50,-4.951340344,0,-0.695865505
67041,3000,50,-1.992,0,0.175
57872,1000,50,-7.87846,0,1.38919
70208,1000,25,-4.924038765,0,-0.868240888
65107,2000,50,-2.95,0,-0.52
3147,100,50,-1,0,0
107726,1500,50,-2.977638,0,-0.365608
20163,1000,50,-4.993147674,0,-0.261679781
57491,2000,50,-4.972609,0,-0.522642
68327,1000,50,-4.924,0,-0.8682
38,1500,50,-2.970804206,0.417519303,0
125067,1000,50,-10,0,0
290782,3000,50,-4.924,0,-0.8682
28450,1000,50,-8,0,0
20776,2000,50,-2.970804,0,0.417519
277,2000,100,4,0,0
9453,200,50,4,0,0
55530,1000,50,-4.993147674,0,-0.261679781
132155,2500,50,-10,0,0
51368,1500,50,-4.972609477,0,0.522642316
61454,1000,50,-4,0,0
27540,1000,50,-2,0,0
298449,3000,50,-0.9962,0,-0.0872
114433,1000,50,-1,0,0
58656,2000,50,-5,0,0
64821,2000,50,-10,0,0
41162,1000,50,-2.99,0,0.16
3,5000,50,-2,0,0
24134,1000,50,-7.989,0,0.419
53190,2500,50,-2.954,0,0.521
3,2000,20,-2.88379,0,0.826912
34025,1000,50,-1,0,1
179265,1500,50,-3,0,0
46309,3000,500,-7,0,0
202,1000,50,-7.989036,0,-0.418688
188,2000,50,-7,0,0
87371,2000,50,-9.848,1.736,0
3,5000,50,-5,0,0
315,3000,50,-7.969558,0,0.697246
38464,1000,50,-2.983565686,-0.31358539,0
79279,1000,50,-3.99026,0,0.55669
95986,2000,50,-4,0,0
87396,2000,50,-4.98097349,-0.453778714,0
14349,500,25,-5,0,0
32748,1000,50,-4.951340344,0,-0.695865505
211800,3000,50,-2.968,0,-0.468
154298,1500,50,-5,0,0
38358,2000,50,-4.987820251,-0.348782369,0
119091,1500,50,-2.988584,-0.261467,0
42343,1000,50,-2.0003,0,0
41051,2500,50,-2,0,0
106674,3000,100,5.034429174,0,3.264126665
12002,4000,80,-10,0,0
1,2000,20,-2.98357,0,-0.313585
232660,5000,50,-2,0,0
36529,1500,50,-2.983566,-0.313585,0
12507,500,25,-1,0,0
69536,2000,50,-2.992692,0,-0.209269
284672,3000,50,-0.9848,0,0.1736
6385,150,100,4,0,0
107430,1500,50,-2.995889,0,0.157008
50680,1500,50,-4.924038765,0,-0.868240888
6318,150,100,4,0,0
145502,3000,100,-5.977168189,0.522934456,0
26874,1000,50,-9,0,0
35273,1200,120,-6.973362887,0.610090199,0
33237,1000,50,-1,0.1,0.2
0,2000,20,-5,0,0
64473,2000,50,-2.992692,0,0.209269
27320,1000,25,-0.4997,0,-0.1745
26623,1000,50,-4.951340344,0,-0.695865505
6623,150,100,10,0,0
85,4000,80,-0.985,0.174,0
25992,2000,100,1,0,0
91253,3000,100,5.034429174,0,-3.264126665
17758,1000,50,-3.96107,-0.556692,0
101,1000,50,-1,0,0
58466,2000,50,-2.970804206,-0.417519303,0
14436,1000,50,-3,0,0
94304,1500,50,-4.99315,0.26165,0
3,3000,50,-0.9848,0.1736,0
59525,3000,50,-2.998,-0.261,0
180464,3000,50,-4.924,0,0.8682
61627,2000,50,-4.924,0.868,0
64709,1000,50,-4.993,0,-0.262
36691,1000,50,-1.975,0,-0.313
62918,2000,50,-2.99,0,0.13
3462,150,100,4,0,0
24044,1000,50,-3.96107,0.55669,0
37818,1200,120,-0.984807753,0,0.173648178
6749,150,100,4,0,0
23466,1000,50,-5,0,0
182457,2000,50,-0.996,0.087,0
213892,1500,50,-1,0.5773,0
1183,15,10,4,0,0
51142,3000,100,-6,0,0
56958,2000,50,-2.992692,-0.209269,0
54953,1000,50,-5.994,0,-0.2616
19724,500,25,-5,0,0
41022,2000,50,-4.981,0,0.436
162791,1000,50,-1,0,0
29734,1000,50,-5,0,0
130721,2000,50,-2,0,0
49213,3000,50,-1,-1,0
6132,150,100,4,0,0
24252,1400,350,-6.893654271,0,1.215537244
133173,2000,50,-4.98097349,-0.453778714,0
63874,1000,50,-2.973,0,-0.392
45770,2000,20,-0.93969,-0.34202,0
30946,1000,50,-8,0,0
44837,1000,50,-4.987820251,0,-0.348782369
13484,1500,150,-4,0,0.5
63886,1500,50,-2,0,0
49167,1500,50,-4.996954135,0.174497484,0
30820,1000,50,-7.97,0,0.697
64261,2000,50,-3.997563,0,-0.139597
73585,1000,50,-1,0,0
101245,2500,50,-2.993,0,-0.209
46481,2000,20,-0.99452,0,0.104528
64688,1000,50,-1,0,0
53480,1500,20,-9,0,0
33563,1000,50,-6,0,0
26798,2000,50,-1,0,0
46004,2000,20,-0.98481,-0.173648,0
56300,3000,50,-1.997,0.105,-0.105
19322,1000,250,-4.924038765,0.868240888,0
195414,3000,50,-1,0,0
1,1500,50,-2.992692,0.209269,0
75808,2500,50,-2.998,0,0.105
45509,1500,50,-1,0,0
20820,1000,25,-4.98097349,0,0.435778714
19111,4000,80,-10,0,0
109343,4000,80,-4.924,-0.868,0
29081,1000,50,-7,0,0
78413,1500,50,-3.990256,0,0.279025
27478,3000,50,-1,0,0
68749,2000,50,-4.924,-0.868,0
28182,3000,50,-1,0,0
3660,50,50,1,0,0
35442,1000,50,-1.985,0,0.244
179159,3000,50,-4.924,0.8682,0
30179,2000,50,-9.848,0,-1.736
15915,1500,50,-9,0,0
143,1000,50,-4,0,0
243180,1500,50,-1,0,1
17236,1000,50,-4.972609477,0,0.522642316
31363,1000,50,-4.951340344,0.695865505,0
19316,1000,50,-4.924,0,-0.868
42770,2000,25,-5,0,0
52972,1500,50,-4.924038765,-0.868240888,0
25009,1000,50,-3,0,0
24231,300,100,-1,0,0
33604,1000,50,-0.9961,-0.0871,0
2,1500,50,-2.992692,0,0.209269
382,1000,50,3,0,0
23954,1000,50,-3,0,0
75854,2000,50,-2.98,0,-0.26
88637,3000,100,-1.701973113,5.753545648,0
24861,1000,50,-5,0,0
31563,1000,50,-4.996954,-0.174497,0
21188,1000,50,-2,0,0
46759,3000,50,1,5,0
29090,1000,50,3,0,0
46650,1000,50,-7.902,0,-1.251
21160,500,20,-1,0,0
44925,1000,25,-4.924038765,0,0.868240888
13154,1500,50,-1,0,0
15846,150,100,4,0,0
44255,1000,50,-6.998,0,0
255193,3000,50,5,0,0
51206,2000,50,-3.939231012,0,-0.694592711
20918,1000,50,-3.99026,0,0.279026
73438,1000,50,-4.995,0,-0.218
216054,3000,50,-8.9658,0.7844,0
122494,2000,50,-9,0,0
71416,2000,50,-2.998172,-0.104698,0
293855,2000,50,-2.998172,0.104698,0
29490,1000,50,-1.997,0,-0.105
26424,1500,50,-9,0,0
96532,2000,50,-4.987820251,0,-0.348782369
86940,1000,50,-6,0,0
57287,2000,50,-4.951340344,0.695865505,0
109694,1500,50,-2.988584,0,-0.261467
73814,1000,50,-9.99,0,0
12326,1500,50,-5,0,0
17516,1000,50,-6,0,0
26650,1500,100,-5.908846518,0,1.041889066
13724,1500,50,-5,0,0
57956,2000,50,-4.951340344,0,-0.695865505
47874,1000,50,-3.96107,0.55669,0
24286,1000,25,-5,0,0
92306,1500,50,-4.99315,-0.26165,0
136462,2000,50,-7,0,0
132862,2000,50,-8,0,0
12,2000,50,-2.970804,0,-0.417519
19881,1000,50,-7,0,0
137504,3000,50,-1,0,0
35967,1000,50,-4.987820251,0.348782369,0
159,1000,50,-2.970804206,0.417519303,0
2,1500,50,-2.954423,0,0.520945
93516,3000,100,-1.701973113,-5.753545648,0
65220,1000,50,-1,0,0
157787,1500,50,-1,0,0.5773
97183,1000,50,-2,0,0
31467,1200,120,-2.954423259,0,-0.520944533
88898,4000,80,-0.996,-0.087,0
289,3000,50,-2,0,0
43988,1000,50,-3,0,0
45750,1000,50,-3,0,0
52425,1000,50,-4.938441703,0,0.782172325
38439,2000,50,-4.987820251,0,0.348782369
2,1000,50,-7.898,0,-0.419
21985,2000,50,-2.954423259,0.520944533,0
46662,2000,50,-10,0,0
32045,1000,50,-4.9572243,0,-0.652631
1,2000,20,-3,0,0
54472,3000,50,-0.996,-0.087,0
26935,1200,120,-0.984807753,0.173648178,0
20705,1000,50,-0.9925,0,-0.1218
60341,1200,120,-0.984807753,0,0.173648178
69374,1000,50,-4.957,0,-0.6526
55115,1000,50,-1,0,0
70340,1000,50,-0.9961,0.0871,0
20658,1000,50,-3.99026,0,-0.279026
315761,3000,50,-4.981,0,-0.4358
10450,500,25,-5,0,0
81848,2000,50,-7,0,0
343818,5000,50,-8,0,0
34424,1000,50,-8,0,0
194564,3000,50,-4.981,-0.4358,0
2,1000,50,-1,0,0
15832,750,150,-2.819077862,0,-1.02606043
26563,4000,80,-4.924,0,0.868
39969,1000,50,-2.97,0,-0.417
49771,2000,50,-3.99025,0,-0.279025
17792,1000,50,-4.938441703,0,-0.782172325
117834,1500,50,-2.954423,0.520945,0
65110,3000,50,-1.992,0,-0.175
44404,1500,50,-2,0,0
64504,2000,50,-2.992692,0.209269,0
138616,2000,50,-4,0,0
12136,1500,50,-1,0,0
71703,1000,50,-0.9848,0.1736,0
55386,1000,50,-0.9961,0,-0.0871
75269,1600,400,-6.577848346,0,-2.394141003
73253,1000,50,-3,0,0
36656,1000,50,-2,0,0
45643,1000,50,-4.951340344,0,0.695865505
24994,1000,50,-7.902,0,1.251
1,1000,50,-7.956,0,-0.836
42580,1000,50,-4.996954,0,0.174497
156174,2000,50,-1,0,0
53449,2000,50,-2.954423259,0,0.520944533
56065,1000,50,-8.991,0,-0.3924
26282,1000,50,-5,0,0
85880,1500,50,-2.995889,-0.157008,0
129474,2500,50,-2.998,-0.105,0
84310,1000,50,-1,0,0
127028,1000,50,-2.9544,0,-0.5208
81642,1000,50,-7.878462024,0,1.389185421
2,2000,50,-2.970804,-0.417519,0
29382,3000,50,-1,0,0
49771,1500,50,-4.987820251,-0.348782369,0
76665,2000,50,-2.99,0.13,0
37486,1000,50,-2.992,0,0.2092
38064,1000,50,-4.951340344,-0.695865505,0
2,1500,50,-2.954423,0,-0.520945
29646,1000,50,-9,0,0
727,1000,50,-10,0,0
12614,700,50,-1,0,0
32952,1500,50,-6,0,0
192,1000,50,-2.983565686,0.31358539,0
5922,100,60,4,0,0
8458,150,100,4.9809,0.435778714,0
7584,150,100,4,0,0
21269,1000,50,-1,0,0
6693,150,100,2,0,0
7,1000,50,-1,0,0
51541,2000,50,-1,0,0
42636,1500,50,-3,0,0
23546,1000,50,-5,0,0
15386,800,80,-5,0,0
20285,1000,50,-5,0,0
26171,1000,50,-4.993,0,-0.262
50987,1000,50,-1.975,0,-0.313
25299,1000,50,-2,0,0
30271,500,125,-0.939692621,0.342020143,0
62183,2000,50,-4.951340344,-0.695865505,0
22563,1200,300,-4.924038765,0,0.868240888
13879,150,100,4,0,0
6178,150,100,4,0,0
23331,1000,50,-7.956,0,0.836
10216,1000,50,-3,0,0
210337,3000,50,-4.924,0.8682,0
26584,1000,50,-4,0,0
97012,4000,80,-0.985,-0.174,0
63469,1500,50,-4.996954135,0,0.174497484
221703,2000,50,-6,0,0
59348,2000,50,-1,0,0
88900,1000,50,-3,0,0
224009,3000,50,-8.9658,0,0.7844
50710,1000,50,-2.9544,0,0.5208
5952,150,100,4,0,0
1,1000,50,-7.902,0,1.251
41134,1000,250,-2.954423259,0,0.520944533
43972,2000,50,-10,0,0
63448,2000,50,-2.970804206,0.417519303,0
97956,2000,50,-4.924,0.868,0
4626,2000,50,-2.954423,0.520945,0
21440,1000,50,-4.9952411,0,0.2180969
3,1000,50,-1,0,0
80218,1000,50,-4.981,0,0.4358
26940,1000,50,-7.956,0,-0.836
30609,1000,50,-0.996,0,-0.087
32133,1000,50,-4.938,0,0.782
88709,1000,50,-4,0,0
2,1000,50,-1,0,0
44773,1000,50,-7.997,0,0
360,1000,50,3,0,0
50168,1000,50,-3,0,0
57895,2000,50,-1,0,0
178635,1500,50,-1,0,-0.364
1,1000,50,-7.989,0,-0.419
2,2000,50,-2.970804,0,0.417519
212130,3000,50,-2.998,0,-0.2163
14579,1500,150,-4,0,-2
67435,2000,50,-2.954423,0,0.520945
137090,2000,50,-5,0,0
31537,1000,50,-7.878462024,0,-1.389185421
55927,1500,50,-3,0,0
32387,5000,50,-1,0,0
90237,2000,50,-2.970804,0.417519,0
108818,1000,50,-0.996,-0.087,0
2,1500,50,-2.954423,-0.520945,0
150555,1000,50,-6,0,0
10721,200,100,1,0,0
31020,2500,50,-1,0,0
66046,2000,50,-2.983566,-0.313585,0
28655,1000,50,-7.956175163,0,-0.836227706
107571,2000,50,-4.981,0,0.436
29989,3000,50,-1,0,0
1431,150,100,4,0,0
21113,1500,50,-4,0,0
22911,1000,50,-7,0,0
144620,3000,100,-5.977168189,0.522934456,0
2,1000,50,-4,0,0
77781,1000,50,-7,0,0
133817,2000,50,-10,0,0
68035,2000,50,-2.98,0,0.26
47319,1000,50,-1,0,0
13726,1500,150,-4,0,-0.7
211185,3000,50,-2.998,0.261,0
246808,3000,50,-8.8633,0,1.5628
59015,2000,50,-2.992692151,0,0.209269421
112278,4000,80,-4.981,-0.436,0
139238,3000,100,5.034429174,0,-3.264126665
155987,3000,50,-1,0,0
27731,1000,100,-8,0,0
28399,4000,80,-4.924,0,-0.868
24596,1000,50,-4.993,0,0.262
54637,1500,20,-7,0,0
27517,1000,50,-7,0,0
94865,2000,50,-10,0,0
61381,1000,50,-8.8632,0,-1.5624
70369,1000,50,-2.98,0,-0.26
57564,1000,50,-5.994,0,0.2616
138762,2000,50,-0.996,0,-0.087
26921,1000,50,-8,0,0
183838,1500,50,-1,0,0.364
127759,3000,100,-5.908846518,0,-1.041889066
23918,1000,50,-4.9240388,0,0.8682409
2,1500,50,-2.954423,0.520945,0
47831,1000,50,-6,0,0
48482,1000,50,-1.989,0,-0.209
213432,1500,50,-1,0.176,0
60524,2000,50,-5,0,0
82186,4000,50,-1,0,0
37531,1000,50,-2.95,0,0.52
20822,1200,120,-4.924038765,0,0.868240888
20380,1000,50,-0.9925,0.1218,0
10191,1000,50,-5,0,0
8254,150,100,4,0,0
27713,1000,50,-1,0,0
24213,1200,120,-6.973362887,0,0.610090199
1,1500,50,-2.983566,0.313585,0
61046,2000,50,-4.972609,-0.522642,0
214909,5000,50,-1,0,0
129681,2500,50,-6,0,0
36987,1000,50,-2.992,0,-0.2092
2,1000,50,-7.956,0,0.836
23701,1000,50,-4.973,0,0.523
65218,3000,50,-3,0,0
33578,5000,50,-1,0,0
132128,2000,50,-0.985,0,-0.174
76327,1000,50,-2.997,0,-0.16
8693,1000,50,-1,0,0
59761,1000,50,-5.9088,0,1.0416
3558,150,100,4,0,0
136678,3000,100,-5.977168189,-0.522934456,0
164576,1500,50,-0.996,0,-0.087
64964,1000,50,-1,0,0
2,2000,20,-0.93969,0.34202,0
28974,150,50,-1,0,0
123449,2000,50,-3,0,0
172037,1500,50,-1,0,-0.176
67833,1000,50,-1.985,0,-0.244
59,1000,50,-5,0,0
43684,1500,50,-2.983566,-0.313585,0
17213,1000,50,-6,0,0
66229,3000,50,-1.992,0,-0.175
24939,1000,50,-6,0,0
61493,2000,50,-7,0,0
19236,1000,50,-3.99026,0,0.279026
44118,1000,50,-7.902,0,1.251
29426,1000,50,-3,0,0
33218,1500,50,-2,0,0
30595,1000,50,-6,0,0
150239,1500,50,-0.996,0.087,0
48738,1000,100,-3,0,0
187709,3000,50,-3,0,0
71159,2000,50,-7,0,0
14776,2000,50,-2.970804,-0.417519,0
98844,2500,50,-3,0,0
51207,1000,50,2.98,0,-0.3135
21570,1000,50,-0.9961,0.0871,0
65135,2000,50,-2.983566,0,-0.313585
30479,3000,50,-1,0,0
74367,1500,50,-4.9627,0.60935,0
3,1500,50,-2.988584,-0.261467,0
35416,2000,50,-10,0,0
16347,1000,50,-1,0,0
64767,2500,50,-4,0,0
10786,360,40,8,0,0
121612,2000,400,-4,0,0
24890,1200,300,-4.698463104,0,-1.710100717
33669,2000,50,-7,0,0
22358,1000,50,-9,0,0
24080,1000,50,-4.938,0,-0.782
225676,3000,50,-8.8633,-1.5628,0
45469,1500,50,-4.924038765,0.868240888,0
46244,2000,20,-0.99452,0,-0.104528
21993,1000,50,-5,0,0
70253,2000,50,-2.998172,0.104698,0
31198,3000,50,-1,0,0
17959,1000,50,-8,0,0
